No.,Position,Raffle
1973,1,TRZW94691
1972,1,HQCX17512
1971,1,XPCL76432
1970,1,TNXR81195
1969,1,JMVX35761
1968,1,MLVF43357
1967,1,HKBC34948
1966,1,TGVM82413
1965,1,ZHFC85173
1964,1,MFSN28364
1963,1,MFSL86286
1962,1,HDXK10438
1961,1,MWQH05021
1960,1,VBVX02939
1959,1,VZVM01994
1958,1,XXVR35343
1957,1,JWQS79345
1956,1,JVQK79821
1955,1,MTPT77035
1954,1,JSPT90870
1953,1,JRPN86253
1952,1,TQPZ58530
1951,1,VNNW79489
1950,1,MNMB39412
1949,1,VMMK52195
1948,1,MLLC65571
1947,1,JKKM12166
1946,1,JJJX61536
1945,1,TFKP87291
1944,1,XGMH78937
1943,1,XFMK92312
1942,1,HDLW29399
1942,2,JDHN51353
1942,3,JDHS32095
1942,4,TDKF86329
1942,5,VDJM18731
1942,6,VDJP03505
1942,7,XDLP87803
1942,8,XDLX35982
1942,9,ZDPS44091
1942,10,ZDQB94119
1941,1,TCJT60947
1940,1,MBGT03608
1939,1,HVHT22088
1938,1,JXFN60232
1938,2,JXFX71631
1938,3,MXFS69916
1938,4,MXFW14763
1938,5,TXHR61237
1938,6,TXHR64529
1938,7,VXGM64705
1938,8,XXJT76750
1938,9,ZXMR67088
1938,10,ZXNG69771
1937,1,TWGW38925
1936,1,JVDK84392
1935,1,XTHM58231
1934,1,VSCZ77991
1933,1,MRCK30785
1932,1,JQCB13299
1931,1,JPBM36493
1930,1,VJWQ15952
1929,1,HMFF79016
1928,1,HLDQ08867
1928,2,HLDV87527
1928,3,JKZB23069
1928,4,JLZC67854
1928,5,JLZG97793
1928,6,JLZK35885
1928,7,TLBW02597
1928,8,TLCH12618
1928,9,VLXX97263
1928,10,XKCV64479
1928,11,XKDB23868
1928,12,XLDS55221
1928,13,ZLFP22665
1927,1,MKXN67490
1926,1,MJWS56701
1925,1,VHVZ15809
1924,1,HGVX32794
1923,1,HFVG69795
1922,1,ZDTF34718
1921,1,MCSV74361
1920,1,VBSJ63892
1919,1,ZZRX94583
1918,1,ZXRW94875
1917,1,HWRT48678
1916,1,HVRM54507
1915,1,ZTQB95979
1914,1,MSPP05803
1913,1,MRPV67395
1911,1,HPNW21708
1910,1,ZNNH87879
1909,1,VMMQ91573
1907,1,ZKLT07723
1905,1,ZHLG35028
1904,1,JZHK63344
1903,1,HFKM19284
1900,1,MBJB69891
1899,1,ZZHN94414
1898,1,XXGW96165
1897,1,JWGH03530
1896,1,HVFV75870
1895,1,JTDW65011
1894,1,ZSCT91277
1892,1,JQCS42996
1891,1,HPCF58869
1889,1,ZMZX81378
1888,1,VLZS07617
1887,1,HKZF63683
1886,1,MJXT42228
1885,1,ZHXJ21923
1884,1,TGXG94724
1883,1,MFWZ19713
1882,1,VDVZ96056
1881,1,MCWF43688
1880,1,TBVX53006
1879,1,TZTX32518
1878,1,VXTP31153
1877,1,MWTL95001
1876,1,XVSM02393
1875,1,HTSQ65848
1874,1,VSRP82528
1873,1,XRRW68932
1872,1,JQQW80207
1871,1,MPQZ33912
1870,1,VNPP01805
1869,1,XMPX55830
1868,1,VLPL28287
1867,1,VKNH93941
1866,1,ZJMQ51115
1865,1,XHMB84675
1864,1,TGLL13138
1863,1,TBHP54441
1862,1,VDKF07947
1861,1,ZCJF97553
1859,1,XZHL02876
1858,1,TXGS29255
1856,1,XTFM90593
1855,1,ZTFH41326
1854,1,XSFF39672
1853,1,MQDD67764
1852,1,JQDG19394
1851,1,XPCD66044
1849,1,HMXQ77424
1848,1,VLWS75031
1847,1,HKVV08213
1846,1,MJTF42151
1844,1,MDQK77569
1843,1,TXNL48795
1842,1,ZDQK29611
1841,1,MCPZ71386
1840,1,ZBPQ30068
1839,1,MZNV58220
1837,1,ZWMS62356
1836,1,VVMJ17683
1835,1,MTMD30090
1834,1,ZRKZ79394
1833,1,MRLH58692
1832,1,XQKQ97029
1831,1,HPKS89737
1830,1,TNKB70417
1829,1,ZMJR93122
1828,1,HLHV99083
1827,1,MKHJ22564
1826,1,MJFW44014
1825,1,HHFG17793
1824,1,JGDK20551
1823,1,HFDH83622
1822,1,JCBN45959
1821,1,MCBT27736
1820,1,ZWZD80407
1819,1,HZBB98633
1818,1,XXZQ38966
1817,1,ZWZH28008
1815,1,HTXG00209
1814,1,ZSWQ19699
1813,1,XRWK86561
1812,1,MQVW10303
1811,1,TMTL79764
1810,1,JNTX26814
1809,1,TMTL77973
1808,1,VLTD60098
1807,1,MJSK01428
1806,1,HJSM76931
1805,1,JHRW37794
1804,1,XFQS49143
1802,1,XDQM36414
1801,1,MCQG92042
1800,1,MBPP66710
1799,1,HZPK28068
1798,1,JXNP81227
1797,1,XWNG16283
1796,1,TVND59979
1795,1,XRLM18451
1794,1,ZSMJ42495
1793,1,TRLJ40528
1792,1,HPKC49026
1791,1,ZPJV42351
1790,1,TNJH94041
1789,1,TLGT84499
1788,1,TLGW86023
1787,1,ZKGR64102
1786,1,XHFJ19826
1785,1,THFS72728
1783,1,ZFDM17741
1782,1,JDDF38095
1781,1,ZCCN33395
1780,1,MZBX76775
1779,1,ZZBZ48011
1775,1,VTXS21181
1774,1,MRWV20584
1773,1,TRXB58553
1772,1,TQWS78563
1771,1,MPWH57118
1770,1,MNVT27898
1769,1,MMVJ92833
1768,1,TLTL20071
1767,1,ZKSZ37639
1766,1,JJSV41225
1765,1,THSK26781
1763,1,JFRK69747
1762,1,HDQW03232
1761,1,JCQL77454
1760,1,MBQF49899
1759,1,XZPQ65057
1758,1,MWPC38104
1757,1,TWPB44366
1755,1,JSMX15976
1754,1,MSMX51719
1753,1,MRMP70988
1752,1,HPMD34450
1751,1,VPLW96457
1750,1,MNLR02115
1749,1,HMKZ61817
1748,1,JKJQ33326
1747,1,TKJZ31572
1746,1,TJHX51504
1745,1,MHHQ42012
1743,1,XFGJ15568
1742,1,MDFW59706
1741,1,MCFL72403
1740,1,VBFB54031
1739,1,VZDS62828
1738,1,ZWCV34866
1737,1,VWCX50624
1736,1,ZVCN94656
1735,1,VTCF14977
1734,1,ZSBZ49219
1733,1,ZRBP55477
1731,1,TPZG11349
1730,1,ZNXG32348
1729,1,XMXB32530
1728,1,ZLWN91063
1727,1,VKVV72035
1726,1,VJVQ14654
1725,1,JHVH21554
1724,1,VFTF81881
1723,1,TFTG63441
1722,1,ZDTB31606
1721,1,XVQK28198
1720,1,JZRN27867
1719,1,TZRT06068
1718,1,VXRF83791
1717,1,TNNF16473
1716,1,XTQC64674
1715,1,HTQJ75000
1714,1,XSPW63863
1713,1,ZRPN29998
1712,1,HQPC98478
1711,1,ZPNR01405
1710,1,ZNNF46664
1709,1,VMMT80660
1708,1,MLMN53073
1707,1,ZKLZ09716
1706,1,ZJLH07076
1705,1,XHLB93292
1704,1,JCJC64566
1703,1,XFKD58687
1701,1,HCJM97398
1700,1,HBHT10647
1699,1,HZHS17203
1698,1,XWGT98285
1697,1,MRFC62216
1696,1,JVGH79636
1695,1,MTFZ94261
1694,1,XRFD41914
1693,1,ZRFD22255
1692,1,VQDM43160
1691,1,VPCN94730
1690,1,HNBN43150
1689,1,HMBB37988
1688,1,MLZN81825
1687,1,VKZB21015
1686,1,JJXZ65816
1685,1,JHXK08881
1684,1,HGXL55220
1683,1,TFWW03747
1681,1,VCVX86421
1680,1,TBVS49852
1679,1,XZVK79799
1678,1,TRSJ93566
1677,1,VWTT49893
1676,1,XVTH82976
1675,1,JTSW11651
1674,1,HSST64463
1673,1,ZRSH91391
1672,1,HQSB24670
1671,1,VPRC26636
1670,1,HNRB16622
1669,1,JMQP30657
1667,1,TKPP14411
1666,1,MJPL10230
1665,1,VHPC13809
1664,1,ZGNQ65678
1663,1,XFNJ83645
1662,1,MDMV90575
1661,1,TCMH10741
1660,1,ZBLZ53619
1659,1,XZLM29016
1658,1,HWKW86229
1657,1,JWKT59141
1656,1,ZTJX60630
1655,1,ZTKH82082
1654,1,MSJS96560
1653,1,TRJG38569
1652,1,XPHN37564
1651,1,JPHP51906
1650,1,TNHH26721
1649,1,HMGZ06080
1648,1,TLGL04901
1647,1,HJFT11979
1646,1,THFJ23704
1645,1,VHFH09380
1644,1,MGFG08341
1643,1,XDDN87767
1642,1,JDDG87837
1641,1,ZCDC04106
1640,1,JZCH59943
1639,1,ZXBQ85270
1638,1,ZXBS54788
1637,1,XWBM12487
1636,1,TTZL96670
1635,1,ZRXQ90643
1634,1,ZSXX71669
1633,1,TRXX48778
1632,1,JPXB18271
1631,1,MNWK12481
1630,1,HNWQ82654
1629,1,TMVW69333
1628,1,VLVG11754
1627,1,TKVB96491
1625,1,VHST24994
1624,1,VCQZ71163
1623,1,ZFRT38641
1622,1,XCRF09765
1621,1,XCRG53171
1620,1,JBQS10867
1619,1,HZQP15472
1618,1,VWPQ61679
1617,1,VWPP27821
1616,1,JMKS65857
1615,1,JTNX95100
1614,1,JSNM58445
1613,1,TRMW27959
1612,1,MQMB90850
1611,1,JPLW72326
1610,1,ZNLL50113
1609,1,HMKX21365
1608,1,VLKL51715
1607,1,XKJZ87190
1606,1,XJJN66007
1605,1,JHJG53786
1604,1,JWDS44204
1604,2,AMDK11832
1604,3,BNCB05332
1604,4,BNCH41130
1604,5,BNDB78859
1604,6,BNDK93982
1604,7,BNDX51433
1604,8,BNFH28768
1604,9,EBBB78253
1604,10,EBBB90909
1604,11,EBBG04302
1604,12,EBBJ35559
1604,13,EBBJ37625
1604,14,EBBL14679
1604,15,EBBX31108
1604,16,EBBX76080
1604,17,EBBZ08058
1604,18,EBBZ12903
1604,19,EBCM25219
1604,20,EBCW45960
1604,21,EBDJ61000
1604,22,EBDQ56709
1604,23,EBDW87292
1604,24,EBFJ08175
1604,25,EBFM34831
1604,26,FBZT94515
1604,27,FCML21693
1604,28,FCMN51796
1604,29,FCXG67833
1604,30,FDDH55659
1604,31,FDTM35909
1604,32,FFHH93009
1604,33,FFVZ36692
1604,34,FFWC29113
1604,35,FGJD05394
1604,36,FHPZ43160
1604,37,FLHQ26491
1604,38,FLKT11445
1604,39,FNLT01414
1604,40,FNQW38044
1604,41,FNXG68102
1604,42,FPVL38712
1604,43,FQHQ41129
1604,44,FQQT17993
1604,45,FRBK82158
1604,46,FRZV25376
1604,47,FSGQ57281
1604,48,FTJN25674
1604,49,FTVF64785
1604,50,FVTG10597
1604,51,HGHR94826
1604,52,HGHT74423
1604,53,INTZ21276
1604,54,INVD35065
1604,55,INVF65558
1604,56,JFGZ13141
1604,57,JFHD07976
1604,58,JGHM64419
1604,59,JGHT17331
1604,60,JGHW68331
1604,61,JGHW95763
1604,62,JGJC18719
1604,63,MFHF58226
1604,64,MGHP03745
1604,65,MGHQ51755
1604,66,MGHW63274
1604,67,OGHW46300
1604,68,OLKX09020
1604,69,PBFF00676
1604,70,PBFR16971
1604,71,PBHS37662
1604,72,PBJG05934
1604,73,PBKK14253
1604,74,PBLD03754
1604,75,PBLR06967
1604,76,PBNB35077
1604,77,PBQF20128
1604,78,PBQL05351
1604,79,PBRD24811
1604,80,RLSF88972
1604,81,SBBZ19730
1604,82,SBCJ24768
1604,83,SBCN33015
1604,84,TFGZ38214
1604,85,VGHJ21088
1604,86,VGHQ07766
1604,87,VGHX17537
1604,88,VGHX98305
1604,89,WXRR87900
1604,90,XFHF13164
1604,91,XGHJ98325
1604,92,XGHK29974
1604,93,XGHR29219
1604,94,XGHS15058
1604,95,XGHT17227
1604,96,XGHX51373
1604,97,XGHZ95924
1604,98,ZFGX28998
1604,99,ZGHK95993
1604,100,ZGHQ90252
1604,101,ZGHZ98751
1603,1,JDGS93554
1602,1,JDGP33452
1601,1,XCGK09310
1600,1,MZFM50808
1599,1,TZFS89417
1598,1,ZXFF38208
1597,1,JWFB03037
1596,1,TVDP83062
1595,1,VPBM23073
1594,1,ZSCR30630
1593,1,JMZT15349
1592,1,HQCD42504
1591,1,HPBN01675
1590,1,JMZT77520
1589,1,VMZV82706
1588,1,ZKXW22119
1587,1,XKZF85935
1586,1,VJXP00186
1585,1,VHWZ84768
1584,1,XGWL62203
1583,1,TFVX51760
1582,1,ZCVC19508
1581,1,HCVM44086
1580,1,ZZTJ84772
1579,1,TZTM89596
1577,1,XWRZ39862
1576,1,TTQW20439
1575,1,HTRH78960
1574,1,XSQK64503
1573,1,MRPW81128
1572,1,TQPT28825
1571,1,HPPG75814
1570,1,HNPB46383
1569,1,XMNG12243
1568,1,VLMZ56531
1567,1,TKMT32580
1566,1,HJML89118
1565,1,MHLP25577
1564,1,TGKR07347
1563,1,VFKF36212
1562,1,TDJL68325
1561,1,XCJH16417
1560,1,HBJD99886
1559,1,JZHC39437
1558,1,HXGQ67225
1557,1,HWGL40944
1556,1,HVFX25268
1555,1,TTFN56594
1554,1,JSFF14595
1553,1,HRDZ09022
1552,1,ZPCZ59978
1551,1,ZPCX03765
1550,1,VMCC97492
1547,1,TKZR29187
1546,1,ZJZC16652
1545,1,THWT76368
1544,1,MFVF64739
1543,1,TFTK58216
1542,1,TZQX03401
1541,1,TCSK74142
1540,1,MBRN58213
1538,1,MXQG18797
1536,1,JTNT54092
1535,1,HTNX24856
1534,1,ZRND11868
1533,1,VRNG81296
1532,1,MQMV79851
1531,1,ZPML55006
1530,1,MNMG44095
1529,1,HMLZ32052
1528,1,XLLN72006
1527,1,MKLC24921
1526,1,JJKK80736
1525,1,THJQ94501
1524,1,HGHT14917
1523,1,XFGV45262
1522,1,MDGG77588
1521,1,TCGG32668
1520,1,ZBFQ29239
1518,1,MXDP62216
1516,1,TVCV85411
1515,1,VTCQ85294
1513,1,HRBX59789
1512,1,MQBK70289
1511,1,JPBB50608
1510,1,MNZW39388
1509,1,HJXG53256
1508,1,XLXX96708
1507,1,HKXS66024
1506,1,MJXF72347
1504,1,ZGWP25586
1503,1,MFWJ80224
1502,1,XDVW72625
1501,1,MCVR96825
1500,1,MBVJ61669
1499,1,VZTH01980
1498,1,ZWSR23462
1496,1,JVSM59505
1496,2,BHMR32763
1496,3,BHNJ64417
1496,4,BHNK86655
1496,5,BHNL54610
1496,6,BHNQ96583
1496,7,BHNT35440
1496,8,BHNV30470
1496,9,BHPV32773
1496,10,EBBB51860
1496,11,EBBD70418
1496,12,EBBF26358
1496,13,EBBJ34796
1496,14,EBBP27831
1496,15,EBCG54031
1496,16,EBCH27984
1496,17,EBDB48546
1496,18,EBDB62398
1496,19,EBDD99803
1496,20,EBDK36121
1496,21,EBFB27852
1496,22,EBFD53629
1496,23,EBFD88478
1496,24,EBFR73408
1496,25,EBFW57864
1496,26,EBFZ49430
1496,27,EBGD84310
1496,28,FBJB32849
1496,29,FCBM92592
1496,30,FCCZ64000
1496,31,FCPV01912
1496,32,FFWV25413
1496,33,FGNQ50037
1496,34,FGVZ67432
1496,35,FHNS76765
1496,36,FHWD28167
1496,37,FJJD37158
1496,38,FJJV71787
1496,39,FJRZ35853
1496,40,FJTV00190
1496,41,FKBX42574
1496,42,FNCN99152
1496,43,FNJK79627
1496,44,FNWH71157
1496,45,FPBP12550
1496,46,FPXH79858
1496,47,FQMX42431
1496,48,FQTJ67362
1496,49,FSDV60006
1496,50,FSHF31374
1496,51,FSTP64314
1496,52,FTHD16573
1496,53,FTLZ26610
1496,54,FTRH67340
1496,55,FVHM94680
1496,56,HVSD27040
1496,57,HVSF61310
1496,58,HVSK04713
1496,59,HVSM17788
1496,60,HVSP90761
1496,61,IMDZ91577
1496,62,IMFC21006
1496,63,IMFF48547
1496,64,JTRT58673
1496,65,JVRZ11907
1496,66,JVSM73525
1496,67,MTRT79385
1496,68,MVRZ26827
1496,69,NQCC05383
1496,70,OQBN39384
1496,71,PFCK17673
1496,72,PFDB27796
1496,73,PFFM27813
1496,74,PFFN07949
1496,75,PFFW22456
1496,76,PFKK29281
1496,77,PFLS22482
1496,78,PFLS32079
1496,79,PFMB24858
1496,80,PFPW21873
1496,81,RLSH43275
1496,82,RLSM59586
1496,83,RLSN57742
1496,84,RLSP76359
1496,85,SBBT76008
1496,86,SBBV14622
1496,87,TVRZ55779
1496,88,TVSD23735
1496,89,TVSG00783
1496,90,TVSG76136
1496,91,TVSH82930
1496,92,VTRL01585
1496,93,VTRL87162
1496,94,VVRZ30685
1496,95,WJQH00203
1496,96,XVSG84995
1496,97,XVSL70214
1496,98,ZQQJ90798
1496,99,ZTRM14877
1496,100,ZTRR94586
1496,101,ZVSM26552
1495,1,VTRN15755
1494,1,TSRJ67300
1493,1,TRQW49296
1492,1,TQQN90212
1491,1,ZPQD29592
1489,1,XMPF88607
1488,1,XHMH77368
1487,1,XKNF58280
1486,1,JHML19422
1485,1,VHML60968
1484,1,MGMC95489
1483,1,VFLN93289
1482,1,TDLJ97056
1481,1,HBJX98427
1480,1,VBKD46480
1479,1,JVGQ82959
1478,1,XXHS72290
1477,1,TWHL83389
1476,1,XVGW54390
1475,1,VLCG55949
1474,1,ZNDH11331
1473,1,MRFP09673
1472,1,HQFJ71291
1471,1,XPDR16774
1470,1,XNDJ92299
1469,1,MJXZ88168
1468,1,MLCF88786
1467,1,ZKZF66866
1466,1,VHWP82211
1465,1,THWX91872
1464,1,ZGWJ07281
1463,1,JFVN05770
1462,1,JDVC25775
1461,1,MCTL75990
1460,1,HBTJ43166
1459,1,ZZST95795
1458,1,HXSN52582
1457,1,MWSJ01166
1456,1,ZVRS85665
1455,1,JTRN69707
1454,1,VSQZ25296
1453,1,HKMX89792
1452,1,MQQG67267
1451,1,VPQD26532
1449,1,MMPB96995
1448,1,JKMX72651
1447,1,MKNB99588
1446,1,XJMN89120
1445,1,MHMJ77060
1444,1,XGLZ08350
1443,1,ZFLR28693
1442,1,TDLD77788
1441,1,ZCKZ24880
1440,1,ZBKS41795
1439,1,JZKJ71038
1437,1,ZWJM64577
1436,1,JTHK40424
1435,1,TTHQ06159
1434,1,HSHJ77861
1433,1,JRGV92718
1432,1,JQGL51433
1431,1,XPGK02042
1430,1,TNFQ49792
1429,1,ZMFD00211
1428,1,HLDQ69386
1427,1,VHCL87273
1426,1,VJCR55451
1425,1,THCS17921
1424,1,MFBT79907
1423,1,TFBR93892
1422,1,XDBJ64037
1421,1,JCZZ63740
1419,1,XZZF28583
1418,1,HXXW20886
1417,1,XWXL23220
1416,1,HVWX68256
1415,1,HPTQ70860
1414,1,TNTB22523
1413,1,XRVT00940
1412,1,MQVF77549
1411,1,MPTZ64673
1410,1,XNTJ27469
1409,1,HMSX63818
1408,1,ZLSD50407
1407,1,JKRT53472
1406,1,JZLP20395
1405,1,JHQW77383
1404,1,HDPT85828
1403,1,HFQD04651
1402,1,XDPK20778
1401,1,JCNV36031
1400,1,TZMC72869
1399,1,XZMD55091
1398,1,TXLG96943
1397,1,TWKR25477
1396,1,XVJL31467
1395,1,TTJC57862
1394,1,VSHS38986
1393,1,XRHN93620
1392,1,JQGZ63857
1391,1,XPGN29258
1390,1,MNGF22971
1389,1,TMFT82310
1388,1,XLFK11576
1387,1,ZKFB86564
1385,1,XHCX99028
1384,1,MGCL14289
1383,1,MFCJ73102
1382,1,ZDBP03769
1381,1,VCBF71603
1380,1,XBZK65114
1379,1,HZZF32476
1378,1,VXWR78577
1377,1,ZWWD49193
1376,1,JVVN07247
1375,1,ZTTN22917
1374,1,MRSJ00736
1373,1,HRSR82629
1372,1,JPRM36372
1371,1,XPRS83141
1370,1,XNRJ58133
1369,1,MMRC00720
1368,1,HKQJ55069
1367,1,JJPX91107
1366,1,MJPV19611
1365,1,MHPK33457
1364,1,XGNX30964
1363,1,VFNL86415
1362,1,VDNH05341
1361,1,XBMN06940
1360,1,MZMF67754
1359,1,HZMM71166
1358,1,TWLK89394
1357,1,MWLK51095
1355,1,HTKG23805
1354,1,XSJZ92306
1353,1,HRJQ39511
1352,1,VQJJ48440
1351,1,MNGX17481
1350,1,MNHF52876
1349,1,VMGP90540
1348,1,VLGB14159
1347,1,JKFM16657
1346,1,MJDV17359
1345,1,JHDN45425
1343,1,TFCV61043
1342,1,VDCJ40612
1341,1,MCCF20491
1340,1,ZBBV32634
1339,1,JZBK69091
1338,1,TXBB49566
1337,1,TWZR49269
1336,1,VVZL54874
1335,1,VTXT72321
1334,1,JSWW43730
1333,1,MQWK18192
1332,1,VQWG73129
1331,1,VPVT80258
1330,1,JNVM09402
1329,1,TMVJ98026
1328,1,JLVC70680
1327,1,HKTP28219
1326,1,MJTG53023
1325,1,VHSW76206
1324,1,JGSN48624
1323,1,HFSJ71732
1322,1,XDRZ70378
1321,1,MCRT56548
1320,1,VBRL70371
1319,1,ZZQR96096
1318,1,ZXQL30178
1317,1,MWQG90983
1316,1,MVPS19333
1315,1,TTPK56815
1314,1,ZSPD46681
1313,1,VRNW42408
1312,1,HQNQ61360
1311,1,TPND21843
1310,1,MNMT25192
1309,1,MMMN63176
1308,1,XLMC75563
1307,1,HKLW82804
1306,1,MCJW61156
1305,1,MHLK81873
1304,1,MGKX92653
1303,1,TFKR93938
1302,1,TDKH10025
1301,1,ZCJX91208
1300,1,VZJD63383
1299,1,JTGW58965
1298,1,MWHL03355
1297,1,JWHL46784
1296,1,ZVGX91610
1295,1,HTGW29689
1294,1,XRFZ87810
1293,1,XRGG09511
1292,1,VPDP74836
1290,1,HMCZ98135
1289,1,MLCQ54190
1288,1,MLCT62314
1287,1,HKCL40803
1286,1,HJBZ65365
1285,1,THBP08284
1284,1,HFZQ09448
1283,1,VFZT54845
1282,1,HDZH28977
1280,1,XRTN54632
1279,1,HZWT01008
1278,1,HXWG12515
1277,1,ZWWB08649
1276,1,XVVQ45124
1275,1,VTVF21644
1274,1,XSTZ11604
1273,1,VRTL46314
1272,1,XPST12663
1271,1,XPSS54050
1270,1,JNSH78190
1269,1,ZMSF62402
1268,1,MLRP72207
1267,1,MKQX55840
1265,1,HHPR17921
1264,1,MGPD42139
1263,1,ZFNQ36587
1262,1,ZCNB02779
1261,1,JCMW80387
1260,1,HBMS19261
1259,1,MZMJ20500
1258,1,JXLS07839
1257,1,VWKQ23585
1256,1,ZVKF44036
1255,1,HTHM18462
1254,1,HRFV43986
1253,1,JRGG37609
1252,1,VQFB96857
1251,1,VPDG92834
1250,1,VNBZ50069
1249,1,VMBS52617
1248,1,VLZP91888
1247,1,HKZJ07361
1246,1,XJXJ06180
1245,1,XHWV92373
1244,1,ZGWM18636
1243,1,XWSR03599
1242,1,JDVQ78063
1241,1,VCTZ76632
1240,1,ZBTQ99269
1239,1,MZTL41130
1238,1,XXSW80727
1237,1,VWSR91520
1236,1,ZVSJ07342
1235,1,MTSD06224
1233,1,TRQZ55343
1232,1,JJNF30420
1231,1,HPQG26976
1230,1,HNPQ79745
1229,1,ZMPJ67027
1228,1,MLPB04883
1227,1,HKNR08938
1226,1,HJNJ19252
1225,1,VHMV43158
1224,1,JGMK62300
1223,1,VFMF87851
1222,1,MDLM32303
1221,1,ZCKT04863
1220,1,VBKM61829
1219,1,ZZKJ99797
1218,1,JXJX12705
1217,1,JWJR26066
1216,1,XTHX46050
1215,1,TTJC60715
1214,1,HSHR21438
1213,1,HRHK43327
1212,1,XQHC10567
1211,1,XPGS32721
1210,1,XNGM37646
1209,1,ZMGJ06395
1208,1,TKFL29603
1207,1,HKFQ89367
1206,1,HHDT13633
1205,1,HHDZ02425
1204,1,MWZT62546
1203,1,HFCZ56373
1202,1,MDCW46364
1201,1,XCCN42083
1200,1,HZBQ19496
1199,1,XZBT87632
1198,1,MXBD72461
1197,1,HWZX45330
1196,1,TVZN47116
1195,1,XTXZ22978
1193,1,VRXB95094
1192,1,ZQWS94810
1191,1,ZPWK82059
1190,1,HNVD84482
1189,1,XMTP46022
1188,1,XLSX58382
1187,1,XKSJ97339
1186,1,TJRT44157
1185,1,XHRG26506
1184,1,JDPW43224
1183,1,XFQJ91475
1182,1,VDQB54722
1181,1,XCPM11903
1180,1,HBPG95200
1179,1,TZNX43413
1178,1,TXNP16205
1088,1,BJLV45645
1088,2,BJMT67227
1088,3,BJNB77106
1088,4,BJNM90928
1088,5,EBBK43966
1088,6,EBCC58926
1088,7,EBCF59168
1088,8,EBFB97797
1088,9,EBFN38701
1088,10,EBFR43398
1088,11,EBFX08749
1088,12,FGVD66005
1088,13,FKGR04119
1088,14,FMJX88807
1088,15,FNNQ00970
1088,16,IDKB06633
1088,17,JLVR34110
1088,18,JLVW63060
1088,19,PPJB00440
1088,20,PPMB07380
1088,21,PPPC06497
1088,22,SNPH91972
1088,23,TLVN02629
1088,24,XLVR17841
1088,25,XLVX49260
950,1,BBCT05888
950,2,BBNG31881
950,3,BBNJ32351
950,4,BBNL07167
950,5,EBBJ52275
950,6,EBBW92585
950,7,EBCD54048
950,8,EBCZ24806
950,9,FCLN76899
950,10,FDRS96604
950,11,FFMN69169
950,12,FGXR37189
950,13,FJPC95117
950,14,FTJX18583
950,15,FVZX54546
950,16,FWBC50471
950,17,HMDC75349
950,18,LLRH01111
950,19,LLRJ39187
950,20,LLRJ89890
950,21,MNDP45508
950,22,PDMN18458
950,23,PDTH18475
950,24,SNNR90606
950,25,VNDN45602
940,1,VWV951872
939,1,TWQ785573
938,1,SWL978493
935,1,PVR543118
934,1,NVJ898067
933,1,MVH611628
931,1,JTK288786
930,1,JTP111531
929,1,HTF991915
928,1,GSZ040219
927,1,FSP017837
926,1,DSJ166259
925,1,CSC962059
923,1,ZRR675637
922,1,XQY886338
921,1,XQY483134
920,1,VQK847406
919,1,VQK223149
918,1,TQF024839
917,1,SPZ872322
916,1,QPM048430
915,1,QPL327042
913,1,NPB205470
912,1,MNR722401
911,1,LNN393135
910,1,KNJ224308
909,1,JMX636943
908,1,HMS533469
907,1,GMF009112
905,1,DLS506955
904,1,CLL095602
903,1,BLD375634
902,1,ZKY577961
901,1,YKQ309499
900,1,XKM780699
899,1,WJZ710336
897,1,TJM549430
896,1,SJC077121
895,1,RHW968483
894,1,QHQ601782
893,1,PHK986965
892,1,NHB094378
891,1,MGY489185
890,1,LGN791604
889,1,KGK662163
887,1,HFW851168
886,1,GFP567352
885,1,FFD954589
884,1,BDN010072
883,1,CDV579595
882,1,BDM196361
881,1,ZDJ683356
879,1,XCT502075
878,1,WCJ620838
877,1,VCG293341
876,1,TBT862658
875,1,SBN176721
874,1,RBH758372
873,1,QBD711428
871,1,NZG496113
870,1,HXG116896
869,1,LYM835731
868,1,KXX724553
867,1,JXV651907
866,1,HXH763610
865,1,GXC726529
864,1,FWT985411
863,1,ZVF557089
860,1,ZVD730002
859,1,YTZ794237
858,1,XTR131816
857,1,QRN507684
856,1,VTD028403
855,1,TSV780931
853,1,QRK490005
852,1,QRK800164
851,1,PRF748832
850,1,NQN563801
849,1,MPX999376
848,1,LPR317686
847,1,KPC650684
845,1,HNK628639
844,1,GMZ275289
843,1,FMW499356
842,1,DMS237018
841,1,CMJ484477
840,1,BMG048099
839,1,ZLS945307
838,1,YLM042120
837,1,XLK740008
835,1,VKR195051
834,1,SKB665653
833,1,SKC731747
832,1,RJY530370
831,1,QJN180474
830,1,PJH105083
829,1,NJB393458
827,1,LHM948730
826,1,KHH620807
825,1,JHB058738
824,1,HGT758343
823,1,GGJ098710
822,1,FGF188408
821,1,DFW984541
819,1,BFF084548
818,1,ZFC146042
817,1,YDR606098
816,1,XDJ136068
815,1,WDB637689
814,1,VCY513088
813,1,TCQ317821
812,1,SCF137734
811,1,RCB961302
809,1,PBH117639
808,1,FWZ871636
807,1,MZX313346
806,1,LZD367111
805,1,KYX846894
804,1,HXR469537
803,1,HXW427337
801,1,FXF094618
800,1,DWV870769
799,1,CWN616621
798,1,BWF998793
797,1,ZWD487773
796,1,YVR370575
795,1,QSR264234
794,1,WVJ089334
793,1,VTZ500534
791,1,RTC470920
790,1,RTB451867
789,1,QSV351804
788,1,PSN210013
787,1,NSJ900443
786,1,MRZ525625
785,1,LRN064671
783,1,CPJ163917
782,1,HQQ021515
781,1,GQF136093
780,1,FPY442445
779,1,DPP552799
778,1,CPF291509
777,1,BNX714267
775,1,YMV937351
774,1,XMN947162
773,1,WML356365
772,1,VMC023147
771,1,TLR790082
770,1,SLR194985
769,1,QKV906105
767,1,PKR737633
766,1,NKH258587
765,1,MKF065228
764,1,LJZ103039
763,1,KJQ995224
762,1,HJB814065
761,1,GHX600691
760,1,FHM965884
759,1,ZGH564952
757,1,CHB485448
756,1,BGM814770
755,1,ZGL268466
754,1,YGC813215
753,1,XFS947413
752,1,WFP477150
751,1,VFD352386
749,1,SDM049114
748,1,RDD524710
747,1,LBR241700
746,1,PCR219559
745,1,NCK928604
744,1,MBY751327
743,1,LBT961449
741,1,JBB878815
740,1,HZR734604
739,1,GYW290078
738,1,FYB500369
737,1,DWX409816
736,1,CWJ405938
735,1,BWD746691
734,1,ZVL008703
733,1,YVB959772
732,1,XTR537741
731,1,WTP479431
730,1,TST770645
729,1,TSZ767927
728,1,SSQ150131
727,1,RSH988249
726,1,QSB699292
725,1,PRS059299
724,1,NRN735283
723,1,MRH531124
722,1,KQR178118
721,1,KQV089304
720,1,JQL301077
719,1,HQG351830
718,1,GQB228900
717,1,FPV077653
716,1,DPN998170
715,1,CPG136976
714,1,BNX573629
713,1,ZNW180921
712,1,XNC905757
711,1,XNK199625
710,1,QLN724892
709,1,VMS744043
708,1,SMB214022
707,1,SLZ967275
706,1,QLM446728
705,1,QLQ189086
704,1,NLB243163
703,1,NKY206648
702,1,MKX532718
701,1,LKB074440
700,1,KJM475442
699,1,JHS710156
698,1,HHR574198
697,1,GHG710456
696,1,FGX880402
695,1,DGM599559
694,1,CGF144036
693,1,BFY309887
692,1,XDZ584385
691,1,YFP510180
690,1,VDP250121
689,1,WDY323192
688,1,VDK003158
687,1,TDF022154
686,1,SCW650784
685,1,RCQ422826
683,1,PCC396384
682,1,NBW113280
681,1,MBN384155
680,1,LBJ742888
679,1,JZQ328601
678,1,JZP613277
677,1,HZP388021
676,1,GZC455768
675,1,FYR837497
674,1,CXW334054
673,1,CXW781222
672,1,BXP474879
671,1,ZXJ180326
670,1,YWZ446529
669,1,XWV082694
668,1,PTX668934
667,1,VWJ984444
666,1,TVZ813308
665,1,SVV404817
664,1,QVG418871
663,1,QVG792053
662,1,PTY086372
661,1,NTT869875
660,1,MTL833773
659,1,LTG855433
658,1,JSJ205174
657,1,JSN066958
656,1,GRM543141
654,1,FRF710292
653,1,DQQ542482
652,1,CQM347424
651,1,BQB549509
650,1,ZPX644150
649,1,YPQ313446
648,1,VNW159747
647,1,WPD186582
646,1,RNC756645
645,1,TNS586481
644,1,MLX454192
643,1,RNF941546
642,1,QMY376365
641,1,PMK200690
640,1,NMH531393
639,1,MLX469412
638,1,LLV733803
637,1,KLM669739
636,1,JLF031078
635,1,HKZ819144
634,1,GKV825997
633,1,FKP944914
632,1,DKK657750
631,1,CJY669878
630,1,BJY178234
629,1,ZJM463730
628,1,YJD693620
627,1,XJB103152
626,1,WHP818452
625,1,VHJ191925
624,1,TGZ545320
623,1,MFG344685
622,1,RGL908853
621,1,QGK509937
620,1,PFX349818
619,1,NFV150144
618,1,MFQ213183
617,1,LDX109638
616,1,KDS380825
615,1,JDD298799
614,1,HCS880262
613,1,FCD664958
612,1,DBX111992
611,1,DBX643613
609,1,BZP849967
608,1,WYL246151
607,1,YZD511619
606,1,XYY448910
605,1,WYM422212
604,1,VYF058635
603,1,TXX174354
602,1,SXP713248
601,1,RWR658214
600,1,QVS068423
599,1,PTY033986
598,1,NTD172674
597,1,MSV382732
596,1,LSH166797
595,1,KRT385377
594,1,JRG437445
593,1,HQV945748
592,1,GQV057296
591,1,FQJ291630
590,1,VMT980499
589,1,CPP279735
588,1,BPB881933
587,1,ZNZ330955
586,1,XNH955633
585,1,XNM416939
584,1,VMV563125
583,1,VMS725260
582,1,SMF223129
581,1,SMJ873006
580,1,LJT398744
579,1,PLK071629
578,1,KJJ108316
577,1,NLB309866
576,1,MKY294628
575,1,LJR996877
574,1,KJN139799
573,1,JHR283407
572,1,HHN373068
571,1,GHH571458
570,1,FHC596580
569,1,DGT680594
568,1,CGG941450
567,1,BGF146517
566,1,ZFT249508
565,1,YFM003318
564,1,XDZ942893
563,1,WDV765087
562,1,VDN561660
561,1,TDK919076
560,1,SCX905163
559,1,RCT102153
558,1,QCM991417
557,1,NBV801959
556,1,NBX768404
555,1,MBT138027
554,1,LBG257565
553,1,KZZ838323
552,1,JZT843255
550,1,GYT455882
548,1,DXK824154
547,1,CWS208075
546,1,BWH661079
545,1,ZVX850594
544,1,YVM625645
543,1,XVJ551994
542,1,WTW840145
541,1,VTR982942
540,1,TTM389773
539,1,SSY424299
538,1,RSV803743
537,1,QSD960094
536,1,PRL293442
535,1,NQX022541
534,1,MQD217944
533,1,LPL345434
532,1,KPC796022
531,1,JNR203014
530,1,HNK015233
529,1,GMT002729
528,1,FML962134
527,1,DMG283601
526,1,CLS893716
525,1,BLM670766
524,1,ZLJ501773
523,1,YKL907199
522,1,XKH350714
521,1,WJW891363
520,1,VJN265623
519,1,TJH389116
518,1,SHY258723
517,1,RHP042184
516,1,QHJ184396
515,1,PHD207389
514,1,MGG862836
513,1,MGM115248
512,1,LGC446433
511,1,KFT691325
510,1,JDW016965
509,1,HDH137638
508,1,GCR760097
507,1,DYM188102
505,1,CXV938757
504,1,BWY238580
503,1,ZWT075556
502,1,YWH529412
501,1,XVX189298
500,1,WVN249573
499,1,VVH223501
498,1,STQ827960
497,1,STT419296
496,1,RTJ822401
495,1,QTF162967
494,1,PSY036130
493,1,LRL643710
492,1,MSH095096
491,1,LRM555207
490,1,KQZ010341
489,1,JPX774504
488,1,HPN691110
487,1,GPC087739
485,1,DNB598158
484,1,CMS978848
483,1,BMQ382027
482,1,ZML174955
481,1,YMB515287
480,1,XLX372244
479,1,WLP806989
478,1,VLF874510
477,1,TKY310787
476,1,SKQ582339
475,1,RKM088083
474,1,QJY725043
473,1,PJT655571
472,1,NJQ999617
471,1,FGL789613
470,1,LHZ360128
469,1,KHR702062
468,1,JHH770251
467,1,HHD825518
466,1,GGT821661
465,1,CFV562568
464,1,DGD218934
463,1,CFZ093351
462,1,BFM800968
461,1,ZFH442227
460,1,YDZ413488
459,1,XDP745634
458,1,WDG867973
457,1,VCW368117
456,1,TCW004908
455,1,SCJ109157
454,1,RCB782632
453,1,MZX427758
452,1,PBR607068
451,1,NBJ899770
450,1,MBD404325
449,1,LZT634986
448,1,CXD737171
447,1,JZD045205
446,1,HYT570956
445,1,GYQ687511
443,1,DXR542785
442,1,CXF812504
441,1,BWY129903
440,1,ZWV447087
439,1,YWM890606
438,1,XVZ459004
437,1,WVW309553
435,1,TVC776259
434,1,SVB074386
433,1,RTS334636
432,1,QTK931971
431,1,PTD894682
430,1,NSX597128
429,1,MSQ833431
428,1,LSD065773
427,1,KRZ816962
426,1,JRW089330
425,1,HRM580326
424,1,GRG285911
423,1,FQY131310
422,1,DQJ905449
421,1,BPH373751
420,1,BPM772053
419,1,ZPG353173
418,1,YNW700364
417,1,XNL886448
416,1,WNH125147
415,1,VMZ049534
414,1,TMD005666
413,1,SLW245268
412,1,RLG667879
411,1,QKQ598229
410,1,PKD576977
409,1,NJZ349395
408,1,MJR532763
407,1,LJJ683472
406,1,KHY317790
405,1,JHV812574
404,1,HHQ879207
403,1,GHJ297629
402,1,FGW580868
401,1,DGQ326783
400,1,CGK166662
399,1,BGG547638
398,1,ZFS010345
397,1,YFH800066
396,1,XCG785254
395,1,WCC967616
394,1,VBC888886
393,1,TYV476608
392,1,SYD806842
391,1,RXP380296
390,1,QXK147291
389,1,PWV814526
388,1,NWN026370
386,1,LVV026736
385,1,KVP976829
384,1,JVD327912
383,1,HVC122724
382,1,GTS683610
381,1,FTN319292
380,1,DTF131793
379,1,CSD668173
378,1,BRY233761
377,1,ZRM068085
376,1,YRH248029
375,1,XQY372968
374,1,WQL674527
373,1,VQF823383
372,1,SMY219076
371,1,SNH689489
370,1,RMR880443
369,1,QMC446537
368,1,PLP112089
367,1,NKZ333918
366,1,MKP910712
365,1,LKG545863
364,1,KKC651655
363,1,JJM978250
362,1,FHG914404
361,1,GHY504990
360,1,FHR821795
358,1,CFW607118
357,1,BFN018710
356,1,ZFG479495
355,1,YDW375243
354,1,VBZ907634
352,1,VCF294849
351,1,TBY718206
350,1,SBH574759
349,1,RZY355667
348,1,PXV227093
347,1,PXY889884
346,1,NXS293772
345,1,MXC088767
344,1,HVW107353
343,1,KWS437385
342,1,JWK846684
341,1,HWB103972
340,1,GVN755226
339,1,FVJ384492
338,1,CTP063014
337,1,CTQ911477
336,1,BTC736269
335,1,ZSW270497
334,1,YSJ899058
333,1,XSJ216111
332,1,WRY637536
331,1,VRK095315
330,1,TRD388793
329,1,SQR331307
328,1,RQJ814562
327,1,QPY542596
326,1,PPD902486
325,1,NNR660847
324,1,MNM306176
323,1,LNC129996
322,1,JMF902512
321,1,JMG742049
320,1,HLV958484
319,1,GLS470078
318,1,FLG386026
317,1,DKR361644
316,1,CKJ342229
315,1,BJV758658
314,1,ZHR111871
313,1,WGC875346
312,1,XGP422767
311,1,WFY784128
310,1,VFP866401
309,1,TFL266616
308,1,SDV403955
307,1,RDL990416
306,1,QDF124702
305,1,PCX789361
304,1,NCQ170044
303,1,MCC168984
302,1,LBW818948
301,1,KBF921587
