No.,Day,DD,MMM,YYYY,N1,N2,N3,N4,N5,Jackpot,Wins
1974,Fri,21,Aug,2026,10,14,15,19,45,,
1973,Tue,18,Aug,2026,3,9,38,40,50,1000000,0
1972,Fri,14,Aug,2026,5,29,39,48,49,1000000,0
1971,Tue,11,Aug,2026,3,11,17,46,48,1000000,0
1970,Fri,7,Aug,2026,26,29,35,38,47,1000000,0
1969,Tue,4,Aug,2026,25,30,34,46,50,1000000,0
1968,Fri,31,Jul,2026,10,24,25,31,45,1000000,0
1967,Tue,28,Jul,2026,5,7,24,30,49,1000000,0
1966,Fri,24,Jul,2026,8,10,30,36,47,1000000,0
1965,Tue,21,Jul,2026,2,3,8,28,39,1000000,0
1964,Fri,17,Jul,2026,12,21,23,34,40,1000000,0
1963,Tue,14,Jul,2026,10,19,37,42,47,1000000,0
1962,Fri,10,Jul,2026,2,14,28,33,48,1000000,0
1961,Tue,7,Jul,2026,5,29,33,45,47,1000000,0
1960,Fri,3,Jul,2026,2,12,17,25,39,1000000,0
1959,Tue,30,Jun,2026,1,8,37,44,48,1000000,0
1958,Fri,26,Jun,2026,6,16,26,34,35,1000000,0
1957,Tue,23,Jun,2026,3,33,36,45,46,1000000,0
1956,Fri,19,Jun,2026,8,34,39,41,42,1000000,0
1955,Tue,16,Jun,2026,18,25,31,37,45,1000000,0
1954,Fri,12,Jun,2026,4,7,14,22,23,1000000,0
1953,Tue,9,Jun,2026,2,7,23,44,46,1000000,0
1952,Fri,5,Jun,2026,5,6,16,17,49,1000000,0
1951,Tue,2,Jun,2026,6,9,17,18,42,1000000,0
1950,Fri,29,May,2026,5,14,18,31,35,1000000,0
1949,Tue,26,May,2026,6,23,25,35,37,1000000,0
1948,Fri,22,May,2026,6,22,26,31,37,1000000,0
1947,Tue,19,May,2026,2,12,20,38,45,1000000,0
1946,Fri,15,May,2026,3,10,38,41,43,1000000,0
1945,Tue,12,May,2026,4,26,32,35,36,1000000,0
1944,Fri,8,May,2026,2,17,19,34,37,1000000,0
1943,Tue,5,May,2026,3,4,8,20,31,1000000,0
1942,Fri,1,May,2026,3,9,42,46,47,1000000,0
1941,Tue,28,Apr,2026,26,29,41,46,47,1000000,0
1940,Fri,24,Apr,2026,25,26,30,40,45,1000000,0
1939,Tue,21,Apr,2026,13,16,29,40,47,1000000,0
1938,Fri,17,Apr,2026,22,23,28,41,47,1000000,0
1937,Tue,14,Apr,2026,1,2,4,28,44,1000000,0
1936,Fri,10,Apr,2026,10,13,14,38,41,1000000,0
1935,Tue,7,Apr,2026,11,14,19,36,49,1000000,0
1934,Fri,3,Apr,2026,8,27,29,46,49,1000000,0
1933,Tue,31,Mar,2026,5,8,10,33,38,1000000,0
1932,Fri,27,Mar,2026,4,10,43,44,48,1000000,0
1931,Tue,24,Mar,2026,12,16,17,18,27,1000000,0
1930,Fri,20,Mar,2026,5,12,16,37,46,1000000,0
1929,Tue,17,Mar,2026,5,17,28,33,41,1000000,0
1928,Fri,13,Mar,2026,13,17,26,41,48,1000000,0
1927,Tue,10,Mar,2026,12,14,27,44,50,1000000,0
1926,Fri,6,Mar,2026,15,16,19,28,37,1000000,0
1925,Tue,3,Mar,2026,6,7,24,34,50,1000000,0
1924,Fri,27,Feb,2026,14,24,27,39,42,1000000,0
1923,Tue,24,Feb,2026,10,27,40,43,47,1000000,0
1922,Fri,20,Feb,2026,13,24,28,33,35,1000000,0
1921,Tue,17,Feb,2026,1,4,6,10,41,,
1920,Fri,13,Feb,2026,9,13,31,37,40,,
1919,Tue,10,Feb,2026,1,17,19,34,42,,
1918,Fri,6,Feb,2026,10,13,20,23,24,,
1917,Tue,3,Feb,2026,26,27,28,34,37,,
1916,Fri,30,Jan,2026,14,18,31,35,46,,
1915,Tue,27,Jan,2026,4,23,42,43,47,,
1914,Fri,23,Jan,2026,4,5,13,21,42,,
1913,Tue,20,Jan,2026,11,18,19,22,50,,
1912,Fri,16,Jan,2026,5,17,24,29,50,,
1911,Tue,13,Jan,2026,6,10,18,44,47,,
1910,Fri,9,Jan,2026,1,7,10,26,34,,
1909,Tue,6,Jan,2026,5,14,17,18,31,,
1908,Fri,2,Jan,2026,8,27,42,44,46,,
1907,Tue,30,Dec,2025,11,26,29,34,44,,
1906,Fri,26,Dec,2025,12,22,32,36,48,,
1905,Tue,23,Dec,2025,8,26,27,29,44,,
1904,Fri,19,Dec,2025,17,21,39,43,44,,
1903,Tue,16,Dec,2025,14,16,40,41,44,,
1902,Fri,12,Dec,2025,7,25,30,37,41,,
1901,Tue,9,Dec,2025,2,8,13,29,49,,
1900,Fri,5,Dec,2025,9,15,25,34,46,,
1899,Tue,2,Dec,2025,4,13,14,20,41,,
1898,Fri,28,Nov,2025,5,29,33,39,42,,
1897,Tue,25,Nov,2025,6,11,17,35,44,,
1896,Fri,21,Nov,2025,17,19,29,35,48,,
1895,Tue,18,Nov,2025,2,4,15,21,48,,
1894,Fri,14,Nov,2025,9,26,27,45,48,,
1893,Tue,11,Nov,2025,4,22,32,36,47,,
1892,Fri,7,Nov,2025,11,21,39,40,43,,
1891,Tue,4,Nov,2025,6,9,25,28,45,,
1890,Fri,31,Oct,2025,5,14,38,43,45,,
1889,Tue,28,Oct,2025,7,8,24,35,49,,
1888,Fri,24,Oct,2025,7,8,25,31,45,,
1887,Tue,21,Oct,2025,5,24,29,40,42,,
1886,Fri,17,Oct,2025,13,35,39,44,47,,
1885,Tue,14,Oct,2025,5,8,14,16,18,,
1884,Fri,10,Oct,2025,6,7,17,20,21,,
1883,Tue,7,Oct,2025,24,39,42,43,48,,
1882,Fri,3,Oct,2025,6,12,18,25,41,,
1881,Tue,30,Sep,2025,3,8,15,17,48,,
1880,Fri,26,Sep,2025,4,17,25,28,44,,
1879,Tue,23,Sep,2025,11,13,24,29,33,,
1878,Fri,19,Sep,2025,8,10,26,32,42,,
1877,Tue,16,Sep,2025,1,9,13,35,40,,
1876,Fri,12,Sep,2025,5,10,23,31,37,,
1875,Tue,9,Sep,2025,3,13,24,39,40,,
1874,Fri,5,Sep,2025,27,30,31,41,43,,
1873,Tue,2,Sep,2025,13,30,31,32,36,,
1872,Fri,29,Aug,2025,6,9,10,13,37,,
1871,Tue,26,Aug,2025,2,14,38,42,45,,
1870,Fri,22,Aug,2025,6,9,12,30,39,,
1869,Tue,19,Aug,2025,24,31,34,41,43,,
1868,Fri,15,Aug,2025,13,30,35,36,40,,
1867,Tue,12,Aug,2025,18,28,42,46,48,,
1866,Fri,8,Aug,2025,2,12,19,34,44,,
1865,Tue,5,Aug,2025,1,3,5,42,47,,
1864,Fri,1,Aug,2025,4,16,25,29,30,,
1863,Tue,29,Jul,2025,5,6,42,44,46,,
1862,Fri,25,Jul,2025,6,7,23,32,36,,
1861,Tue,22,Jul,2025,8,15,26,33,41,,
1860,Fri,18,Jul,2025,13,19,25,42,45,,
1859,Tue,15,Jul,2025,24,38,41,45,49,,
1858,Fri,11,Jul,2025,8,23,24,45,49,,
1857,Tue,8,Jul,2025,1,8,9,18,50,,
1856,Fri,4,Jul,2025,19,29,42,45,48,,
1855,Tue,1,Jul,2025,1,17,28,32,34,,
1854,Fri,27,Jun,2025,19,27,36,45,49,,
1853,Tue,24,Jun,2025,7,16,21,23,39,,
1852,Fri,20,Jun,2025,5,8,24,37,47,,
1851,Tue,17,Jun,2025,13,22,23,44,49,,
1850,Fri,13,Jun,2025,2,28,40,43,45,,
1849,Tue,10,Jun,2025,19,36,39,40,45,,
1848,Fri,6,Jun,2025,20,21,29,30,35,,
1847,Tue,3,Jun,2025,12,15,38,47,48,,
1846,Fri,30,May,2025,4,7,14,33,36,,
1845,Tue,27,May,2025,12,30,38,40,41,,
1844,Fri,23,May,2025,10,29,43,46,49,,
1843,Tue,20,May,2025,1,8,13,29,47,,
1842,Fri,16,May,2025,6,9,25,37,46,,
1841,Tue,13,May,2025,9,19,44,47,50,,
1840,Fri,9,May,2025,15,18,25,29,47,,
1839,Tue,6,May,2025,8,23,24,47,48,,
1838,Fri,2,May,2025,3,5,19,21,49,,
1837,Tue,29,Apr,2025,2,9,24,30,41,,
1836,Fri,25,Apr,2025,13,22,32,39,41,,
1835,Tue,22,Apr,2025,7,28,33,37,47,,
1834,Fri,18,Apr,2025,20,27,35,39,48,,
1833,Tue,15,Apr,2025,3,31,33,38,44,,
1832,Fri,11,Apr,2025,14,28,34,46,49,,
1831,Tue,8,Apr,2025,3,14,15,48,49,,
1830,Fri,4,Apr,2025,27,39,41,45,50,,
1829,Tue,1,Apr,2025,9,24,30,46,49,,
1828,Fri,28,Mar,2025,10,21,30,42,45,,
1827,Tue,25,Mar,2025,1,3,18,33,36,,
1826,Fri,21,Mar,2025,9,17,18,21,50,,
1825,Tue,18,Mar,2025,4,9,35,46,50,,
1824,Fri,14,Mar,2025,8,10,33,35,49,,
1823,Tue,11,Mar,2025,13,36,37,42,47,,
1822,Fri,7,Mar,2025,6,10,27,32,48,,
1821,Tue,4,Mar,2025,15,20,29,35,42,,
1820,Fri,28,Feb,2025,7,16,31,43,46,,
1819,Tue,25,Feb,2025,17,22,23,24,44,,
1818,Fri,21,Feb,2025,1,3,11,20,43,,
1817,Tue,18,Feb,2025,5,14,25,26,40,,
1816,Fri,14,Feb,2025,4,14,31,36,38,,
1815,Tue,11,Feb,2025,3,21,36,41,46,,
1814,Fri,7,Feb,2025,10,23,24,29,45,,
1813,Tue,4,Feb,2025,3,4,29,39,43,,
1812,Fri,31,Jan,2025,22,30,41,44,49,,
1811,Tue,28,Jan,2025,9,37,41,42,49,,
1810,Fri,24,Jan,2025,2,11,19,30,49,,
1809,Tue,21,Jan,2025,6,8,14,27,41,,
1808,Fri,17,Jan,2025,8,15,24,35,42,,
1807,Tue,14,Jan,2025,18,20,29,41,48,,
1806,Fri,10,Jan,2025,12,27,36,37,42,,
1805,Tue,7,Jan,2025,20,33,35,41,47,,
1804,Fri,3,Jan,2025,3,19,29,35,37,,
1803,Tue,31,Dec,2024,19,24,26,28,33,,
1802,Fri,27,Dec,2024,12,22,27,33,45,,
1801,Tue,24,Dec,2024,6,10,16,23,24,,
1800,Fri,20,Dec,2024,10,14,21,33,50,,
1799,Tue,17,Dec,2024,1,3,4,21,29,,
1798,Fri,13,Dec,2024,1,15,25,42,50,,
1797,Tue,10,Dec,2024,5,24,25,29,47,,
1796,Fri,6,Dec,2024,14,25,39,44,47,,
1795,Tue,3,Dec,2024,23,25,34,46,47,,
1794,Fri,29,Nov,2024,8,17,18,29,43,,
1793,Tue,26,Nov,2024,7,11,25,31,40,,
1792,Fri,22,Nov,2024,10,11,12,29,31,,
1791,Tue,19,Nov,2024,4,13,20,28,49,,
1790,Fri,15,Nov,2024,7,8,34,39,44,,
1789,Tue,12,Nov,2024,10,11,12,22,50,,
1788,Fri,8,Nov,2024,2,33,35,42,48,,
1787,Tue,5,Nov,2024,1,8,19,37,50,,
1786,Fri,1,Nov,2024,7,33,38,44,50,,
1785,Tue,29,Oct,2024,1,2,19,30,45,,
1784,Fri,25,Oct,2024,4,17,20,25,45,,
1783,Tue,22,Oct,2024,3,13,27,30,46,,
1782,Fri,18,Oct,2024,4,15,23,30,39,,
1781,Tue,15,Oct,2024,2,15,32,36,48,,
1780,Fri,11,Oct,2024,16,23,32,46,49,,
1779,Tue,8,Oct,2024,7,14,19,34,40,,
1778,Fri,4,Oct,2024,4,8,16,17,20,,
1777,Tue,1,Oct,2024,8,22,29,41,42,,
1776,Fri,27,Sep,2024,7,20,21,27,38,,
1775,Tue,24,Sep,2024,18,20,21,36,49,,
1774,Fri,20,Sep,2024,16,25,29,34,37,,
1773,Tue,17,Sep,2024,20,30,32,41,44,,
1772,Fri,13,Sep,2024,10,15,17,31,42,,
1771,Tue,10,Sep,2024,6,29,46,47,48,,
1770,Fri,6,Sep,2024,12,14,34,41,47,,
1769,Tue,3,Sep,2024,7,9,11,16,45,,
1768,Fri,30,Aug,2024,3,24,27,33,42,,
1767,Tue,27,Aug,2024,1,8,11,42,47,,
1766,Fri,23,Aug,2024,9,15,24,47,50,,
1765,Tue,20,Aug,2024,7,10,13,18,26,,
1764,Fri,16,Aug,2024,15,17,29,45,49,,
1763,Tue,13,Aug,2024,15,16,39,40,47,,
1762,Fri,9,Aug,2024,21,23,25,33,44,,
1761,Tue,6,Aug,2024,1,18,27,41,50,,
1760,Fri,2,Aug,2024,5,7,12,33,46,,
1759,Tue,30,Jul,2024,9,25,28,37,38,,
1758,Fri,26,Jul,2024,4,19,23,35,37,,
1757,Tue,23,Jul,2024,4,8,10,16,34,,
1756,Fri,19,Jul,2024,15,22,35,44,48,,
1755,Tue,16,Jul,2024,2,32,35,36,39,,
1754,Fri,12,Jul,2024,12,18,24,25,39,,
1753,Tue,9,Jul,2024,6,15,19,28,39,,
1752,Fri,5,Jul,2024,11,13,29,31,47,,
1751,Tue,2,Jul,2024,2,7,34,35,46,,
1750,Fri,28,Jun,2024,10,16,18,22,35,,
1749,Tue,25,Jun,2024,14,16,37,45,49,,
1748,Fri,21,Jun,2024,3,4,7,11,17,,
1747,Tue,18,Jun,2024,3,11,33,34,36,,
1746,Fri,14,Jun,2024,2,13,16,24,32,,
1745,Tue,11,Jun,2024,7,15,34,45,48,,
1744,Fri,7,Jun,2024,15,16,26,30,37,,
1743,Tue,4,Jun,2024,6,7,9,14,43,,
1742,Fri,31,May,2024,4,7,16,33,34,,
1741,Tue,28,May,2024,16,18,35,36,41,,
1740,Fri,24,May,2024,9,12,18,22,50,,
1739,Tue,21,May,2024,11,13,14,34,48,,
1738,Fri,17,May,2024,18,31,32,41,46,,
1737,Tue,14,May,2024,2,8,17,28,35,,
1736,Fri,10,May,2024,13,28,29,44,48,,
1735,Tue,7,May,2024,35,36,41,42,45,,
1734,Fri,3,May,2024,6,9,10,30,49,,
1733,Tue,30,Apr,2024,13,22,24,33,47,,
1732,Fri,26,Apr,2024,2,20,39,40,47,,
1731,Tue,23,Apr,2024,6,9,11,32,49,,
1730,Fri,19,Apr,2024,10,20,40,44,46,,
1729,Tue,16,Apr,2024,22,29,31,39,46,,
1728,Fri,12,Apr,2024,2,3,12,16,45,,
1727,Tue,9,Apr,2024,19,23,26,27,46,,
1726,Fri,5,Apr,2024,13,18,26,35,37,,
1725,Tue,2,Apr,2024,1,23,31,36,48,,
1724,Fri,29,Mar,2024,16,17,35,36,49,,
1723,Tue,26,Mar,2024,2,13,14,26,29,,
1722,Fri,22,Mar,2024,8,11,23,32,44,,
1721,Tue,19,Mar,2024,7,16,18,20,32,,
1720,Fri,15,Mar,2024,1,4,31,34,40,,
1719,Tue,12,Mar,2024,13,19,30,38,46,,
1718,Fri,8,Mar,2024,8,11,12,16,44,,
1717,Tue,5,Mar,2024,2,15,17,23,36,,
1716,Fri,1,Mar,2024,4,7,19,20,34,,
1715,Tue,27,Feb,2024,3,4,9,12,20,,
1714,Fri,23,Feb,2024,24,27,28,30,49,,
1713,Tue,20,Feb,2024,23,31,37,42,48,,
1712,Fri,16,Feb,2024,8,13,14,24,26,,
1711,Tue,13,Feb,2024,13,17,18,20,46,,
1710,Fri,9,Feb,2024,23,24,35,37,45,,
1709,Tue,6,Feb,2024,2,7,21,28,45,,
1708,Fri,2,Feb,2024,13,20,23,27,42,,
1707,Tue,30,Jan,2024,5,10,19,27,30,,
1706,Fri,26,Jan,2024,8,19,32,41,42,,
1705,Tue,23,Jan,2024,14,23,39,48,50,,
1704,Fri,19,Jan,2024,27,28,44,48,50,,
1703,Tue,16,Jan,2024,10,18,21,33,45,,
1702,Fri,12,Jan,2024,16,17,18,45,49,,
1701,Tue,9,Jan,2024,2,9,12,39,40,,
1700,Fri,5,Jan,2024,4,7,18,39,50,,
1699,Tue,2,Jan,2024,7,15,18,46,49,,
1698,Fri,29,Dec,2023,2,3,19,36,37,,
1697,Tue,26,Dec,2023,8,27,30,35,47,,
1696,Fri,22,Dec,2023,6,14,34,44,49,,
1695,Tue,19,Dec,2023,10,20,41,43,45,,
1694,Fri,15,Dec,2023,2,13,37,38,48,,
1693,Tue,12,Dec,2023,6,28,37,39,43,,
1692,Fri,8,Dec,2023,17,30,42,48,50,,
1691,Tue,5,Dec,2023,4,6,20,24,25,,
1690,Fri,1,Dec,2023,4,10,14,38,50,,
1689,Tue,28,Nov,2023,12,16,27,33,44,,
1688,Fri,24,Nov,2023,15,20,29,39,48,,
1687,Tue,21,Nov,2023,19,29,34,46,47,,
1686,Fri,17,Nov,2023,2,24,26,46,50,,
1685,Tue,14,Nov,2023,13,16,36,44,50,,
1684,Fri,10,Nov,2023,10,21,30,38,42,,
1683,Tue,7,Nov,2023,8,10,11,30,39,,
1682,Fri,3,Nov,2023,8,21,31,39,47,,
1681,Tue,31,Oct,2023,5,7,20,40,50,,
1680,Fri,27,Oct,2023,29,33,35,48,49,,
1679,Tue,24,Oct,2023,8,16,18,31,34,,
1678,Fri,20,Oct,2023,2,20,28,40,45,,
1677,Tue,17,Oct,2023,10,17,20,35,40,,
1676,Fri,13,Oct,2023,21,26,28,40,41,,
1675,Tue,10,Oct,2023,18,20,22,33,43,,
1674,Fri,6,Oct,2023,21,29,31,34,43,,
1673,Tue,3,Oct,2023,6,20,22,24,45,,
1672,Fri,29,Sep,2023,9,11,13,21,32,,
1671,Tue,26,Sep,2023,2,6,14,19,23,,
1670,Fri,22,Sep,2023,3,23,24,34,35,,
1669,Tue,19,Sep,2023,10,15,31,41,42,,
1668,Fri,15,Sep,2023,12,14,21,45,48,,
1667,Tue,12,Sep,2023,5,14,36,40,42,,
1666,Fri,8,Sep,2023,10,20,21,26,33,,
1665,Tue,5,Sep,2023,1,7,24,41,48,,
1664,Fri,1,Sep,2023,4,5,35,37,43,,
1663,Tue,29,Aug,2023,21,23,32,40,49,,
1662,Fri,25,Aug,2023,16,17,34,35,44,,
1661,Tue,22,Aug,2023,2,9,23,32,40,,
1660,Fri,18,Aug,2023,23,25,30,44,47,,
1659,Tue,15,Aug,2023,3,5,9,32,43,,
1658,Fri,11,Aug,2023,4,6,10,13,34,,
1657,Tue,8,Aug,2023,8,9,33,35,40,,
1656,Fri,4,Aug,2023,15,20,31,44,48,,
1655,Tue,1,Aug,2023,25,27,35,40,45,,
1654,Fri,28,Jul,2023,7,32,33,34,38,,
1653,Tue,25,Jul,2023,5,7,11,27,37,,
1652,Fri,21,Jul,2023,7,31,33,35,36,,
1651,Tue,18,Jul,2023,4,12,34,35,45,,
1650,Fri,14,Jul,2023,5,8,29,35,48,,
1649,Tue,11,Jul,2023,2,11,28,42,48,,
1648,Fri,7,Jul,2023,2,11,12,19,38,,
1647,Tue,4,Jul,2023,14,17,23,36,44,,
1646,Fri,30,Jun,2023,1,6,25,29,36,,
1645,Tue,27,Jun,2023,17,22,23,27,44,,
1644,Fri,23,Jun,2023,1,3,11,33,46,,
1643,Tue,20,Jun,2023,11,17,28,32,35,,
1642,Fri,16,Jun,2023,7,26,34,41,44,,
1641,Tue,13,Jun,2023,15,16,21,41,50,,
1640,Fri,9,Jun,2023,18,26,36,41,50,,
1639,Tue,6,Jun,2023,13,21,32,39,50,,
1638,Fri,2,Jun,2023,3,12,15,25,43,,
1637,Tue,30,May,2023,27,29,32,33,47,,
1636,Fri,26,May,2023,15,25,37,38,41,,
1635,Tue,23,May,2023,5,6,14,23,34,,
1634,Fri,19,May,2023,18,27,34,41,49,,
1633,Tue,16,May,2023,4,6,9,14,37,,
1632,Fri,12,May,2023,9,10,13,39,44,,
1631,Tue,9,May,2023,13,17,21,28,46,,
1630,Fri,5,May,2023,3,8,18,34,49,,
1629,Tue,2,May,2023,7,32,44,47,48,,
1628,Fri,28,Apr,2023,11,13,16,23,34,,
1627,Tue,25,Apr,2023,10,29,30,40,45,,
1626,Fri,21,Apr,2023,7,8,18,33,42,,
1625,Tue,18,Apr,2023,17,21,23,35,37,,
1624,Fri,14,Apr,2023,4,11,37,44,49,,
1623,Tue,11,Apr,2023,10,14,16,19,29,,
1622,Fri,7,Apr,2023,5,26,28,36,46,,
1621,Tue,4,Apr,2023,10,16,31,33,50,,
1620,Fri,31,Mar,2023,16,18,28,34,47,,
1619,Tue,28,Mar,2023,16,21,34,36,44,,
1618,Fri,24,Mar,2023,5,12,25,36,46,,
1617,Tue,21,Mar,2023,1,9,20,29,32,,
1616,Fri,17,Mar,2023,5,15,26,37,49,,
1615,Tue,14,Mar,2023,16,26,28,31,46,,
1614,Fri,10,Mar,2023,9,16,37,38,48,,
1613,Tue,7,Mar,2023,11,13,24,35,50,,
1612,Fri,3,Mar,2023,3,6,8,24,50,,
1611,Tue,28,Feb,2023,12,29,33,37,47,,
1610,Fri,24,Feb,2023,7,23,34,42,48,,
1609,Tue,21,Feb,2023,21,22,34,41,49,,
1608,Fri,17,Feb,2023,8,23,27,42,45,,
1607,Tue,14,Feb,2023,24,26,38,43,46,,
1606,Fri,10,Feb,2023,3,13,25,36,47,,
1605,Tue,7,Feb,2023,2,8,34,44,47,,
1604,Fri,3,Feb,2023,2,14,17,32,45,,
1603,Tue,31,Jan,2023,7,12,19,33,43,,
1602,Fri,27,Jan,2023,8,9,15,19,31,,
1601,Tue,24,Jan,2023,11,27,41,43,47,,
1600,Fri,20,Jan,2023,3,6,13,40,42,,
1599,Tue,17,Jan,2023,18,21,30,46,50,,
1598,Fri,13,Jan,2023,4,13,25,33,37,,
1597,Tue,10,Jan,2023,11,13,34,40,42,,
1596,Fri,6,Jan,2023,16,31,35,44,45,,
1595,Tue,3,Jan,2023,20,21,29,45,46,,
1594,Fri,30,Dec,2022,17,34,42,47,48,,
1593,Tue,27,Dec,2022,19,31,33,34,43,,
1592,Fri,23,Dec,2022,16,17,23,26,35,,
1591,Tue,20,Dec,2022,1,11,17,20,27,,
1590,Fri,16,Dec,2022,2,15,19,35,44,,
1589,Tue,13,Dec,2022,3,9,12,26,30,,
1588,Fri,9,Dec,2022,8,27,31,46,50,,
1587,Tue,6,Dec,2022,12,20,25,26,27,,
1586,Fri,2,Dec,2022,12,21,35,39,45,,
1585,Tue,29,Nov,2022,15,20,24,35,38,,
1584,Fri,25,Nov,2022,19,21,35,37,39,,
1583,Tue,22,Nov,2022,21,22,24,29,42,,
1582,Fri,18,Nov,2022,13,16,19,35,41,,
1581,Tue,15,Nov,2022,13,21,24,31,33,,
1580,Fri,11,Nov,2022,2,19,24,25,44,,
1579,Tue,8,Nov,2022,3,5,32,33,50,,
1578,Fri,4,Nov,2022,2,11,37,45,47,,
1577,Tue,1,Nov,2022,19,37,42,47,48,,
1576,Fri,28,Oct,2022,14,16,21,28,35,,
1575,Tue,25,Oct,2022,7,24,34,39,46,,
1574,Fri,21,Oct,2022,25,26,28,38,40,,
1573,Tue,18,Oct,2022,3,5,13,42,48,,
1572,Fri,14,Oct,2022,24,28,29,34,48,,
1571,Tue,11,Oct,2022,8,23,32,35,40,,
1570,Fri,7,Oct,2022,26,27,42,45,50,,
1569,Tue,4,Oct,2022,3,18,28,42,43,,
1568,Fri,30,Sep,2022,1,2,11,16,26,,
1567,Tue,27,Sep,2022,4,20,21,34,44,,
1566,Fri,23,Sep,2022,14,15,22,35,48,,
1565,Tue,20,Sep,2022,11,21,23,32,48,,
1564,Fri,16,Sep,2022,10,27,36,45,49,,
1563,Tue,13,Sep,2022,9,12,15,40,47,,
1562,Fri,9,Sep,2022,17,23,24,26,27,,
1561,Tue,6,Sep,2022,7,10,22,29,44,,
1560,Fri,2,Sep,2022,7,12,13,20,45,,
1559,Tue,30,Aug,2022,4,6,10,15,19,,
1558,Fri,26,Aug,2022,22,23,25,38,44,,
1557,Tue,23,Aug,2022,19,26,31,39,48,,
1556,Fri,19,Aug,2022,2,9,13,19,38,,
1555,Tue,16,Aug,2022,10,14,25,32,39,,
1554,Fri,12,Aug,2022,14,17,34,35,42,,
1553,Tue,9,Aug,2022,18,19,21,27,47,,
1552,Fri,5,Aug,2022,3,29,33,35,44,,
1551,Tue,2,Aug,2022,7,18,28,40,48,,
1550,Fri,29,Jul,2022,3,23,38,43,48,,
1549,Tue,26,Jul,2022,3,5,17,25,27,,
1548,Fri,22,Jul,2022,16,18,29,32,50,,
1547,Tue,19,Jul,2022,6,23,27,40,41,,
1546,Fri,15,Jul,2022,9,17,29,38,39,,
1545,Tue,12,Jul,2022,14,18,24,25,50,,
1544,Fri,8,Jul,2022,28,31,35,43,46,,
1543,Tue,5,Jul,2022,7,10,25,45,48,,
1542,Fri,1,Jul,2022,6,18,24,34,46,,
1541,Tue,28,Jun,2022,10,35,42,47,48,,
1540,Fri,24,Jun,2022,10,17,28,44,50,,
1539,Tue,21,Jun,2022,6,23,36,39,47,,
1538,Fri,17,Jun,2022,19,21,22,31,38,,
1537,Tue,14,Jun,2022,2,7,27,34,40,,
1536,Fri,10,Jun,2022,17,26,36,37,40,,
1535,Tue,7,Jun,2022,6,16,17,25,31,,
1534,Fri,3,Jun,2022,12,28,29,34,48,,
1533,Tue,31,May,2022,3,10,13,42,49,,
1532,Fri,27,May,2022,15,23,28,34,48,,
1531,Tue,24,May,2022,10,13,27,36,37,,
1530,Fri,20,May,2022,8,22,23,32,50,,
1529,Tue,17,May,2022,5,28,30,48,49,,
1528,Fri,13,May,2022,3,11,17,45,48,,
1527,Tue,10,May,2022,3,25,27,28,29,,
1526,Fri,6,May,2022,3,8,18,24,40,,
1525,Tue,3,May,2022,8,20,26,47,48,,
1524,Fri,29,Apr,2022,10,11,20,36,37,,
1523,Tue,26,Apr,2022,4,25,28,34,45,,
1522,Fri,22,Apr,2022,6,11,21,35,36,,
1521,Tue,19,Apr,2022,2,12,17,28,46,,
1520,Fri,15,Apr,2022,6,24,30,32,48,,
1519,Tue,12,Apr,2022,21,30,31,35,47,,
1518,Fri,8,Apr,2022,1,15,16,38,45,,
1517,Tue,5,Apr,2022,1,11,13,24,49,,
1516,Fri,1,Apr,2022,2,7,21,31,45,,
1515,Tue,29,Mar,2022,8,11,33,42,43,,
1514,Fri,25,Mar,2022,6,10,24,27,29,,
1513,Tue,22,Mar,2022,7,17,21,29,40,,
1512,Fri,18,Mar,2022,1,9,14,17,43,,
1511,Tue,15,Mar,2022,1,2,12,19,26,,
1510,Fri,11,Mar,2022,12,19,22,23,48,,
1509,Tue,8,Mar,2022,12,18,21,25,31,,
1508,Fri,4,Mar,2022,6,20,40,42,43,,
1507,Tue,1,Mar,2022,8,24,26,39,42,,
1506,Fri,25,Feb,2022,10,13,24,30,42,,
1505,Tue,22,Feb,2022,5,9,14,26,32,,
1504,Fri,18,Feb,2022,25,38,41,43,50,,
1503,Tue,15,Feb,2022,9,20,31,33,44,,
1502,Fri,11,Feb,2022,13,18,38,42,45,,
1501,Tue,8,Feb,2022,6,20,34,37,43,,
1500,Fri,4,Feb,2022,3,25,38,43,49,,
1499,Tue,1,Feb,2022,1,19,36,38,49,,
1498,Fri,28,Jan,2022,10,25,29,34,45,,
1497,Tue,25,Jan,2022,6,16,18,39,47,,
1496,Fri,21,Jan,2022,5,14,35,36,39,,
1495,Tue,18,Jan,2022,3,12,19,24,30,,
1494,Fri,14,Jan,2022,6,17,25,31,46,,
1493,Tue,11,Jan,2022,4,23,32,33,44,,
1492,Fri,7,Jan,2022,2,14,37,44,50,,
1491,Tue,4,Jan,2022,18,28,35,36,41,,
1490,Fri,31,Dec,2021,7,22,25,43,49,,
1489,Tue,28,Dec,2021,4,6,15,17,29,,
1488,Fri,24,Dec,2021,2,26,28,34,41,,
1487,Tue,21,Dec,2021,12,17,21,34,38,,
1486,Fri,17,Dec,2021,1,2,15,30,35,,
1485,Tue,14,Dec,2021,19,21,37,47,48,,
1484,Fri,10,Dec,2021,11,21,33,38,42,,
1483,Tue,7,Dec,2021,22,31,38,46,47,,
1482,Fri,3,Dec,2021,21,22,29,32,46,,
1481,Tue,30,Nov,2021,19,20,26,33,43,,
1480,Fri,26,Nov,2021,1,20,41,42,50,,
1479,Tue,23,Nov,2021,17,21,36,42,46,,
1478,Fri,19,Nov,2021,22,26,38,47,50,,
1477,Tue,16,Nov,2021,9,19,21,32,36,,
1476,Fri,12,Nov,2021,2,9,15,47,50,,
1475,Tue,9,Nov,2021,17,25,26,33,36,,
1474,Fri,5,Nov,2021,2,12,25,30,41,,
1473,Tue,2,Nov,2021,2,3,17,29,43,,
1472,Fri,29,Oct,2021,10,15,28,32,49,,
1471,Tue,26,Oct,2021,12,15,20,42,44,,
1470,Fri,22,Oct,2021,12,17,22,33,39,,
1469,Tue,19,Oct,2021,4,20,36,40,41,,
1468,Fri,15,Oct,2021,21,26,31,34,49,,
1467,Tue,12,Oct,2021,6,13,22,45,49,,
1466,Fri,8,Oct,2021,1,10,23,42,46,,
1465,Tue,5,Oct,2021,11,13,14,36,45,,
1464,Fri,1,Oct,2021,1,15,19,26,48,,
1463,Tue,28,Sep,2021,6,7,12,33,39,,
1462,Fri,24,Sep,2021,2,12,20,27,41,,
1461,Tue,21,Sep,2021,20,25,26,30,38,,
1460,Fri,17,Sep,2021,5,7,8,10,34,,
1459,Tue,14,Sep,2021,12,18,35,38,45,,
1458,Fri,10,Sep,2021,1,6,7,18,28,,
1457,Tue,7,Sep,2021,7,19,35,42,43,,
1456,Fri,3,Sep,2021,5,7,13,29,35,,
1455,Tue,31,Aug,2021,5,13,17,32,43,,
1454,Fri,27,Aug,2021,2,3,31,46,50,,
1453,Tue,24,Aug,2021,19,21,36,44,50,,
1452,Fri,20,Aug,2021,3,9,19,20,23,,
1451,Tue,17,Aug,2021,12,31,41,42,47,,
1450,Fri,13,Aug,2021,6,12,44,47,49,,
1449,Tue,10,Aug,2021,9,37,47,48,49,,
1448,Fri,6,Aug,2021,7,14,21,26,32,,
1447,Tue,3,Aug,2021,17,21,23,45,46,,
1446,Fri,30,Jul,2021,10,23,33,35,37,,
1445,Tue,27,Jul,2021,5,9,19,21,25,,
1444,Fri,23,Jul,2021,23,24,26,34,50,,
1443,Tue,20,Jul,2021,3,12,19,41,48,,
1442,Fri,16,Jul,2021,5,16,42,47,49,,
1441,Tue,13,Jul,2021,5,6,8,11,22,,
1440,Fri,9,Jul,2021,6,19,36,37,49,,
1439,Tue,6,Jul,2021,2,5,21,27,42,,
1438,Fri,2,Jul,2021,9,14,29,38,49,,
1437,Tue,29,Jun,2021,6,12,20,24,48,,
1436,Fri,25,Jun,2021,1,29,30,33,36,,
1435,Tue,22,Jun,2021,6,24,26,27,41,,
1434,Fri,18,Jun,2021,11,20,27,30,41,,
1433,Tue,15,Jun,2021,11,21,26,30,31,,
1432,Fri,11,Jun,2021,9,17,21,33,39,,
1431,Tue,8,Jun,2021,2,11,26,36,47,,
1430,Fri,4,Jun,2021,7,20,36,40,46,,
1429,Tue,1,Jun,2021,3,10,26,35,44,,
1428,Fri,28,May,2021,11,13,16,34,40,,
1427,Tue,25,May,2021,1,21,26,30,38,,
1426,Fri,21,May,2021,2,9,13,15,35,,
1425,Tue,18,May,2021,5,13,38,39,40,,
1424,Fri,14,May,2021,6,16,18,29,38,,
1423,Tue,11,May,2021,14,25,34,43,46,,
1422,Fri,7,May,2021,14,22,33,38,47,,
1421,Tue,4,May,2021,3,10,13,28,46,,
1420,Fri,30,Apr,2021,1,16,24,28,46,,
1419,Tue,27,Apr,2021,13,14,24,35,49,,
1418,Fri,23,Apr,2021,3,14,15,19,29,,
1417,Tue,20,Apr,2021,5,17,28,41,46,,
1416,Fri,16,Apr,2021,6,11,29,40,48,,
1415,Tue,13,Apr,2021,16,20,31,47,50,,
1414,Fri,9,Apr,2021,2,8,32,35,44,,
1413,Tue,6,Apr,2021,2,21,37,38,50,,
1412,Fri,2,Apr,2021,4,21,34,40,47,,
1411,Tue,30,Mar,2021,24,27,28,29,42,,
1410,Fri,26,Mar,2021,10,12,37,49,50,,
1409,Tue,23,Mar,2021,2,26,29,36,49,,
1408,Fri,19,Mar,2021,3,9,35,43,44,,
1407,Tue,16,Mar,2021,23,25,32,35,47,,
1406,Fri,12,Mar,2021,4,6,9,11,44,,
1405,Tue,9,Mar,2021,1,16,21,32,33,,
1404,Fri,5,Mar,2021,4,5,39,46,48,,
1403,Tue,2,Mar,2021,2,19,24,26,49,,
1402,Fri,26,Feb,2021,6,12,22,29,33,,
1401,Tue,23,Feb,2021,9,18,30,39,45,,
1400,Fri,19,Feb,2021,4,12,25,46,48,,
1399,Tue,16,Feb,2021,5,9,25,29,30,,
1398,Fri,12,Feb,2021,7,23,30,32,36,,
1397,Tue,9,Feb,2021,5,10,24,31,37,,
1396,Fri,5,Feb,2021,12,19,37,44,45,,
1395,Tue,2,Feb,2021,18,20,35,38,48,,
1394,Fri,29,Jan,2021,1,5,27,36,42,,
1393,Tue,26,Jan,2021,5,7,25,37,40,,
1392,Fri,22,Jan,2021,8,16,42,44,47,,
1391,Tue,19,Jan,2021,25,27,31,35,43,,
1390,Fri,15,Jan,2021,4,10,27,38,40,,
1389,Tue,12,Jan,2021,2,10,18,34,35,,
1388,Fri,8,Jan,2021,18,23,37,41,42,,
1387,Tue,5,Jan,2021,12,34,37,38,42,,
1386,Fri,1,Jan,2021,16,28,32,44,48,,
1385,Tue,29,Dec,2020,7,32,39,40,45,,
1384,Fri,25,Dec,2020,16,21,27,30,32,,
1383,Tue,22,Dec,2020,2,10,16,42,50,,
1382,Fri,18,Dec,2020,2,3,13,17,21,,
1381,Tue,15,Dec,2020,9,13,21,29,35,,
1380,Fri,11,Dec,2020,6,9,13,24,41,,
1379,Tue,8,Dec,2020,1,4,21,24,46,,
1378,Fri,4,Dec,2020,14,20,27,34,38,,
1377,Tue,1,Dec,2020,14,20,29,47,49,,
1376,Fri,27,Nov,2020,2,5,8,14,16,,
1375,Tue,24,Nov,2020,25,33,38,42,50,,
1374,Fri,20,Nov,2020,28,29,39,48,50,,
1373,Tue,17,Nov,2020,16,19,25,30,44,,
1372,Fri,13,Nov,2020,1,5,17,28,31,,
1371,Tue,10,Nov,2020,3,19,29,32,38,,
1370,Fri,6,Nov,2020,7,12,37,40,50,,
1369,Tue,3,Nov,2020,5,7,18,20,30,,
1368,Fri,30,Oct,2020,12,16,20,21,28,,
1367,Tue,27,Oct,2020,13,15,28,32,44,,
1366,Fri,23,Oct,2020,10,15,19,21,23,,
1365,Tue,20,Oct,2020,5,6,15,37,42,,
1364,Fri,16,Oct,2020,15,33,38,40,50,,
1363,Tue,13,Oct,2020,5,14,38,41,46,,
1362,Fri,9,Oct,2020,11,15,35,41,50,,
1361,Tue,6,Oct,2020,4,21,36,41,47,,
1360,Fri,2,Oct,2020,6,12,15,40,45,,
1359,Tue,29,Sep,2020,4,14,16,41,44,,
1358,Fri,25,Sep,2020,19,23,34,37,45,,
1357,Tue,22,Sep,2020,16,25,28,39,40,,
1356,Fri,18,Sep,2020,2,10,19,25,45,,
1355,Tue,15,Sep,2020,16,20,25,30,38,,
1354,Fri,11,Sep,2020,34,38,42,43,45,,
1353,Tue,8,Sep,2020,2,9,31,35,41,,
1352,Fri,4,Sep,2020,6,22,29,40,43,,
1351,Tue,1,Sep,2020,4,8,10,33,46,,
1350,Fri,28,Aug,2020,7,12,16,17,31,,
1349,Tue,25,Aug,2020,7,18,30,37,39,,
1348,Fri,21,Aug,2020,10,15,35,44,50,,
1347,Tue,18,Aug,2020,6,12,17,34,42,,
1346,Fri,14,Aug,2020,9,10,19,42,49,,
1345,Tue,11,Aug,2020,8,13,14,42,50,,
1344,Fri,7,Aug,2020,5,20,21,36,41,,
1343,Tue,4,Aug,2020,1,2,5,15,42,,
1342,Fri,31,Jul,2020,21,24,30,46,49,,
1341,Tue,28,Jul,2020,9,13,15,17,34,,
1340,Fri,24,Jul,2020,8,9,27,28,50,,
1339,Tue,21,Jul,2020,14,15,24,29,42,,
1338,Fri,17,Jul,2020,7,15,27,41,43,,
1337,Tue,14,Jul,2020,11,22,30,37,47,,
1336,Fri,10,Jul,2020,15,17,23,30,38,,
1335,Tue,7,Jul,2020,12,16,23,33,41,,
1334,Fri,3,Jul,2020,4,16,27,37,39,,
1333,Tue,30,Jun,2020,1,6,11,28,42,,
1332,Fri,26,Jun,2020,1,10,12,21,26,,
1331,Tue,23,Jun,2020,2,12,19,46,49,,
1330,Fri,19,Jun,2020,5,14,19,24,43,,
1329,Tue,16,Jun,2020,4,9,11,17,39,,
1328,Fri,12,Jun,2020,2,24,39,45,46,,
1327,Tue,9,Jun,2020,5,15,27,36,46,,
1326,Fri,5,Jun,2020,5,11,17,24,37,,
1325,Tue,2,Jun,2020,10,12,22,26,49,,
1324,Fri,29,May,2020,4,8,11,19,46,,
1323,Tue,26,May,2020,4,9,14,21,27,,
1322,Fri,22,May,2020,3,18,22,27,32,,
1321,Tue,19,May,2020,5,25,32,37,43,,
1320,Fri,15,May,2020,11,23,32,34,39,,
1319,Tue,12,May,2020,9,16,29,37,39,,
1318,Fri,8,May,2020,8,25,32,33,38,,
1317,Tue,5,May,2020,2,10,22,27,41,,
1316,Fri,1,May,2020,19,20,38,45,47,,
1315,Tue,28,Apr,2020,15,23,26,28,32,,
1314,Fri,24,Apr,2020,1,5,19,21,28,,
1313,Tue,21,Apr,2020,10,11,14,23,28,,
1312,Fri,17,Apr,2020,16,28,32,37,45,,
1311,Tue,14,Apr,2020,6,29,34,35,40,,
1310,Fri,10,Apr,2020,3,10,17,33,39,,
1309,Tue,7,Apr,2020,4,5,14,33,48,,
1308,Fri,3,Apr,2020,16,19,34,46,50,,
1307,Tue,31,Mar,2020,12,17,24,30,36,,
1306,Fri,27,Mar,2020,11,14,27,41,46,,
1305,Tue,24,Mar,2020,7,12,26,30,33,,
1304,Fri,20,Mar,2020,3,9,20,34,40,,
1303,Tue,17,Mar,2020,5,7,8,16,20,,
1302,Fri,13,Mar,2020,3,11,21,27,36,,
1301,Tue,10,Mar,2020,11,23,30,37,43,,
1300,Fri,6,Mar,2020,15,38,43,45,46,,
1299,Tue,3,Mar,2020,4,14,27,44,45,,
1298,Fri,28,Feb,2020,8,11,20,22,23,,
1297,Tue,25,Feb,2020,1,4,18,27,42,,
1296,Fri,21,Feb,2020,7,23,30,32,45,,
1295,Tue,18,Feb,2020,11,32,34,38,47,,
1294,Fri,14,Feb,2020,5,20,35,41,49,,
1293,Tue,11,Feb,2020,24,26,32,43,46,,
1292,Fri,7,Feb,2020,9,15,17,25,40,,
1291,Tue,4,Feb,2020,21,23,33,35,47,,
1290,Fri,31,Jan,2020,13,18,20,23,30,,
1289,Tue,28,Jan,2020,1,19,27,31,38,,
1288,Fri,24,Jan,2020,3,4,6,9,24,,
1287,Tue,21,Jan,2020,10,11,24,36,46,,
1286,Fri,17,Jan,2020,8,19,20,29,44,,
1285,Tue,14,Jan,2020,21,25,29,39,44,,
1284,Fri,10,Jan,2020,6,17,32,44,46,,
1283,Tue,7,Jan,2020,5,8,12,37,43,,
1282,Fri,3,Jan,2020,5,15,20,36,47,,
1281,Tue,31,Dec,2019,26,31,33,41,48,,
1280,Fri,27,Dec,2019,1,7,22,26,35,,
1279,Tue,24,Dec,2019,3,11,13,14,47,,
1278,Fri,20,Dec,2019,8,24,30,32,34,,
1277,Tue,17,Dec,2019,1,7,12,25,49,,
1276,Fri,13,Dec,2019,9,16,18,23,32,,
1275,Tue,10,Dec,2019,2,10,19,21,47,,
1274,Fri,6,Dec,2019,1,3,27,39,46,,
1273,Tue,3,Dec,2019,18,31,32,38,48,,
1272,Fri,29,Nov,2019,3,7,12,42,50,,
1271,Tue,26,Nov,2019,2,3,15,19,34,,
1270,Fri,22,Nov,2019,3,21,32,34,48,,
1269,Tue,19,Nov,2019,8,10,15,30,42,,
1268,Fri,15,Nov,2019,3,13,20,32,34,,
1267,Tue,12,Nov,2019,1,21,23,25,39,,
1266,Fri,8,Nov,2019,8,17,20,23,45,,
1265,Tue,5,Nov,2019,9,14,25,33,48,,
1264,Fri,1,Nov,2019,2,20,39,44,48,,
1263,Tue,29,Oct,2019,16,18,28,42,49,,
1262,Fri,25,Oct,2019,34,37,39,40,50,,
1261,Tue,22,Oct,2019,2,5,32,33,47,,
1260,Fri,18,Oct,2019,8,18,22,41,42,,
1259,Tue,15,Oct,2019,3,28,31,32,34,,
1258,Fri,11,Oct,2019,2,14,19,42,45,,
1257,Tue,8,Oct,2019,7,10,15,44,49,,
1256,Fri,4,Oct,2019,6,9,35,41,44,,
1255,Tue,1,Oct,2019,2,11,18,40,46,,
1254,Fri,27,Sep,2019,24,37,41,43,46,,
1253,Tue,24,Sep,2019,2,33,42,47,48,,
1252,Fri,20,Sep,2019,8,21,25,38,50,,
1251,Tue,17,Sep,2019,22,37,43,44,45,,
1250,Fri,13,Sep,2019,1,12,27,42,47,,
1249,Tue,10,Sep,2019,3,22,25,30,49,,
1248,Fri,6,Sep,2019,10,13,22,40,48,,
1247,Tue,3,Sep,2019,7,11,38,39,44,,
1246,Fri,30,Aug,2019,25,27,45,46,49,,
1245,Tue,27,Aug,2019,8,26,35,43,47,,
1244,Fri,23,Aug,2019,4,17,35,42,45,,
1243,Tue,20,Aug,2019,20,22,23,24,37,,
1242,Fri,16,Aug,2019,9,10,27,37,42,,
1241,Tue,13,Aug,2019,13,29,31,33,40,,
1240,Fri,9,Aug,2019,2,14,35,41,42,,
1239,Tue,6,Aug,2019,12,13,29,36,38,,
1238,Fri,2,Aug,2019,13,22,33,44,50,,
1237,Tue,30,Jul,2019,15,20,23,27,40,,
1236,Fri,26,Jul,2019,2,5,27,37,42,,
1235,Tue,23,Jul,2019,1,14,19,23,38,,
1234,Fri,19,Jul,2019,13,14,17,26,28,,
1233,Tue,16,Jul,2019,3,5,13,18,39,,
1232,Fri,12,Jul,2019,2,31,39,45,47,,
1231,Tue,9,Jul,2019,7,29,32,36,41,,
1230,Fri,5,Jul,2019,2,9,20,34,42,,
1229,Tue,2,Jul,2019,11,19,29,44,45,,
1228,Fri,28,Jun,2019,1,3,16,33,49,,
1227,Tue,25,Jun,2019,6,26,27,34,46,,
1226,Fri,21,Jun,2019,5,8,9,25,39,,
1225,Tue,18,Jun,2019,12,24,37,40,44,,
1224,Fri,14,Jun,2019,1,13,30,31,39,,
1223,Tue,11,Jun,2019,25,27,39,42,46,,
1222,Fri,7,Jun,2019,1,4,16,20,34,,
1221,Tue,4,Jun,2019,9,31,32,39,41,,
1220,Fri,31,May,2019,1,23,24,26,35,,
1219,Tue,28,May,2019,7,19,20,28,29,,
1218,Fri,24,May,2019,5,16,23,30,49,,
1217,Tue,21,May,2019,32,33,34,39,47,,
1216,Fri,17,May,2019,16,28,42,43,45,,
1215,Tue,14,May,2019,10,14,17,25,50,,
1214,Fri,10,May,2019,1,4,27,45,48,,
1213,Tue,7,May,2019,7,20,26,32,47,,
1212,Fri,3,May,2019,2,9,20,27,43,,
1211,Tue,30,Apr,2019,5,12,20,26,48,,
1210,Fri,26,Apr,2019,14,33,35,47,50,,
1209,Tue,23,Apr,2019,18,23,27,42,44,,
1208,Fri,19,Apr,2019,7,8,32,41,49,,
1207,Tue,16,Apr,2019,1,8,15,44,49,,
1206,Fri,12,Apr,2019,1,28,35,36,46,,
1205,Tue,9,Apr,2019,18,21,29,38,41,,
1204,Fri,5,Apr,2019,1,7,10,29,45,,
1203,Tue,2,Apr,2019,2,9,16,26,36,,
1202,Fri,29,Mar,2019,13,23,26,32,47,,
1201,Tue,26,Mar,2019,12,19,23,43,47,,
1200,Fri,22,Mar,2019,4,17,26,30,43,,
1199,Tue,19,Mar,2019,1,6,9,34,47,,
1198,Fri,15,Mar,2019,3,15,24,42,46,,
1197,Tue,12,Mar,2019,5,7,13,19,31,,
1196,Fri,8,Mar,2019,17,18,19,24,40,,
1195,Tue,5,Mar,2019,6,10,16,39,46,,
1194,Fri,1,Mar,2019,6,9,19,26,31,,
1193,Tue,26,Feb,2019,3,15,29,35,47,,
1192,Fri,22,Feb,2019,3,27,29,33,50,,
1191,Tue,19,Feb,2019,1,8,18,19,39,,
1190,Fri,15,Feb,2019,15,27,34,38,49,,
1189,Tue,12,Feb,2019,6,34,36,41,50,,
1188,Fri,8,Feb,2019,11,12,13,39,46,,
1187,Tue,5,Feb,2019,14,25,31,37,43,,
1186,Fri,1,Feb,2019,3,21,26,41,46,,
1185,Tue,29,Jan,2019,14,24,26,32,39,,
1184,Fri,25,Jan,2019,1,6,13,15,16,,
1183,Tue,22,Jan,2019,9,23,29,41,49,,
1182,Fri,18,Jan,2019,5,6,16,30,46,,
1181,Tue,15,Jan,2019,22,25,29,33,35,,
1180,Fri,11,Jan,2019,1,19,31,39,48,,
1179,Tue,8,Jan,2019,3,19,22,31,32,,
1178,Fri,4,Jan,2019,7,11,19,27,37,,
1177,Tue,1,Jan,2019,1,8,11,25,28,,
1176,Fri,28,Dec,2018,13,16,34,35,45,,
1175,Tue,25,Dec,2018,4,5,8,31,43,,
1174,Fri,21,Dec,2018,2,12,15,34,50,,
1173,Tue,18,Dec,2018,1,9,18,39,48,,
1172,Fri,14,Dec,2018,12,29,38,42,44,,
1171,Tue,11,Dec,2018,4,7,13,23,42,,
1170,Fri,7,Dec,2018,11,17,26,37,48,,
1169,Tue,4,Dec,2018,19,20,21,42,45,,
1168,Fri,30,Nov,2018,3,10,12,23,26,,
1167,Tue,27,Nov,2018,4,16,17,18,32,,
1166,Fri,23,Nov,2018,5,8,25,26,30,,
1165,Tue,20,Nov,2018,6,19,39,45,48,,
1164,Fri,16,Nov,2018,9,10,13,28,41,,
1163,Tue,13,Nov,2018,2,7,10,13,42,,
1162,Fri,9,Nov,2018,14,17,32,37,49,,
1161,Tue,6,Nov,2018,14,24,36,40,43,,
1160,Fri,2,Nov,2018,5,15,17,37,44,,
1159,Tue,30,Oct,2018,17,23,27,43,44,,
1158,Fri,26,Oct,2018,5,18,21,31,35,,
1157,Tue,23,Oct,2018,1,2,5,21,32,,
1156,Fri,19,Oct,2018,1,3,29,47,48,,
1155,Tue,16,Oct,2018,15,28,37,40,42,,
1154,Fri,12,Oct,2018,4,9,12,31,43,,
1153,Tue,9,Oct,2018,3,12,36,44,45,,
1152,Fri,5,Oct,2018,8,16,24,26,35,,
1151,Tue,2,Oct,2018,7,17,29,37,45,,
1150,Fri,28,Sep,2018,2,4,8,27,50,,
1149,Tue,25,Sep,2018,6,15,20,30,38,,
1148,Fri,21,Sep,2018,5,7,21,25,37,,
1147,Tue,18,Sep,2018,3,8,10,32,45,,
1146,Fri,14,Sep,2018,1,3,33,40,45,,
1145,Tue,11,Sep,2018,9,18,32,38,46,,
1144,Fri,7,Sep,2018,4,23,27,31,50,,
1143,Tue,4,Sep,2018,5,14,28,30,47,,
1142,Fri,31,Aug,2018,4,30,31,38,42,,
1141,Tue,28,Aug,2018,4,16,32,42,46,,
1140,Fri,24,Aug,2018,3,14,31,36,50,,
1139,Tue,21,Aug,2018,16,23,42,43,49,,
1138,Fri,17,Aug,2018,2,15,18,24,43,,
1137,Tue,14,Aug,2018,1,15,18,25,31,,
1136,Fri,10,Aug,2018,18,20,36,43,44,,
1135,Tue,7,Aug,2018,16,28,29,30,36,,
1134,Fri,3,Aug,2018,7,26,36,38,43,,
1133,Tue,31,Jul,2018,20,25,34,42,45,,
1132,Fri,27,Jul,2018,11,17,22,23,41,,
1131,Tue,24,Jul,2018,2,4,23,39,40,,
1130,Fri,20,Jul,2018,2,15,40,43,46,,
1129,Tue,17,Jul,2018,4,6,27,48,50,,
1128,Fri,13,Jul,2018,1,4,14,21,49,,
1127,Tue,10,Jul,2018,3,8,26,33,45,,
1126,Fri,6,Jul,2018,8,30,33,38,48,,
1125,Tue,3,Jul,2018,1,12,15,29,48,,
1124,Fri,29,Jun,2018,15,21,23,40,48,,
1123,Tue,26,Jun,2018,15,16,20,34,50,,
1122,Fri,22,Jun,2018,14,25,39,41,44,,
1121,Tue,19,Jun,2018,7,19,26,42,50,,
1120,Fri,15,Jun,2018,23,26,33,38,49,,
1119,Tue,12,Jun,2018,7,21,23,36,38,,
1118,Fri,8,Jun,2018,8,19,32,43,46,,
1117,Tue,5,Jun,2018,9,15,22,39,46,,
1116,Fri,1,Jun,2018,17,18,24,29,40,,
1115,Tue,29,May,2018,6,11,20,38,43,,
1114,Fri,25,May,2018,13,15,16,28,41,,
1113,Tue,22,May,2018,1,11,37,41,48,,
1112,Fri,18,May,2018,5,8,10,13,31,,
1111,Tue,15,May,2018,4,16,20,31,39,,
1110,Fri,11,May,2018,3,22,34,49,50,,
1109,Tue,8,May,2018,17,25,35,39,44,,
1108,Fri,4,May,2018,6,12,23,39,45,,
1107,Tue,1,May,2018,6,15,17,42,48,,
1106,Fri,27,Apr,2018,12,24,40,41,46,,
1105,Tue,24,Apr,2018,20,23,28,30,44,,
1104,Fri,20,Apr,2018,3,16,25,39,44,,
1103,Tue,17,Apr,2018,15,27,33,39,50,,
1102,Fri,13,Apr,2018,5,25,34,48,50,,
1101,Tue,10,Apr,2018,14,27,39,46,48,,
1100,Fri,6,Apr,2018,1,29,33,45,47,,
1099,Tue,3,Apr,2018,3,8,16,40,43,,
1098,Fri,30,Mar,2018,12,17,28,35,47,,
1097,Tue,27,Mar,2018,17,20,23,40,46,,
1096,Fri,23,Mar,2018,5,7,11,46,50,,
1095,Tue,20,Mar,2018,26,29,37,39,44,,
1094,Fri,16,Mar,2018,4,17,24,27,31,,
1093,Tue,13,Mar,2018,9,11,13,33,49,,
1092,Fri,9,Mar,2018,9,14,21,32,44,,
1091,Tue,6,Mar,2018,15,20,26,31,44,,
1090,Fri,2,Mar,2018,2,7,34,45,48,,
1089,Tue,27,Feb,2018,3,31,41,48,50,,
1088,Fri,23,Feb,2018,10,17,18,28,47,,
1087,Tue,20,Feb,2018,6,14,19,25,29,,
1086,Fri,16,Feb,2018,10,12,23,32,50,,
1085,Tue,13,Feb,2018,10,13,17,21,44,,
1084,Fri,9,Feb,2018,22,31,36,38,44,,
1083,Tue,6,Feb,2018,8,17,28,34,38,,
1082,Fri,2,Feb,2018,14,34,36,39,48,,
1081,Tue,30,Jan,2018,11,15,21,27,35,,
1080,Fri,26,Jan,2018,6,15,24,28,48,,
1079,Tue,23,Jan,2018,5,8,9,23,24,,
1078,Fri,19,Jan,2018,3,8,17,44,50,,
1077,Tue,16,Jan,2018,20,23,31,34,46,,
1076,Fri,12,Jan,2018,13,21,23,30,45,,
1075,Tue,9,Jan,2018,6,12,15,38,49,,
1074,Fri,5,Jan,2018,2,5,20,38,41,,
1073,Tue,2,Jan,2018,10,20,21,28,48,,
1072,Fri,29,Dec,2017,4,8,22,23,48,,
1071,Tue,26,Dec,2017,4,17,30,43,44,,
1070,Fri,22,Dec,2017,5,24,30,31,43,,
1069,Tue,19,Dec,2017,8,15,30,38,46,,
1068,Fri,15,Dec,2017,25,30,31,42,50,,
1067,Tue,12,Dec,2017,20,37,39,44,50,,
1066,Fri,8,Dec,2017,4,22,30,32,34,,
1065,Tue,5,Dec,2017,11,36,43,44,48,,
1064,Fri,1,Dec,2017,5,24,29,35,46,,
1063,Tue,28,Nov,2017,1,6,12,18,42,,
1062,Fri,24,Nov,2017,19,24,28,30,50,,
1061,Tue,21,Nov,2017,2,10,14,28,31,,
1060,Fri,17,Nov,2017,20,26,35,36,42,,
1059,Tue,14,Nov,2017,14,16,39,40,41,,
1058,Fri,10,Nov,2017,13,22,29,36,37,,
1057,Tue,7,Nov,2017,7,19,20,37,41,,
1056,Fri,3,Nov,2017,5,12,17,33,41,,
1055,Tue,31,Oct,2017,1,12,36,43,46,,
1054,Fri,27,Oct,2017,3,16,23,32,39,,
1053,Tue,24,Oct,2017,9,11,13,27,33,,
1052,Fri,20,Oct,2017,4,17,23,27,30,,
1051,Tue,17,Oct,2017,13,17,19,26,36,,
1050,Fri,13,Oct,2017,23,29,37,45,50,,
1049,Tue,10,Oct,2017,4,21,34,36,37,,
1048,Fri,6,Oct,2017,1,9,15,19,25,,
1047,Tue,3,Oct,2017,6,24,32,48,50,,
1046,Fri,29,Sep,2017,7,18,19,32,48,,
1045,Tue,26,Sep,2017,1,29,40,41,48,,
1044,Fri,22,Sep,2017,6,11,31,39,42,,
1043,Tue,19,Sep,2017,1,8,21,30,45,,
1042,Fri,15,Sep,2017,13,18,37,44,49,,
1041,Tue,12,Sep,2017,10,17,27,29,35,,
1040,Fri,8,Sep,2017,9,24,42,47,49,,
1039,Tue,5,Sep,2017,6,9,18,28,29,,
1038,Fri,1,Sep,2017,3,7,8,14,49,,
1037,Tue,29,Aug,2017,4,12,15,32,38,,
1036,Fri,25,Aug,2017,1,5,7,15,47,,
1035,Tue,22,Aug,2017,3,10,12,17,27,,
1034,Fri,18,Aug,2017,2,24,39,42,45,,
1033,Tue,15,Aug,2017,10,14,30,35,46,,
1032,Fri,11,Aug,2017,18,28,39,46,48,,
1031,Tue,8,Aug,2017,15,25,26,40,41,,
1030,Fri,4,Aug,2017,29,30,36,40,41,,
1029,Tue,1,Aug,2017,14,21,24,29,30,,
1028,Fri,28,Jul,2017,5,9,29,31,41,,
1027,Tue,25,Jul,2017,12,14,43,44,48,,
1026,Fri,21,Jul,2017,1,8,9,26,49,,
1025,Tue,18,Jul,2017,1,25,27,41,45,,
1024,Fri,14,Jul,2017,11,14,20,21,47,,
1023,Tue,11,Jul,2017,14,22,26,42,50,,
1022,Fri,7,Jul,2017,11,20,35,37,45,,
1021,Tue,4,Jul,2017,10,22,25,37,49,,
1020,Fri,30,Jun,2017,17,35,39,47,50,,
1019,Tue,27,Jun,2017,9,17,21,28,45,,
1018,Fri,23,Jun,2017,3,4,21,31,38,,
1017,Tue,20,Jun,2017,11,18,26,43,44,,
1016,Fri,16,Jun,2017,15,17,38,41,42,,
1015,Tue,13,Jun,2017,3,12,22,27,49,,
1014,Fri,9,Jun,2017,9,20,27,39,43,,
1013,Tue,6,Jun,2017,20,22,25,37,40,,
1012,Fri,2,Jun,2017,8,10,24,33,42,,
1011,Tue,30,May,2017,7,12,27,38,48,,
1010,Fri,26,May,2017,5,7,26,36,39,,
1009,Tue,23,May,2017,8,15,25,27,42,,
1008,Fri,19,May,2017,9,11,12,19,30,,
1007,Tue,16,May,2017,8,11,15,20,30,,
1006,Fri,12,May,2017,2,20,28,29,44,,
1005,Tue,9,May,2017,8,12,16,22,26,,
1004,Fri,5,May,2017,3,7,30,35,43,,
1003,Tue,2,May,2017,6,19,23,25,27,,
1002,Fri,28,Apr,2017,14,20,25,30,39,,
1001,Tue,25,Apr,2017,9,11,19,32,43,,
1000,Fri,21,Apr,2017,2,13,16,22,49,,
999,Tue,18,Apr,2017,17,22,31,38,45,,
998,Fri,14,Apr,2017,4,14,20,23,33,,
997,Tue,11,Apr,2017,5,21,22,31,49,,
996,Fri,7,Apr,2017,2,10,19,35,50,,
995,Tue,4,Apr,2017,1,9,24,33,34,,
994,Fri,31,Mar,2017,17,24,26,28,45,,
993,Tue,28,Mar,2017,9,13,31,33,46,,
992,Fri,24,Mar,2017,2,17,21,27,34,,
991,Tue,21,Mar,2017,1,20,23,44,47,,
990,Fri,17,Mar,2017,6,10,19,29,36,,
989,Tue,14,Mar,2017,3,5,21,36,44,,
988,Fri,10,Mar,2017,31,36,38,47,49,,
987,Tue,7,Mar,2017,6,37,41,48,50,,
986,Fri,3,Mar,2017,2,11,29,30,47,,
985,Tue,28,Feb,2017,10,20,31,35,42,,
984,Fri,24,Feb,2017,2,4,13,22,43,,
983,Tue,21,Feb,2017,13,19,41,45,49,,
982,Fri,17,Feb,2017,19,25,33,36,48,,
981,Tue,14,Feb,2017,2,10,24,40,44,,
980,Fri,10,Feb,2017,7,21,26,35,43,,
979,Tue,7,Feb,2017,4,10,31,38,44,,
978,Fri,3,Feb,2017,3,4,15,46,50,,
977,Tue,31,Jan,2017,3,4,17,23,44,,
976,Fri,27,Jan,2017,17,20,28,45,48,,
975,Tue,24,Jan,2017,1,5,7,17,23,,
974,Fri,20,Jan,2017,10,17,27,31,49,,
973,Tue,17,Jan,2017,4,16,25,43,47,,
972,Fri,13,Jan,2017,3,7,16,26,50,,
971,Tue,10,Jan,2017,2,11,29,35,44,,
970,Fri,6,Jan,2017,10,14,18,21,49,,
969,Tue,3,Jan,2017,19,23,27,34,49,,
968,Fri,30,Dec,2016,8,10,22,29,47,,
967,Tue,27,Dec,2016,3,22,25,32,39,,
966,Fri,23,Dec,2016,4,16,20,39,46,,
965,Tue,20,Dec,2016,13,15,17,21,27,,
964,Fri,16,Dec,2016,6,10,30,41,45,,
963,Tue,13,Dec,2016,14,28,29,48,50,,
962,Fri,9,Dec,2016,6,12,28,37,40,,
961,Tue,6,Dec,2016,1,7,11,27,45,,
960,Fri,2,Dec,2016,6,11,23,31,32,,
959,Tue,29,Nov,2016,21,26,27,28,38,,
958,Fri,25,Nov,2016,5,11,17,23,28,,
957,Tue,22,Nov,2016,5,10,33,34,47,,
956,Fri,18,Nov,2016,3,12,27,32,47,,
955,Tue,15,Nov,2016,7,15,36,42,48,,
954,Fri,11,Nov,2016,3,22,23,38,49,,
953,Tue,8,Nov,2016,5,9,47,49,50,,
952,Fri,4,Nov,2016,7,11,12,44,48,,
951,Tue,1,Nov,2016,6,10,20,29,37,,
950,Fri,28,Oct,2016,10,16,19,23,43,,
949,Tue,25,Oct,2016,3,15,20,21,28,,
948,Fri,21,Oct,2016,9,20,23,44,48,,
947,Tue,18,Oct,2016,2,17,21,25,27,,
946,Fri,14,Oct,2016,7,13,19,31,34,,
945,Tue,11,Oct,2016,5,12,20,24,37,,
944,Fri,7,Oct,2016,2,12,20,27,30,,
943,Tue,4,Oct,2016,4,7,14,34,38,,
942,Fri,30,Sep,2016,17,35,37,43,44,,
941,Tue,27,Sep,2016,6,9,13,39,41,,
940,Fri,23,Sep,2016,14,16,39,42,49,,
939,Tue,20,Sep,2016,1,4,10,41,45,,
938,Fri,16,Sep,2016,5,8,14,22,32,,
937,Tue,13,Sep,2016,4,7,16,35,44,,
936,Fri,9,Sep,2016,4,11,15,17,28,,
935,Tue,6,Sep,2016,12,24,30,34,45,,
934,Fri,2,Sep,2016,8,16,32,40,50,,
933,Tue,30,Aug,2016,13,16,29,35,42,,
932,Fri,26,Aug,2016,1,9,28,30,48,,
931,Tue,23,Aug,2016,2,23,31,37,45,,
930,Fri,19,Aug,2016,5,6,22,25,34,,
929,Tue,16,Aug,2016,2,26,34,37,46,,
928,Fri,12,Aug,2016,2,15,28,36,50,,
927,Tue,9,Aug,2016,12,19,43,44,45,,
926,Fri,5,Aug,2016,16,19,24,35,37,,
925,Tue,2,Aug,2016,2,8,27,38,46,,
924,Fri,29,Jul,2016,1,21,26,40,50,,
923,Tue,26,Jul,2016,3,10,13,45,49,,
922,Fri,22,Jul,2016,7,24,26,37,45,,
921,Tue,19,Jul,2016,19,24,28,36,37,,
920,Fri,15,Jul,2016,2,11,13,14,21,,
919,Tue,12,Jul,2016,3,7,26,33,41,,
918,Fri,8,Jul,2016,8,12,18,33,44,,
917,Tue,5,Jul,2016,1,10,29,38,48,,
916,Fri,1,Jul,2016,2,11,13,40,50,,
915,Tue,28,Jun,2016,26,32,37,43,49,,
914,Fri,24,Jun,2016,11,19,27,28,39,,
913,Tue,21,Jun,2016,5,17,32,35,49,,
912,Fri,17,Jun,2016,1,7,18,27,43,,
911,Tue,14,Jun,2016,13,34,39,42,50,,
910,Fri,10,Jun,2016,14,21,35,42,43,,
909,Tue,7,Jun,2016,19,26,35,45,49,,
908,Fri,3,Jun,2016,7,23,31,33,39,,
907,Tue,31,May,2016,6,12,26,30,48,,
906,Fri,27,May,2016,13,25,27,43,46,,
905,Tue,24,May,2016,16,17,23,34,37,,
904,Fri,20,May,2016,9,14,30,41,45,,
903,Tue,17,May,2016,15,27,32,36,39,,
902,Fri,13,May,2016,7,15,28,31,42,,
901,Tue,10,May,2016,2,26,27,40,49,,
900,Fri,6,May,2016,32,34,40,45,48,,
899,Tue,3,May,2016,8,23,24,34,38,,
898,Fri,29,Apr,2016,4,5,25,28,43,,
897,Tue,26,Apr,2016,10,17,31,32,42,,
896,Fri,22,Apr,2016,17,26,32,34,43,,
895,Tue,19,Apr,2016,11,14,15,27,44,,
894,Fri,15,Apr,2016,13,14,32,37,48,,
893,Tue,12,Apr,2016,1,5,9,22,38,,
892,Fri,8,Apr,2016,6,8,26,43,49,,
891,Tue,5,Apr,2016,3,5,9,19,40,,
890,Fri,1,Apr,2016,2,16,23,25,49,,
889,Tue,29,Mar,2016,1,4,19,25,36,,
888,Fri,25,Mar,2016,12,19,36,42,43,,
887,Tue,22,Mar,2016,12,15,26,42,49,,
886,Fri,18,Mar,2016,14,19,21,24,49,,
885,Tue,15,Mar,2016,5,7,10,34,44,,
884,Fri,11,Mar,2016,1,21,26,40,43,,
883,Tue,8,Mar,2016,1,8,9,14,23,,
882,Fri,4,Mar,2016,9,14,16,23,40,,
881,Tue,1,Mar,2016,4,7,13,28,37,,
880,Fri,26,Feb,2016,5,13,15,33,50,,
879,Tue,23,Feb,2016,23,25,32,37,42,,
878,Fri,19,Feb,2016,13,14,30,32,39,,
877,Tue,16,Feb,2016,3,10,22,37,50,,
876,Fri,12,Feb,2016,3,20,28,31,49,,
875,Tue,9,Feb,2016,6,9,13,28,37,,
874,Fri,5,Feb,2016,3,27,32,41,46,,
873,Tue,2,Feb,2016,6,9,10,21,36,,
872,Fri,29,Jan,2016,1,5,23,29,32,,
871,Tue,26,Jan,2016,15,24,38,40,48,,
870,Fri,22,Jan,2016,10,12,27,30,47,,
869,Tue,19,Jan,2016,2,30,38,43,46,,
868,Fri,15,Jan,2016,10,19,38,43,46,,
867,Tue,12,Jan,2016,1,2,10,30,44,,
866,Fri,8,Jan,2016,5,26,33,35,40,,
865,Tue,5,Jan,2016,6,10,31,36,39,,
864,Fri,1,Jan,2016,4,37,38,39,44,,
863,Tue,29,Dec,2015,5,20,31,32,36,,
862,Fri,25,Dec,2015,3,10,25,27,40,,
861,Tue,22,Dec,2015,18,19,20,40,41,,
860,Fri,18,Dec,2015,6,22,26,29,48,,
859,Tue,15,Dec,2015,8,11,23,27,35,,
858,Fri,11,Dec,2015,3,5,21,40,43,,
857,Tue,8,Dec,2015,12,17,29,38,48,,
856,Fri,4,Dec,2015,8,17,18,27,39,,
855,Tue,1,Dec,2015,2,15,25,35,45,,
854,Fri,27,Nov,2015,16,29,30,37,50,,
853,Tue,24,Nov,2015,9,14,16,17,26,,
852,Fri,20,Nov,2015,4,30,34,46,49,,
851,Tue,17,Nov,2015,6,7,23,37,38,,
850,Fri,13,Nov,2015,10,17,18,33,40,,
849,Tue,10,Nov,2015,6,13,18,39,43,,
848,Fri,6,Nov,2015,3,17,26,38,40,,
847,Tue,3,Nov,2015,8,27,39,46,49,,
846,Fri,30,Oct,2015,8,13,17,21,34,,
845,Tue,27,Oct,2015,11,12,20,25,36,,
844,Fri,23,Oct,2015,7,25,30,32,39,,
843,Tue,20,Oct,2015,17,19,21,30,45,,
842,Fri,16,Oct,2015,7,28,29,43,48,,
841,Tue,13,Oct,2015,12,15,26,29,47,,
840,Fri,9,Oct,2015,1,40,42,43,47,,
839,Tue,6,Oct,2015,11,20,22,29,32,,
838,Fri,2,Oct,2015,7,18,21,32,35,,
837,Tue,29,Sep,2015,11,14,26,29,49,,
836,Fri,25,Sep,2015,13,14,23,30,37,,
835,Tue,22,Sep,2015,14,23,26,27,29,,
834,Fri,18,Sep,2015,7,29,33,34,39,,
833,Tue,15,Sep,2015,8,15,17,44,49,,
832,Fri,11,Sep,2015,10,18,19,29,50,,
831,Tue,8,Sep,2015,14,16,39,40,42,,
830,Fri,4,Sep,2015,8,9,27,45,50,,
829,Tue,1,Sep,2015,6,19,21,27,45,,
828,Fri,28,Aug,2015,11,29,30,31,34,,
827,Tue,25,Aug,2015,27,31,33,42,50,,
826,Fri,21,Aug,2015,4,16,18,43,47,,
825,Tue,18,Aug,2015,7,10,11,12,19,,
824,Fri,14,Aug,2015,4,7,39,44,45,,
823,Tue,11,Aug,2015,2,3,8,15,16,,
822,Fri,7,Aug,2015,1,5,21,39,44,,
821,Tue,4,Aug,2015,10,15,39,45,50,,
820,Fri,31,Jul,2015,16,21,34,40,50,,
819,Tue,28,Jul,2015,23,32,36,43,49,,
818,Fri,24,Jul,2015,2,9,21,35,46,,
817,Tue,21,Jul,2015,14,20,27,29,44,,
816,Fri,17,Jul,2015,1,21,22,43,48,,
815,Tue,14,Jul,2015,6,18,19,34,36,,
814,Fri,10,Jul,2015,5,8,15,35,41,,
813,Tue,7,Jul,2015,6,7,18,33,41,,
812,Fri,3,Jul,2015,11,12,15,18,44,,
811,Tue,30,Jun,2015,11,15,28,34,37,,
810,Fri,26,Jun,2015,3,6,10,19,24,,
809,Tue,23,Jun,2015,4,16,22,38,49,,
808,Fri,19,Jun,2015,7,14,20,31,42,,
807,Tue,16,Jun,2015,10,15,16,36,37,,
806,Fri,12,Jun,2015,5,8,10,11,37,,
805,Tue,9,Jun,2015,5,9,17,32,34,,
804,Fri,5,Jun,2015,2,7,8,45,48,,
803,Tue,2,Jun,2015,7,23,29,37,41,,
802,Fri,29,May,2015,3,4,20,45,48,,
801,Tue,26,May,2015,5,6,7,21,24,,
800,Fri,22,May,2015,18,24,35,44,45,,
799,Tue,19,May,2015,26,30,31,35,37,,
798,Fri,15,May,2015,5,35,42,44,47,,
797,Tue,12,May,2015,14,29,30,40,46,,
796,Fri,8,May,2015,7,14,19,47,49,,
795,Tue,5,May,2015,1,10,17,20,42,,
794,Fri,1,May,2015,3,19,20,25,26,,
793,Tue,28,Apr,2015,24,26,28,36,45,,
792,Fri,24,Apr,2015,5,19,29,31,40,,
791,Tue,21,Apr,2015,6,14,17,42,45,,
790,Fri,17,Apr,2015,2,24,30,34,39,,
789,Tue,14,Apr,2015,24,32,34,35,49,,
788,Fri,10,Apr,2015,22,23,25,30,43,,
787,Tue,7,Apr,2015,18,25,39,44,50,,
786,Fri,3,Apr,2015,27,29,37,39,49,,
785,Tue,31,Mar,2015,8,20,24,28,49,,
784,Fri,27,Mar,2015,2,30,32,39,44,,
783,Tue,24,Mar,2015,10,24,26,39,40,,
782,Fri,20,Mar,2015,3,14,37,42,48,,
781,Tue,17,Mar,2015,11,23,26,38,44,,
780,Fri,13,Mar,2015,4,5,18,22,23,,
779,Tue,10,Mar,2015,2,6,23,30,31,,
778,Fri,6,Mar,2015,23,30,47,49,50,,
777,Tue,3,Mar,2015,6,8,11,13,21,,
776,Fri,27,Feb,2015,5,14,17,25,47,,
775,Tue,24,Feb,2015,3,25,28,34,50,,
774,Fri,20,Feb,2015,4,10,14,37,46,,
773,Tue,17,Feb,2015,2,5,18,30,43,,
772,Fri,13,Feb,2015,12,24,39,42,44,,
771,Tue,10,Feb,2015,13,17,20,30,45,,
770,Fri,6,Feb,2015,10,26,30,39,50,,
769,Tue,3,Feb,2015,17,31,33,44,50,,
768,Fri,30,Jan,2015,9,13,15,19,24,,
767,Tue,27,Jan,2015,5,10,31,33,40,,
766,Fri,23,Jan,2015,6,29,30,38,45,,
765,Tue,20,Jan,2015,15,33,41,44,47,,
764,Fri,16,Jan,2015,29,30,32,34,46,,
763,Tue,13,Jan,2015,8,17,21,31,34,,
762,Fri,9,Jan,2015,6,21,24,32,45,,
761,Tue,6,Jan,2015,14,20,30,38,49,,
760,Fri,2,Jan,2015,22,24,25,28,49,,
759,Tue,30,Dec,2014,6,18,39,44,50,,
758,Fri,26,Dec,2014,17,26,27,45,49,,
757,Tue,23,Dec,2014,8,9,19,25,49,,
756,Fri,19,Dec,2014,23,29,31,39,44,,
755,Tue,16,Dec,2014,3,7,12,13,25,,
754,Fri,12,Dec,2014,2,15,28,31,37,,
753,Tue,9,Dec,2014,1,3,31,42,46,,
752,Fri,5,Dec,2014,5,8,37,47,48,,
751,Tue,2,Dec,2014,3,15,25,44,49,,
750,Fri,28,Nov,2014,6,10,15,23,41,,
749,Tue,25,Nov,2014,3,7,25,32,36,,
748,Fri,21,Nov,2014,4,7,28,32,37,,
747,Tue,18,Nov,2014,2,3,17,36,38,,
746,Fri,14,Nov,2014,17,32,36,38,48,,
745,Tue,11,Nov,2014,2,14,21,36,46,,
744,Fri,7,Nov,2014,13,25,32,38,46,,
743,Tue,4,Nov,2014,1,6,13,17,26,,
742,Fri,31,Oct,2014,10,13,20,33,41,,
741,Tue,28,Oct,2014,10,15,17,40,45,,
740,Fri,24,Oct,2014,3,9,20,30,42,,
739,Tue,21,Oct,2014,20,21,27,33,40,,
738,Fri,17,Oct,2014,1,13,40,48,49,,
737,Tue,14,Oct,2014,4,5,15,23,32,,
736,Fri,10,Oct,2014,6,29,42,45,47,,
735,Tue,7,Oct,2014,9,21,28,30,38,,
734,Fri,3,Oct,2014,4,13,23,48,50,,
733,Tue,30,Sep,2014,3,13,15,33,42,,
732,Fri,26,Sep,2014,13,27,35,46,47,,
731,Tue,23,Sep,2014,12,13,14,29,35,,
730,Fri,19,Sep,2014,6,8,34,38,48,,
729,Tue,16,Sep,2014,4,29,30,35,50,,
728,Fri,12,Sep,2014,9,13,26,31,33,,
727,Tue,9,Sep,2014,8,15,19,24,35,,
726,Fri,5,Sep,2014,1,18,23,46,50,,
725,Tue,2,Sep,2014,5,25,31,39,45,,
724,Fri,29,Aug,2014,2,9,26,32,38,,
723,Tue,26,Aug,2014,10,22,36,45,48,,
722,Fri,22,Aug,2014,4,17,29,35,49,,
721,Tue,19,Aug,2014,4,7,11,34,47,,
720,Fri,15,Aug,2014,4,5,21,23,30,,
719,Tue,12,Aug,2014,7,16,19,22,33,,
718,Fri,8,Aug,2014,21,29,35,43,46,,
717,Tue,5,Aug,2014,5,7,19,21,42,,
716,Fri,1,Aug,2014,24,44,46,48,50,,
715,Tue,29,Jul,2014,10,23,35,40,43,,
714,Fri,25,Jul,2014,9,10,12,24,43,,
713,Tue,22,Jul,2014,1,24,43,45,50,,
712,Fri,18,Jul,2014,1,11,29,41,43,,
711,Tue,15,Jul,2014,15,18,20,27,34,,
710,Fri,11,Jul,2014,5,22,35,38,49,,
709,Tue,8,Jul,2014,8,18,22,24,27,,
708,Fri,4,Jul,2014,4,18,39,43,47,,
707,Tue,1,Jul,2014,18,22,25,27,39,,
706,Fri,27,Jun,2014,31,33,34,39,45,,
705,Tue,24,Jun,2014,1,7,20,21,48,,
704,Fri,20,Jun,2014,5,15,25,38,49,,
703,Tue,17,Jun,2014,11,13,37,40,48,,
702,Fri,13,Jun,2014,16,18,22,28,46,,
701,Tue,10,Jun,2014,12,18,21,32,33,,
700,Fri,6,Jun,2014,7,25,34,40,49,,
699,Tue,3,Jun,2014,2,15,32,39,44,,
698,Fri,30,May,2014,5,24,27,41,45,,
697,Tue,27,May,2014,7,13,16,25,26,,
696,Fri,23,May,2014,3,8,31,34,47,,
695,Tue,20,May,2014,5,33,36,38,47,,
694,Fri,16,May,2014,23,26,29,37,40,,
693,Tue,13,May,2014,4,13,30,34,47,,
692,Fri,9,May,2014,3,21,26,28,45,,
691,Tue,6,May,2014,5,19,24,31,37,,
690,Fri,2,May,2014,4,30,31,38,42,,
689,Tue,29,Apr,2014,18,23,26,35,44,,
688,Fri,25,Apr,2014,13,21,24,44,49,,
687,Tue,22,Apr,2014,13,15,20,24,46,,
686,Fri,18,Apr,2014,21,24,31,39,47,,
685,Tue,15,Apr,2014,3,14,26,47,50,,
684,Fri,11,Apr,2014,8,12,19,30,33,,
683,Tue,8,Apr,2014,11,18,29,42,49,,
682,Fri,4,Apr,2014,6,10,28,45,50,,
681,Tue,1,Apr,2014,16,18,26,38,44,,
680,Fri,28,Mar,2014,3,4,19,28,43,,
679,Tue,25,Mar,2014,7,20,26,28,50,,
678,Fri,21,Mar,2014,7,30,37,39,42,,
677,Tue,18,Mar,2014,8,27,34,36,39,,
676,Fri,14,Mar,2014,6,24,25,27,30,,
675,Tue,11,Mar,2014,1,4,23,33,44,,
674,Fri,7,Mar,2014,5,10,38,40,41,,
673,Tue,4,Mar,2014,3,5,22,27,44,,
672,Fri,28,Feb,2014,12,32,38,43,44,,
671,Tue,25,Feb,2014,21,25,28,35,42,,
670,Fri,21,Feb,2014,13,17,28,30,32,,
669,Tue,18,Feb,2014,23,26,36,37,49,,
668,Fri,14,Feb,2014,2,4,6,19,39,,
667,Tue,11,Feb,2014,8,17,25,41,47,,
666,Fri,7,Feb,2014,3,17,19,46,47,,
665,Tue,4,Feb,2014,1,21,33,37,38,,
664,Fri,31,Jan,2014,8,10,15,16,31,,
663,Tue,28,Jan,2014,18,20,23,42,48,,
662,Fri,24,Jan,2014,5,19,34,35,41,,
661,Tue,21,Jan,2014,4,12,35,42,48,,
660,Fri,17,Jan,2014,19,26,32,33,42,,
659,Tue,14,Jan,2014,18,20,25,26,37,,
658,Fri,10,Jan,2014,1,2,11,27,29,,
657,Tue,7,Jan,2014,2,20,27,33,45,,
656,Fri,3,Jan,2014,3,27,31,38,44,,
655,Tue,31,Dec,2013,13,20,24,29,45,,
654,Fri,27,Dec,2013,1,6,13,22,28,,
653,Tue,24,Dec,2013,5,19,31,43,50,,
652,Fri,20,Dec,2013,12,13,17,22,43,,
651,Tue,17,Dec,2013,6,8,27,37,41,,
650,Fri,13,Dec,2013,1,22,23,24,31,,
649,Tue,10,Dec,2013,6,24,35,49,50,,
648,Fri,6,Dec,2013,1,2,18,31,36,,
647,Tue,3,Dec,2013,6,13,15,29,32,,
646,Fri,29,Nov,2013,2,7,10,23,43,,
645,Tue,26,Nov,2013,19,23,27,42,44,,
644,Fri,22,Nov,2013,13,25,26,40,50,,
643,Tue,19,Nov,2013,14,15,19,36,45,,
642,Fri,15,Nov,2013,3,13,15,29,42,,
641,Tue,12,Nov,2013,14,29,37,40,48,,
640,Fri,8,Nov,2013,20,28,35,42,43,,
639,Tue,5,Nov,2013,6,12,13,35,38,,
638,Fri,1,Nov,2013,7,19,29,30,33,,
637,Tue,29,Oct,2013,9,10,30,32,37,,
636,Fri,25,Oct,2013,2,3,10,31,38,,
635,Tue,22,Oct,2013,29,33,39,41,44,,
634,Fri,18,Oct,2013,5,25,36,46,47,,
633,Tue,15,Oct,2013,18,27,39,43,47,,
632,Fri,11,Oct,2013,6,12,17,23,43,,
631,Tue,8,Oct,2013,23,24,26,33,42,,
630,Fri,4,Oct,2013,6,20,24,35,50,,
629,Tue,1,Oct,2013,19,23,25,44,48,,
628,Fri,27,Sep,2013,11,15,38,41,43,,
627,Tue,24,Sep,2013,10,20,26,28,43,,
626,Fri,20,Sep,2013,5,11,35,38,45,,
625,Tue,17,Sep,2013,13,17,21,42,44,,
624,Fri,13,Sep,2013,4,6,14,27,33,,
623,Tue,10,Sep,2013,7,11,14,28,30,,
622,Fri,6,Sep,2013,11,23,25,32,37,,
621,Tue,3,Sep,2013,5,9,16,18,42,,
620,Fri,30,Aug,2013,2,17,25,36,45,,
619,Tue,27,Aug,2013,7,30,38,40,43,,
618,Fri,23,Aug,2013,1,6,26,30,37,,
617,Tue,20,Aug,2013,5,11,42,49,50,,
616,Fri,16,Aug,2013,20,24,27,37,39,,
615,Tue,13,Aug,2013,5,17,20,47,50,,
614,Fri,9,Aug,2013,4,7,9,23,24,,
613,Tue,6,Aug,2013,16,17,31,47,49,,
612,Fri,2,Aug,2013,21,36,37,42,48,,
611,Tue,30,Jul,2013,3,4,11,14,43,,
610,Fri,26,Jul,2013,12,23,29,38,49,,
609,Tue,23,Jul,2013,14,15,16,19,44,,
608,Fri,19,Jul,2013,13,16,24,26,35,,
607,Tue,16,Jul,2013,19,23,34,47,50,,
606,Fri,12,Jul,2013,18,26,32,33,42,,
605,Tue,9,Jul,2013,16,18,31,38,49,,
604,Fri,5,Jul,2013,4,12,15,28,33,,
603,Tue,2,Jul,2013,11,13,14,28,30,,
602,Fri,28,Jun,2013,1,15,28,35,47,,
601,Tue,25,Jun,2013,4,5,13,27,35,,
600,Fri,21,Jun,2013,10,11,30,36,45,,
599,Tue,18,Jun,2013,17,24,33,41,44,,
598,Fri,14,Jun,2013,10,25,41,47,48,,
597,Tue,11,Jun,2013,5,7,9,25,41,,
596,Fri,7,Jun,2013,7,14,26,45,50,,
595,Tue,4,Jun,2013,31,33,34,37,40,,
594,Fri,31,May,2013,27,28,29,34,43,,
593,Tue,28,May,2013,8,13,26,34,38,,
592,Fri,24,May,2013,7,17,22,27,40,,
591,Tue,21,May,2013,7,8,19,28,29,,
590,Fri,17,May,2013,6,20,24,25,50,,
589,Tue,14,May,2013,7,8,24,27,36,,
588,Fri,10,May,2013,1,32,35,45,48,,
587,Tue,7,May,2013,13,27,28,42,43,,
586,Fri,3,May,2013,3,5,34,40,49,,
585,Tue,30,Apr,2013,13,36,40,43,50,,
584,Fri,26,Apr,2013,11,16,24,38,40,,
583,Tue,23,Apr,2013,1,4,7,10,50,,
582,Fri,19,Apr,2013,1,8,42,46,48,,
581,Tue,16,Apr,2013,1,11,22,33,50,,
580,Fri,12,Apr,2013,5,10,15,28,45,,
579,Tue,9,Apr,2013,15,35,38,44,48,,
578,Fri,5,Apr,2013,1,11,17,32,39,,
577,Tue,2,Apr,2013,12,17,25,29,41,,
576,Fri,29,Mar,2013,13,30,43,44,46,,
575,Tue,26,Mar,2013,4,26,30,42,44,,
574,Fri,22,Mar,2013,12,27,32,34,49,,
573,Tue,19,Mar,2013,19,32,35,37,44,,
572,Fri,15,Mar,2013,4,14,21,24,39,,
571,Tue,12,Mar,2013,2,4,10,22,50,,
570,Fri,8,Mar,2013,3,20,23,28,42,,
569,Tue,5,Mar,2013,8,19,31,33,39,,
568,Fri,1,Mar,2013,1,11,29,36,42,,
567,Tue,26,Feb,2013,3,12,13,17,30,,
566,Fri,22,Feb,2013,15,16,28,36,37,,
565,Tue,19,Feb,2013,12,15,28,30,44,,
564,Fri,15,Feb,2013,2,4,22,28,42,,
563,Tue,12,Feb,2013,5,11,16,25,28,,
562,Fri,8,Feb,2013,9,11,14,34,44,,
561,Tue,5,Feb,2013,6,25,31,40,45,,
560,Fri,1,Feb,2013,5,21,34,37,38,,
559,Tue,29,Jan,2013,9,16,26,36,39,,
558,Fri,25,Jan,2013,3,10,18,31,37,,
557,Tue,22,Jan,2013,1,10,44,45,48,,
556,Fri,18,Jan,2013,4,26,27,30,39,,
555,Tue,15,Jan,2013,22,38,40,42,47,,
554,Fri,11,Jan,2013,4,22,29,37,41,,
553,Tue,8,Jan,2013,2,20,22,26,47,,
552,Fri,4,Jan,2013,4,10,22,27,41,,
551,Tue,1,Jan,2013,2,7,8,36,49,,
550,Fri,28,Dec,2012,17,24,26,27,49,,
549,Tue,25,Dec,2012,14,18,20,23,32,,
548,Fri,21,Dec,2012,3,5,22,40,42,,
547,Tue,18,Dec,2012,14,18,20,35,44,,
546,Fri,14,Dec,2012,10,11,29,40,43,,
545,Tue,11,Dec,2012,1,4,9,43,50,,
544,Fri,7,Dec,2012,10,16,18,31,42,,
543,Tue,4,Dec,2012,5,10,28,29,44,,
542,Fri,30,Nov,2012,10,18,23,24,40,,
541,Tue,27,Nov,2012,6,10,23,44,49,,
540,Fri,23,Nov,2012,1,9,11,20,40,,
539,Tue,20,Nov,2012,28,30,42,45,49,,
538,Fri,16,Nov,2012,10,15,19,23,41,,
537,Tue,13,Nov,2012,11,16,21,24,29,,
536,Fri,9,Nov,2012,14,21,22,28,47,,
535,Tue,6,Nov,2012,7,20,25,35,41,,
534,Fri,2,Nov,2012,3,6,10,11,44,,
533,Tue,30,Oct,2012,23,24,25,31,44,,
532,Fri,26,Oct,2012,5,6,9,27,38,,
531,Tue,23,Oct,2012,1,28,35,38,50,,
530,Fri,19,Oct,2012,16,29,37,40,44,,
529,Tue,16,Oct,2012,10,32,40,41,49,,
528,Fri,12,Oct,2012,6,7,17,35,43,,
527,Tue,9,Oct,2012,2,8,10,23,25,,
526,Fri,5,Oct,2012,9,16,18,19,21,,
525,Tue,2,Oct,2012,4,16,21,36,42,,
524,Fri,28,Sep,2012,20,23,26,30,33,,
523,Tue,25,Sep,2012,7,25,27,48,49,,
522,Fri,21,Sep,2012,4,19,34,41,43,,
521,Tue,18,Sep,2012,6,7,38,39,44,,
520,Fri,14,Sep,2012,3,10,23,27,44,,
519,Tue,11,Sep,2012,6,15,22,37,44,,
518,Fri,7,Sep,2012,13,15,30,35,42,,
517,Tue,4,Sep,2012,11,17,18,39,44,,
516,Fri,31,Aug,2012,16,28,31,33,48,,
515,Tue,28,Aug,2012,1,18,25,26,44,,
514,Fri,24,Aug,2012,5,6,12,19,37,,
513,Tue,21,Aug,2012,4,5,17,38,48,,
512,Fri,17,Aug,2012,19,25,28,33,44,,
511,Tue,14,Aug,2012,1,16,38,42,45,,
510,Fri,10,Aug,2012,11,17,21,48,50,,
509,Tue,7,Aug,2012,20,27,34,46,50,,
508,Fri,3,Aug,2012,24,34,35,42,46,,
507,Tue,31,Jul,2012,4,29,35,36,39,,
506,Fri,27,Jul,2012,14,15,21,23,48,,
505,Tue,24,Jul,2012,4,16,18,25,44,,
504,Fri,20,Jul,2012,10,19,23,45,49,,
503,Tue,17,Jul,2012,2,7,24,43,46,,
502,Fri,13,Jul,2012,8,18,25,35,46,,
501,Tue,10,Jul,2012,1,3,16,24,37,,
500,Fri,6,Jul,2012,31,32,38,40,42,,
499,Tue,3,Jul,2012,2,7,22,27,40,,
498,Fri,29,Jun,2012,14,17,28,29,39,,
497,Tue,26,Jun,2012,1,11,20,22,35,,
496,Fri,22,Jun,2012,14,18,19,43,49,,
495,Tue,19,Jun,2012,7,17,20,35,50,,
494,Fri,15,Jun,2012,10,22,27,38,48,,
493,Tue,12,Jun,2012,8,15,26,30,48,,
492,Fri,8,Jun,2012,5,11,22,34,40,,
491,Tue,5,Jun,2012,13,34,37,47,49,,
490,Fri,1,Jun,2012,2,4,14,26,36,,
489,Tue,29,May,2012,8,15,17,25,28,,
488,Fri,25,May,2012,12,22,35,46,49,,
487,Tue,22,May,2012,16,31,32,37,41,,
486,Fri,18,May,2012,13,29,43,47,50,,
485,Tue,15,May,2012,2,11,13,26,50,,
484,Fri,11,May,2012,1,13,17,38,44,,
483,Tue,8,May,2012,3,21,34,38,48,,
482,Fri,4,May,2012,3,26,39,40,41,,
481,Tue,1,May,2012,4,5,15,19,41,,
480,Fri,27,Apr,2012,20,27,30,36,43,,
479,Tue,24,Apr,2012,8,9,24,43,48,,
478,Fri,20,Apr,2012,3,6,29,32,41,,
477,Tue,17,Apr,2012,10,28,33,48,49,,
476,Fri,13,Apr,2012,8,13,26,39,43,,
475,Tue,10,Apr,2012,22,25,27,36,37,,
474,Fri,6,Apr,2012,11,20,30,35,45,,
473,Tue,3,Apr,2012,1,8,18,25,30,,
472,Fri,30,Mar,2012,4,17,23,36,46,,
471,Tue,27,Mar,2012,24,27,29,34,36,,
470,Fri,23,Mar,2012,9,15,23,31,50,,
469,Tue,20,Mar,2012,15,16,28,30,46,,
468,Fri,16,Mar,2012,3,4,12,23,50,,
467,Tue,13,Mar,2012,1,10,25,43,47,,
466,Fri,9,Mar,2012,3,32,36,39,47,,
465,Tue,6,Mar,2012,23,24,27,37,47,,
464,Fri,2,Mar,2012,5,6,11,30,44,,
463,Tue,28,Feb,2012,1,10,17,33,48,,
462,Fri,24,Feb,2012,3,7,12,26,34,,
461,Tue,21,Feb,2012,11,14,24,25,29,,
460,Fri,17,Feb,2012,4,11,28,38,47,,
459,Tue,14,Feb,2012,14,27,36,42,46,,
458,Fri,10,Feb,2012,3,8,14,31,41,,
457,Tue,7,Feb,2012,3,15,17,28,33,,
456,Fri,3,Feb,2012,16,19,20,25,28,,
455,Tue,31,Jan,2012,9,34,38,43,45,,
454,Fri,27,Jan,2012,10,13,19,39,44,,
453,Tue,24,Jan,2012,1,2,6,20,36,,
452,Fri,20,Jan,2012,2,10,22,27,28,,
451,Tue,17,Jan,2012,12,22,30,31,44,,
450,Fri,13,Jan,2012,13,14,21,27,39,,
449,Tue,10,Jan,2012,4,9,10,30,40,,
448,Fri,6,Jan,2012,1,6,10,12,31,,
447,Tue,3,Jan,2012,3,30,42,45,49,,
446,Fri,30,Dec,2011,16,36,43,44,50,,
445,Tue,27,Dec,2011,19,21,25,26,44,,
444,Fri,23,Dec,2011,7,21,22,24,28,,
443,Tue,20,Dec,2011,1,9,12,14,48,,
442,Fri,16,Dec,2011,2,5,10,23,31,,
441,Tue,13,Dec,2011,7,12,18,33,37,,
440,Fri,9,Dec,2011,12,21,29,44,47,,
439,Tue,6,Dec,2011,19,20,21,34,38,,
438,Fri,2,Dec,2011,7,27,30,40,43,,
437,Tue,29,Nov,2011,11,25,41,45,50,,
436,Fri,25,Nov,2011,14,19,26,28,34,,
435,Tue,22,Nov,2011,16,18,24,38,40,,
434,Fri,18,Nov,2011,4,12,24,39,44,,
433,Tue,15,Nov,2011,6,17,22,45,47,,
432,Fri,11,Nov,2011,1,4,18,23,30,,
431,Tue,8,Nov,2011,1,4,15,29,40,,
430,Fri,4,Nov,2011,11,14,41,43,50,,
429,Tue,1,Nov,2011,14,20,23,45,46,,
428,Fri,28,Oct,2011,16,17,20,39,50,,
427,Tue,25,Oct,2011,12,22,27,28,39,,
426,Fri,21,Oct,2011,2,19,33,37,46,,
425,Tue,18,Oct,2011,18,23,37,46,48,,
424,Fri,14,Oct,2011,12,23,29,32,47,,
423,Tue,11,Oct,2011,1,4,12,16,48,,
422,Fri,7,Oct,2011,18,26,34,38,42,,
421,Tue,4,Oct,2011,14,16,23,38,45,,
420,Fri,30,Sep,2011,5,15,28,31,44,,
419,Tue,27,Sep,2011,18,27,28,35,40,,
418,Fri,23,Sep,2011,6,14,33,34,48,,
417,Tue,20,Sep,2011,9,19,25,36,38,,
416,Fri,16,Sep,2011,2,8,17,39,42,,
415,Tue,13,Sep,2011,9,28,30,32,49,,
414,Fri,9,Sep,2011,5,21,28,31,34,,
413,Tue,6,Sep,2011,35,42,47,48,50,,
412,Fri,2,Sep,2011,12,26,37,38,44,,
411,Tue,30,Aug,2011,2,8,10,19,46,,
410,Fri,26,Aug,2011,12,22,25,33,45,,
409,Tue,23,Aug,2011,4,6,14,42,50,,
408,Fri,19,Aug,2011,6,14,16,28,31,,
407,Tue,16,Aug,2011,1,13,17,18,45,,
406,Fri,12,Aug,2011,7,10,20,27,37,,
405,Tue,9,Aug,2011,7,23,24,34,36,,
404,Fri,5,Aug,2011,13,14,18,32,34,,
403,Tue,2,Aug,2011,5,8,14,24,33,,
402,Fri,29,Jul,2011,12,19,27,37,38,,
401,Tue,26,Jul,2011,1,5,22,25,48,,
400,Fri,22,Jul,2011,4,15,23,49,50,,
399,Tue,19,Jul,2011,3,16,25,26,35,,
398,Fri,15,Jul,2011,6,26,33,34,39,,
397,Tue,12,Jul,2011,17,19,38,42,45,,
396,Fri,8,Jul,2011,12,13,23,40,49,,
395,Tue,5,Jul,2011,11,28,29,47,49,,
394,Fri,1,Jul,2011,8,11,23,31,46,,
393,Tue,28,Jun,2011,15,16,30,44,50,,
392,Fri,24,Jun,2011,5,16,20,30,41,,
391,Tue,21,Jun,2011,17,20,35,49,50,,
390,Fri,17,Jun,2011,11,16,21,22,44,,
389,Tue,14,Jun,2011,5,12,19,41,48,,
388,Fri,10,Jun,2011,3,19,20,37,48,,
387,Tue,7,Jun,2011,6,25,36,38,40,,
386,Fri,3,Jun,2011,4,39,40,49,50,,
385,Tue,31,May,2011,1,9,10,22,50,,
384,Fri,27,May,2011,9,17,25,28,49,,
383,Tue,24,May,2011,16,23,24,26,29,,
382,Fri,20,May,2011,10,14,20,25,42,,
381,Tue,17,May,2011,20,21,37,45,46,,
380,Fri,13,May,2011,9,11,17,36,47,,
379,Tue,10,May,2011,3,10,15,28,45,,
378,Fri,6,May,2011,11,16,20,22,28,,
377,Fri,29,Apr,2011,15,25,38,40,41,,
376,Fri,22,Apr,2011,11,22,36,45,48,,
375,Fri,15,Apr,2011,4,6,21,39,41,,
374,Fri,8,Apr,2011,21,23,38,47,50,,
373,Fri,1,Apr,2011,4,17,21,22,33,,
372,Fri,25,Mar,2011,6,12,21,27,33,,
371,Fri,18,Mar,2011,1,13,20,26,50,,
370,Fri,11,Mar,2011,17,19,24,37,46,,
369,Fri,4,Mar,2011,11,25,27,28,41,,
368,Fri,25,Feb,2011,12,13,42,45,48,,
367,Fri,18,Feb,2011,2,3,15,45,49,,
366,Fri,11,Feb,2011,12,14,15,19,23,,
365,Fri,4,Feb,2011,2,11,24,35,47,,
364,Fri,28,Jan,2011,13,23,24,41,42,,
363,Fri,21,Jan,2011,3,11,13,18,21,,
362,Fri,14,Jan,2011,2,14,24,39,44,,
361,Fri,7,Jan,2011,1,22,32,48,50,,
360,Fri,31,Dec,2010,2,24,34,38,43,,
359,Fri,24,Dec,2010,19,36,38,42,46,,
358,Fri,17,Dec,2010,3,20,29,35,42,,
357,Fri,10,Dec,2010,2,3,10,33,46,,
356,Fri,3,Dec,2010,8,19,28,32,46,,
355,Fri,26,Nov,2010,9,28,36,41,49,,
354,Fri,19,Nov,2010,12,15,32,36,45,,
353,Fri,12,Nov,2010,7,19,23,29,47,,
352,Fri,5,Nov,2010,21,23,33,40,50,,
351,Fri,29,Oct,2010,16,20,22,32,42,,
350,Fri,22,Oct,2010,4,5,9,11,39,,
349,Fri,15,Oct,2010,2,31,36,38,43,,
348,Fri,8,Oct,2010,9,30,35,39,46,,
347,Fri,1,Oct,2010,1,4,6,27,48,,
346,Fri,24,Sep,2010,1,4,16,40,48,,
345,Fri,17,Sep,2010,17,27,29,38,50,,
344,Fri,10,Sep,2010,17,21,35,41,45,,
343,Fri,3,Sep,2010,13,24,26,47,49,,
342,Fri,27,Aug,2010,1,6,13,30,49,,
341,Fri,20,Aug,2010,5,27,31,40,42,,
340,Fri,13,Aug,2010,4,9,15,21,47,,
339,Fri,6,Aug,2010,13,25,28,29,42,,
338,Fri,30,Jul,2010,3,4,11,28,39,,
337,Fri,23,Jul,2010,4,13,35,37,46,,
336,Fri,16,Jul,2010,38,39,45,46,49,,
335,Fri,9,Jul,2010,9,24,37,39,49,,
334,Fri,2,Jul,2010,12,13,36,41,46,,
333,Fri,25,Jun,2010,1,8,18,28,31,,
332,Fri,18,Jun,2010,2,29,31,32,38,,
331,Fri,11,Jun,2010,2,22,24,36,44,,
330,Fri,4,Jun,2010,4,17,34,40,42,,
329,Fri,28,May,2010,4,9,31,32,33,,
328,Fri,21,May,2010,7,19,30,38,50,,
327,Fri,14,May,2010,1,17,31,43,47,,
326,Fri,7,May,2010,3,6,15,21,32,,
325,Fri,30,Apr,2010,6,22,24,25,36,,
324,Fri,23,Apr,2010,3,7,8,43,46,,
323,Fri,16,Apr,2010,9,11,17,26,40,,
322,Fri,9,Apr,2010,7,21,23,24,44,,
321,Fri,2,Apr,2010,12,18,24,26,45,,
320,Fri,26,Mar,2010,8,16,18,37,43,,
319,Fri,19,Mar,2010,10,28,30,38,39,,
318,Fri,12,Mar,2010,1,26,33,36,46,,
317,Fri,5,Mar,2010,12,18,19,43,49,,
316,Fri,26,Feb,2010,7,11,18,29,42,,
315,Fri,19,Feb,2010,12,31,37,38,43,,
314,Fri,12,Feb,2010,1,5,18,38,45,,
313,Fri,5,Feb,2010,34,35,38,39,46,,
312,Fri,29,Jan,2010,9,17,30,39,43,,
311,Fri,22,Jan,2010,4,22,27,36,44,,
310,Fri,15,Jan,2010,11,26,29,49,50,,
309,Fri,8,Jan,2010,4,5,14,44,46,,
308,Fri,1,Jan,2010,9,22,24,27,36,,
307,Fri,25,Dec,2009,4,5,14,17,34,,
306,Fri,18,Dec,2009,14,30,32,35,49,,
305,Fri,11,Dec,2009,20,41,43,44,46,,
304,Fri,4,Dec,2009,18,19,25,30,44,,
303,Fri,27,Nov,2009,5,8,13,15,33,,
302,Fri,20,Nov,2009,5,9,28,43,47,,
301,Fri,13,Nov,2009,13,15,25,26,32,,
300,Fri,6,Nov,2009,11,19,34,43,45,,
299,Fri,30,Oct,2009,9,33,35,38,40,,
298,Fri,23,Oct,2009,6,18,20,29,31,,
297,Fri,16,Oct,2009,12,23,30,31,47,,
296,Fri,9,Oct,2009,7,11,29,46,50,,
295,Fri,2,Oct,2009,22,23,24,29,44,,
294,Fri,25,Sep,2009,6,17,18,21,34,,
293,Fri,18,Sep,2009,6,16,30,38,41,,
292,Fri,11,Sep,2009,12,15,35,42,43,,
291,Fri,4,Sep,2009,6,9,20,38,39,,
290,Fri,28,Aug,2009,8,36,37,41,49,,
289,Fri,21,Aug,2009,4,7,16,31,42,,
288,Fri,14,Aug,2009,5,8,24,30,49,,
287,Fri,7,Aug,2009,10,20,22,24,31,,
286,Fri,31,Jul,2009,5,9,20,21,26,,
285,Fri,24,Jul,2009,14,15,25,35,47,,
284,Fri,17,Jul,2009,2,8,17,32,50,,
283,Fri,10,Jul,2009,6,16,20,42,46,,
282,Fri,3,Jul,2009,21,29,34,46,47,,
281,Fri,26,Jun,2009,6,11,21,30,39,,
280,Fri,19,Jun,2009,4,16,17,20,29,,
279,Fri,12,Jun,2009,6,14,16,34,50,,
278,Fri,5,Jun,2009,11,19,26,35,40,,
277,Fri,29,May,2009,2,5,30,37,47,,
276,Fri,22,May,2009,4,13,14,33,43,,
275,Fri,15,May,2009,8,18,19,20,42,,
274,Fri,8,May,2009,4,23,24,29,31,,
273,Fri,1,May,2009,5,19,31,38,47,,
272,Fri,24,Apr,2009,4,14,21,24,41,,
271,Fri,17,Apr,2009,4,7,21,44,47,,
270,Fri,10,Apr,2009,9,14,16,37,46,,
269,Fri,3,Apr,2009,2,20,24,32,46,,
268,Fri,27,Mar,2009,25,33,36,38,42,,
267,Fri,20,Mar,2009,12,16,23,31,35,,
266,Fri,13,Mar,2009,12,24,26,36,42,,
265,Fri,6,Mar,2009,13,17,19,25,35,,
264,Fri,27,Feb,2009,5,9,37,44,45,,
263,Fri,20,Feb,2009,9,12,13,14,48,,
262,Fri,13,Feb,2009,22,33,36,40,42,,
261,Fri,6,Feb,2009,10,20,30,36,40,,
260,Fri,30,Jan,2009,4,29,34,35,46,,
259,Fri,23,Jan,2009,32,33,36,40,49,,
258,Fri,16,Jan,2009,3,17,22,49,50,,
257,Fri,9,Jan,2009,7,15,22,28,48,,
256,Fri,2,Jan,2009,29,30,36,37,48,,
255,Fri,26,Dec,2008,1,2,26,44,50,,
254,Fri,19,Dec,2008,28,29,40,46,50,,
253,Fri,12,Dec,2008,2,19,28,42,49,,
252,Fri,5,Dec,2008,4,8,21,35,45,,
251,Fri,28,Nov,2008,8,11,16,25,41,,
250,Fri,21,Nov,2008,9,14,21,49,50,,
249,Fri,14,Nov,2008,8,10,14,21,26,,
248,Fri,7,Nov,2008,1,9,12,17,18,,
247,Fri,31,Oct,2008,3,18,25,34,41,,
246,Fri,24,Oct,2008,7,15,16,17,45,,
245,Fri,17,Oct,2008,3,10,12,42,50,,
244,Fri,10,Oct,2008,4,15,22,31,41,,
243,Fri,3,Oct,2008,4,13,19,23,38,,
242,Fri,26,Sep,2008,14,29,31,33,37,,
241,Fri,19,Sep,2008,14,16,19,20,31,,
240,Fri,12,Sep,2008,19,23,33,37,50,,
239,Fri,5,Sep,2008,7,12,16,17,39,,
238,Fri,29,Aug,2008,2,20,25,37,39,,
237,Fri,22,Aug,2008,7,27,29,39,50,,
236,Fri,15,Aug,2008,11,17,18,26,31,,
235,Fri,8,Aug,2008,4,5,15,16,45,,
234,Fri,1,Aug,2008,1,22,25,40,50,,
233,Fri,25,Jul,2008,7,11,15,24,29,,
232,Fri,18,Jul,2008,10,14,16,29,44,,
231,Fri,11,Jul,2008,9,11,13,19,37,,
230,Fri,4,Jul,2008,7,19,22,27,48,,
229,Fri,27,Jun,2008,5,20,26,44,50,,
228,Fri,20,Jun,2008,8,11,36,37,45,,
227,Fri,13,Jun,2008,13,16,37,44,50,,
226,Fri,6,Jun,2008,7,19,21,40,50,,
225,Fri,30,May,2008,5,7,14,20,49,,
224,Fri,23,May,2008,5,9,19,21,38,,
223,Fri,16,May,2008,6,9,15,25,38,,
222,Fri,9,May,2008,8,9,40,42,45,,
221,Fri,2,May,2008,2,26,37,45,48,,
220,Fri,25,Apr,2008,4,19,26,27,30,,
219,Fri,18,Apr,2008,3,6,7,27,50,,
218,Fri,11,Apr,2008,6,25,30,45,50,,
217,Fri,4,Apr,2008,11,13,18,37,47,,
216,Fri,28,Mar,2008,5,9,17,29,39,,
215,Fri,21,Mar,2008,2,10,18,22,36,,
214,Fri,14,Mar,2008,13,21,25,35,48,,
213,Fri,7,Mar,2008,2,7,14,17,35,,
212,Fri,29,Feb,2008,12,37,40,47,49,,
211,Fri,22,Feb,2008,4,27,32,46,50,,
210,Fri,15,Feb,2008,12,27,29,45,46,,
209,Fri,8,Feb,2008,17,28,30,38,44,,
208,Fri,1,Feb,2008,22,30,45,47,49,,
207,Fri,25,Jan,2008,2,6,9,19,45,,
206,Fri,18,Jan,2008,14,16,23,40,46,,
205,Fri,11,Jan,2008,8,24,36,49,50,,
204,Fri,4,Jan,2008,10,12,24,25,41,,
203,Fri,28,Dec,2007,20,21,22,31,45,,
202,Fri,21,Dec,2007,7,9,28,37,44,,
201,Fri,14,Dec,2007,8,25,30,36,44,,
200,Fri,7,Dec,2007,2,4,32,43,48,,
199,Fri,30,Nov,2007,12,19,20,30,38,,
198,Fri,23,Nov,2007,2,10,22,29,48,,
197,Fri,16,Nov,2007,9,18,23,33,37,,
196,Fri,9,Nov,2007,5,14,22,25,36,,
195,Fri,2,Nov,2007,3,16,18,19,40,,
194,Fri,26,Oct,2007,7,20,38,40,43,,
193,Fri,19,Oct,2007,7,18,34,35,40,,
192,Fri,12,Oct,2007,21,32,36,46,47,,
191,Fri,5,Oct,2007,11,20,27,35,44,,
190,Fri,28,Sep,2007,22,30,34,35,44,,
189,Fri,21,Sep,2007,1,17,32,35,37,,
188,Fri,14,Sep,2007,5,9,11,29,33,,
187,Fri,7,Sep,2007,2,3,33,34,42,,
186,Fri,31,Aug,2007,6,18,22,23,37,,
185,Fri,24,Aug,2007,1,3,16,42,48,,
184,Fri,17,Aug,2007,2,3,13,38,42,,
183,Fri,10,Aug,2007,23,40,42,43,49,,
182,Fri,3,Aug,2007,10,30,33,37,41,,
181,Fri,27,Jul,2007,1,4,21,29,41,,
180,Fri,20,Jul,2007,10,21,25,26,50,,
179,Fri,13,Jul,2007,9,13,15,31,48,,
178,Fri,6,Jul,2007,4,5,19,39,41,,
177,Fri,29,Jun,2007,8,12,28,33,45,,
176,Fri,22,Jun,2007,11,16,17,22,34,,
175,Fri,15,Jun,2007,5,7,14,21,40,,
174,Fri,8,Jun,2007,1,15,17,25,45,,
173,Fri,1,Jun,2007,6,22,37,41,42,,
172,Fri,25,May,2007,25,26,29,49,50,,
171,Fri,18,May,2007,26,34,37,39,49,,
170,Fri,11,May,2007,7,12,26,29,49,,
169,Fri,4,May,2007,6,17,35,41,45,,
168,Fri,27,Apr,2007,7,18,27,36,44,,
167,Fri,20,Apr,2007,23,26,32,41,45,,
166,Fri,13,Apr,2007,7,20,25,38,41,,
165,Fri,6,Apr,2007,15,23,29,41,48,,
164,Fri,30,Mar,2007,9,17,19,41,46,,
163,Fri,23,Mar,2007,5,13,17,40,43,,
162,Fri,16,Mar,2007,4,14,31,45,49,,
161,Fri,9,Mar,2007,2,3,25,43,48,,
160,Fri,2,Mar,2007,3,16,34,38,48,,
159,Fri,23,Feb,2007,2,15,18,20,22,,
158,Fri,16,Feb,2007,8,19,20,39,50,,
157,Fri,9,Feb,2007,14,16,30,36,46,,
156,Fri,2,Feb,2007,14,23,27,30,36,,
155,Fri,26,Jan,2007,11,15,23,30,38,,
154,Fri,19,Jan,2007,5,13,27,33,42,,
153,Fri,12,Jan,2007,8,11,14,19,25,,
152,Fri,5,Jan,2007,17,19,29,36,45,,
151,Fri,29,Dec,2006,6,9,13,14,35,,
150,Fri,22,Dec,2006,9,11,20,38,43,,
149,Fri,15,Dec,2006,9,23,35,37,42,,
148,Fri,8,Dec,2006,16,17,18,36,47,,
147,Fri,1,Dec,2006,4,8,16,37,41,,
146,Fri,24,Nov,2006,5,8,17,25,40,,
145,Fri,17,Nov,2006,12,22,32,33,36,,
144,Fri,10,Nov,2006,14,21,27,30,36,,
143,Fri,3,Nov,2006,11,13,24,44,49,,
142,Fri,27,Oct,2006,3,4,8,44,50,,
141,Fri,20,Oct,2006,10,19,34,45,47,,
140,Fri,13,Oct,2006,2,25,32,38,41,,
139,Fri,6,Oct,2006,5,11,22,35,38,,
138,Fri,29,Sep,2006,1,3,6,18,24,,
137,Fri,22,Sep,2006,10,29,30,45,49,,
136,Fri,15,Sep,2006,6,10,16,26,49,,
135,Fri,8,Sep,2006,1,10,12,32,33,,
134,Fri,1,Sep,2006,3,7,25,45,50,,
133,Fri,25,Aug,2006,10,28,40,47,48,,
132,Fri,18,Aug,2006,12,37,39,40,50,,
131,Fri,11,Aug,2006,27,28,31,46,47,,
130,Fri,4,Aug,2006,1,14,15,26,32,,
129,Fri,28,Jul,2006,3,8,12,29,43,,
128,Fri,21,Jul,2006,2,4,9,38,50,,
127,Fri,14,Jul,2006,1,7,17,31,36,,
126,Fri,7,Jul,2006,7,9,18,35,43,,
125,Fri,30,Jun,2006,6,15,16,40,43,,
124,Fri,23,Jun,2006,9,21,30,43,44,,
123,Fri,16,Jun,2006,1,16,26,30,36,,
122,Fri,9,Jun,2006,3,12,15,34,39,,
121,Fri,2,Jun,2006,7,8,27,41,48,,
120,Fri,26,May,2006,2,12,21,41,49,,
119,Fri,19,May,2006,3,5,25,34,49,,
118,Fri,12,May,2006,5,20,23,34,50,,
117,Fri,5,May,2006,4,8,14,16,50,,
116,Fri,28,Apr,2006,5,10,17,22,33,,
115,Fri,21,Apr,2006,1,20,22,37,46,,
114,Fri,14,Apr,2006,16,26,34,35,49,,
113,Fri,7,Apr,2006,12,13,29,44,50,,
112,Fri,31,Mar,2006,3,20,31,45,50,,
111,Fri,24,Mar,2006,17,28,33,35,47,,
110,Fri,17,Mar,2006,5,32,44,45,50,,
109,Fri,10,Mar,2006,1,21,33,45,49,,
108,Fri,3,Mar,2006,3,5,8,10,44,,
107,Fri,24,Feb,2006,1,11,18,19,47,,
106,Fri,17,Feb,2006,4,23,24,26,38,,
105,Fri,10,Feb,2006,5,6,38,48,50,,
104,Fri,3,Feb,2006,9,21,30,39,50,,
103,Fri,27,Jan,2006,9,15,21,40,49,,
102,Fri,20,Jan,2006,12,15,33,44,50,,
101,Fri,13,Jan,2006,8,12,19,33,34,,
100,Fri,6,Jan,2006,2,6,9,14,26,,
99,Fri,30,Dec,2005,8,16,19,43,45,,
98,Fri,23,Dec,2005,15,31,36,37,42,,
97,Fri,16,Dec,2005,2,3,15,18,32,,
96,Fri,9,Dec,2005,11,18,35,38,42,,
95,Fri,2,Dec,2005,1,9,20,23,30,,
94,Fri,25,Nov,2005,1,6,27,39,47,,
93,Fri,18,Nov,2005,17,18,25,34,48,,
92,Fri,11,Nov,2005,15,16,36,41,42,,
91,Fri,4,Nov,2005,26,36,37,38,42,,
90,Fri,28,Oct,2005,14,36,44,47,50,,
89,Fri,21,Oct,2005,1,14,19,29,33,,
88,Fri,14,Oct,2005,10,11,19,20,23,,
87,Fri,7,Oct,2005,2,13,21,26,44,,
86,Fri,30,Sep,2005,6,11,47,48,50,,
85,Fri,23,Sep,2005,1,26,31,34,47,,
84,Fri,16,Sep,2005,12,13,19,21,38,,
83,Fri,9,Sep,2005,8,12,19,31,50,,
82,Fri,2,Sep,2005,3,4,14,43,50,,
81,Fri,26,Aug,2005,9,29,35,40,41,,
80,Fri,19,Aug,2005,11,24,29,31,41,,
79,Fri,12,Aug,2005,15,23,30,37,40,,
78,Fri,5,Aug,2005,2,11,21,22,30,,
77,Fri,29,Jul,2005,3,19,26,49,50,,
76,Fri,22,Jul,2005,3,14,41,48,49,,
75,Fri,15,Jul,2005,1,11,12,23,42,,
74,Fri,8,Jul,2005,35,36,42,46,49,,
73,Fri,1,Jul,2005,4,5,23,25,28,,
72,Fri,24,Jun,2005,6,8,14,15,45,,
71,Fri,17,Jun,2005,4,8,10,18,21,,
70,Fri,10,Jun,2005,6,7,32,37,47,,
69,Fri,3,Jun,2005,3,8,11,17,50,,
68,Fri,27,May,2005,2,24,31,48,50,,
67,Fri,20,May,2005,6,7,13,28,47,,
66,Fri,13,May,2005,12,17,31,32,40,,
65,Fri,6,May,2005,7,12,21,26,44,,
64,Fri,29,Apr,2005,3,9,35,39,42,,
63,Fri,22,Apr,2005,3,10,13,24,47,,
62,Fri,15,Apr,2005,6,28,31,38,42,,
61,Fri,8,Apr,2005,7,11,25,31,50,,
60,Fri,1,Apr,2005,25,26,41,44,47,,
59,Fri,25,Mar,2005,4,29,33,37,38,,
58,Fri,18,Mar,2005,6,23,39,43,48,,
57,Fri,11,Mar,2005,8,12,23,40,43,,
56,Fri,4,Mar,2005,12,24,32,37,39,,
55,Fri,25,Feb,2005,3,27,30,43,44,,
54,Fri,18,Feb,2005,20,21,26,32,46,,
53,Fri,11,Feb,2005,11,13,25,32,50,,
52,Fri,4,Feb,2005,1,8,11,30,40,,
51,Fri,28,Jan,2005,7,21,26,43,45,,
50,Fri,21,Jan,2005,10,12,14,24,26,,
49,Fri,14,Jan,2005,6,11,14,19,29,,
48,Fri,7,Jan,2005,3,23,27,47,50,,
47,Fri,31,Dec,2004,7,8,24,25,47,,
46,Fri,24,Dec,2004,3,4,27,29,37,,
45,Fri,17,Dec,2004,15,19,22,46,49,,
44,Fri,10,Dec,2004,1,3,13,16,43,,
43,Fri,3,Dec,2004,1,11,15,42,49,,
42,Fri,26,Nov,2004,1,4,24,34,36,,
41,Fri,19,Nov,2004,1,18,29,34,37,,
40,Fri,12,Nov,2004,4,11,12,13,32,,
39,Fri,5,Nov,2004,6,19,25,42,49,,
38,Fri,29,Oct,2004,1,8,32,35,38,,
37,Fri,22,Oct,2004,1,9,23,25,40,,
36,Fri,15,Oct,2004,14,21,22,37,43,,
35,Fri,8,Oct,2004,1,10,12,16,48,,
34,Fri,1,Oct,2004,12,20,21,45,48,,
33,Fri,24,Sep,2004,21,26,27,44,48,,
32,Fri,17,Sep,2004,15,18,29,39,41,,
31,Fri,10,Sep,2004,5,25,33,36,38,,
30,Fri,3,Sep,2004,8,12,14,15,34,,
29,Fri,27,Aug,2004,1,11,22,28,44,,
28,Fri,20,Aug,2004,6,9,10,27,35,,
27,Fri,13,Aug,2004,20,27,41,43,50,,
26,Fri,6,Aug,2004,5,15,24,35,44,,
25,Fri,30,Jul,2004,9,10,19,37,50,,
24,Fri,23,Jul,2004,7,10,27,31,34,,
23,Fri,16,Jul,2004,24,26,31,38,50,,
22,Fri,9,Jul,2004,2,5,12,19,44,,
21,Fri,2,Jul,2004,4,23,24,28,34,,
20,Fri,25,Jun,2004,3,21,30,34,35,,
19,Fri,18,Jun,2004,2,23,28,40,43,,
18,Fri,11,Jun,2004,2,7,8,10,47,,
17,Fri,4,Jun,2004,9,13,34,41,42,,
16,Fri,28,May,2004,6,11,35,41,44,,
15,Fri,21,May,2004,15,29,37,39,49,,
14,Fri,14,May,2004,1,3,21,32,39,,
13,Fri,7,May,2004,15,16,21,36,38,,
12,Fri,30,Apr,2004,5,6,16,23,27,,
11,Fri,23,Apr,2004,6,10,21,45,49,,
10,Fri,16,Apr,2004,14,15,28,35,40,,
9,Fri,9,Apr,2004,1,4,10,19,23,,
8,Fri,2,Apr,2004,4,12,24,27,36,,
7,Fri,26,Mar,2004,3,4,10,23,43,,
6,Fri,19,Mar,2004,33,36,37,42,45,,
5,Fri,12,Mar,2004,15,24,28,44,47,,
4,Fri,5,Mar,2004,4,7,33,37,39,,
3,Fri,27,Feb,2004,14,18,19,31,37,,
2,Fri,20,Feb,2004,7,13,39,47,50,,
1,Fri,13,Feb,2004,16,29,32,36,41,,
