No.,Day,DD,MMM,YYYY,N1,N2,N3,N4,N5,L1,L2,Jackpot,Wins
1975,Tue,25,Aug,2026,8,16,30,47,48,4,9,50552274.68,0
1974,Fri,21,Aug,2026,10,14,15,19,45,4,12,42251861.32,0
1973,Tue,18,Aug,2026,3,9,38,40,50,6,10,31920526.93,0
1972,Fri,14,Aug,2026,5,29,39,48,49,4,8,24170407.15,0
1971,Tue,11,Aug,2026,3,11,17,46,48,1,2,14543500,0
1970,Fri,7,Aug,2026,26,29,35,38,47,1,2,95221278.37,0
1969,Tue,4,Aug,2026,25,30,34,46,50,1,12,84426836.36,0
1968,Fri,31,Jul,2026,10,24,25,31,45,4,5,76260158.20,0
1967,Tue,28,Jul,2026,5,7,24,30,49,10,11,66958314.50,0
1966,Fri,24,Jul,2026,8,10,30,36,47,1,4,59473213.54,0
1965,Tue,21,Jul,2026,2,3,8,28,39,2,11,50541113.82,0
1964,Fri,17,Jul,2026,12,21,23,34,40,9,10,42258877.19,0
1963,Tue,14,Jul,2026,10,19,37,42,47,9,12,32121945.93,0
1962,Fri,10,Jul,2026,2,14,28,33,48,8,10,24280189.98,0
1961,Tue,7,Jul,2026,5,29,33,45,47,5,8,14543500,0
1960,Fri,3,Jul,2026,2,12,17,25,39,1,2,68765010.25,0
1959,Tue,30,Jun,2026,1,8,37,44,48,2,6,59457234.97,0
1958,Fri,26,Jun,2026,6,16,26,34,35,11,12,52052408.62,0
1957,Tue,23,Jun,2026,3,33,36,45,46,5,6,41338705.77,0
1956,Fri,19,Jun,2026,8,34,39,41,42,2,7,33264966.27,0
1955,Tue,16,Jun,2026,18,25,31,37,45,4,9,22790503.54,0
1954,Fri,12,Jun,2026,4,7,14,22,23,1,7,14677800,0
1953,Tue,9,Jun,2026,2,7,23,44,46,3,5,151098759.91,0
1952,Fri,5,Jun,2026,5,6,16,17,49,2,12,138860469.04,0
1951,Tue,2,Jun,2026,6,9,17,18,42,7,9,123575545.95,0
1950,Fri,29,May,2026,5,14,18,31,35,2,12,112568108.59,0
1949,Tue,26,May,2026,6,23,25,35,37,6,12,100002438.19,0
1948,Fri,22,May,2026,6,22,26,31,37,5,8,91136033.75,0
1947,Tue,19,May,2026,2,12,20,38,45,2,5,80371842.63,0
1946,Fri,15,May,2026,3,10,38,41,43,2,9,72709841.52,0
1945,Tue,12,May,2026,4,26,32,35,36,5,7,62381490.68,0
1944,Fri,8,May,2026,2,17,19,34,37,8,11,54412853.23,0
1943,Tue,5,May,2026,3,4,8,20,31,6,8,42747690.67,0
1942,Fri,1,May,2026,3,9,42,46,47,1,11,34006734.13,0
1941,Tue,28,Apr,2026,26,29,41,46,47,8,9,22735651.47,0
1940,Fri,24,Apr,2026,25,26,30,40,45,1,5,14737300,0
1939,Tue,21,Apr,2026,13,16,29,40,47,3,4,125534584.88,2
1938,Fri,17,Apr,2026,22,23,28,41,47,6,8,115216921.55,0
1937,Tue,14,Apr,2026,1,2,4,28,44,5,12,101575025.37,0
1936,Fri,10,Apr,2026,10,13,14,38,41,6,9,92054325.62,0
1935,Tue,7,Apr,2026,11,14,19,36,49,6,7,80896361.62,0
1934,Fri,3,Apr,2026,8,27,29,46,49,2,10,72866184.19,0
1933,Tue,31,Mar,2026,5,8,10,33,38,2,7,62890069.49,0
1932,Fri,27,Mar,2026,4,10,43,44,48,2,4,54563238.06,0
1931,Tue,24,Mar,2026,12,16,17,18,27,1,3,42703039.60,0
1930,Fri,20,Mar,2026,5,12,16,37,46,8,10,34145427.26,0
1929,Tue,17,Mar,2026,5,17,28,33,41,3,9,23064074.64,0
1928,Fri,13,Mar,2026,13,17,26,41,48,4,10,14689700,0
1927,Tue,10,Mar,2026,12,14,27,44,50,4,12,181073415.58,1
1926,Fri,6,Mar,2026,15,16,19,28,37,6,9,167339115.11,0
1925,Tue,3,Mar,2026,6,7,24,34,50,5,7,151567470.30,0
1924,Fri,27,Feb,2026,14,24,27,39,42,6,10,140315841.36,0
1923,Tue,24,Feb,2026,10,27,40,43,47,6,10,124783611.95,0
1922,Fri,20,Feb,2026,13,24,28,33,35,5,9,113659000,0
1921,Tue,17,Feb,2026,1,4,6,10,41,5,12,56220296,0
1920,Fri,13,Feb,2026,9,13,31,37,40,6,9,46837974,0
1919,Tue,10,Feb,2026,1,17,19,34,42,5,8,33739190,0
1918,Fri,6,Feb,2026,10,13,20,23,24,6,11,25335564,0
1917,Tue,3,Feb,2026,26,27,28,34,37,4,9,14688000,0
1916,Fri,30,Jan,2026,14,18,31,35,46,7,11,107122901,0
1915,Tue,27,Jan,2026,4,23,42,43,47,3,9,95340961,0
1914,Fri,23,Jan,2026,4,5,13,21,42,3,10,86501911,0
1913,Tue,20,Jan,2026,11,18,19,22,50,1,11,75830353,0
1912,Fri,16,Jan,2026,5,17,24,29,50,5,10,67080148,0
1911,Tue,13,Jan,2026,6,10,18,44,47,2,10,56012423,0
1910,Fri,9,Jan,2026,1,7,10,26,34,2,4,46714773,0
1909,Tue,6,Jan,2026,5,14,17,18,31,10,12,35029519,0
1908,Fri,2,Jan,2026,8,27,42,44,46,1,10,26917650,0
1907,Tue,30,Dec,2025,11,26,29,34,44,1,10,14846100,0
1906,Fri,26,Dec,2025,12,22,32,36,48,3,4,47164703,1
1905,Tue,23,Dec,2025,8,26,27,29,44,11,12,36219854,0
1904,Fri,19,Dec,2025,17,21,39,43,44,1,11,26272412,0
1903,Tue,16,Dec,2025,14,16,40,41,44,2,10,14902200,0
1902,Fri,12,Dec,2025,7,25,30,37,41,5,11,14941300,1
1901,Tue,9,Dec,2025,2,8,13,29,49,2,11,124643821,1
1900,Fri,5,Dec,2025,9,15,25,34,46,8,12,113633000,0
1899,Tue,2,Dec,2025,4,13,14,20,41,6,12,14971900,0
1898,Fri,28,Nov,2025,5,29,33,39,42,3,9,156646223,0
1897,Tue,25,Nov,2025,6,11,17,35,44,3,7,142321587,0
1896,Fri,21,Nov,2025,17,19,29,35,48,5,9,131464184,0
1895,Tue,18,Nov,2025,2,4,15,21,48,6,12,118491408,0
1894,Fri,14,Nov,2025,9,26,27,45,48,8,9,108302730,0
1893,Tue,11,Nov,2025,4,22,32,36,47,2,10,95492878,0
1892,Fri,7,Nov,2025,11,21,39,40,43,2,8,86185474,0
1891,Tue,4,Nov,2025,6,9,25,28,45,1,4,75171029,0
1890,Fri,31,Oct,2025,5,14,38,43,45,7,11,66400273,0
1889,Tue,28,Oct,2025,7,8,24,35,49,2,12,54999780,0
1888,Fri,24,Oct,2025,7,8,25,31,45,7,12,45681300,0
1887,Tue,21,Oct,2025,5,24,29,40,42,6,12,33950861,0
1886,Fri,17,Oct,2025,13,35,39,44,47,3,5,25559255,0
1885,Tue,14,Oct,2025,5,8,14,16,18,3,10,14817200,0
1884,Fri,10,Oct,2025,6,7,17,20,21,1,10,25701358,1
1883,Tue,7,Oct,2025,24,39,42,43,48,5,8,14773000,0
1882,Fri,3,Oct,2025,6,12,18,25,41,2,6,26038157,1
1881,Tue,30,Sep,2025,3,8,15,17,48,2,8,14852900,0
1880,Fri,26,Sep,2025,4,17,25,28,44,5,11,113568000,0
1879,Tue,23,Sep,2025,11,13,24,29,33,2,5,56128723,0
1878,Fri,19,Sep,2025,8,10,26,32,42,9,12,46564196,0
1877,Tue,16,Sep,2025,1,9,13,35,40,5,6,34718425,0
1876,Fri,12,Sep,2025,5,10,23,31,37,3,11,25768241,0
1875,Tue,9,Sep,2025,3,13,24,39,40,2,8,14732200,0
1874,Fri,5,Sep,2025,27,30,31,41,43,5,8,56681384,0
1873,Tue,2,Sep,2025,13,30,31,32,36,1,12,44408792,0
1872,Fri,29,Aug,2025,6,9,10,13,37,1,7,34757748,0
1871,Tue,26,Aug,2025,2,14,38,42,45,10,11,23177179,0
1870,Fri,22,Aug,2025,6,9,12,30,39,4,10,14745800,0
1869,Tue,19,Aug,2025,24,31,34,41,43,6,8,21615000,0
1868,Fri,15,Aug,2025,13,30,35,36,40,2,6,200645465,0
1867,Tue,12,Aug,2025,18,28,42,46,48,3,9,184536067,0
1866,Fri,8,Aug,2025,2,12,19,34,44,6,10,171118004,0
1865,Tue,5,Aug,2025,1,3,5,42,47,5,10,156693569,0
1864,Fri,1,Aug,2025,4,16,25,29,30,2,10,145228808,0
1863,Tue,29,Jul,2025,5,6,42,44,46,4,8,130116570,0
1862,Fri,25,Jul,2025,6,7,23,32,36,11,12,120532068,0
1861,Tue,22,Jul,2025,8,15,26,33,41,9,10,107138894,0
1860,Fri,18,Jul,2025,13,19,25,42,45,2,9,96797541,0
1859,Tue,15,Jul,2025,24,38,41,45,49,1,6,84014945,0
1858,Fri,11,Jul,2025,8,23,24,45,49,2,10,75185800,0
1857,Tue,8,Jul,2025,1,8,9,18,50,1,5,64367280,0
1856,Fri,4,Jul,2025,19,29,42,45,48,5,7,56006015,0
1855,Tue,1,Jul,2025,1,17,28,32,34,7,8,43818269,0
1854,Fri,27,Jun,2025,19,27,36,45,49,7,10,34475868,0
1853,Tue,24,Jun,2025,7,16,21,23,39,7,11,22994509,0
1852,Fri,20,Jun,2025,5,8,24,37,47,3,9,14569000,0
1851,Tue,17,Jun,2025,13,22,23,44,49,3,5,213650000,0
1850,Fri,13,Jun,2025,2,28,40,43,45,3,7,212575000,0
1849,Tue,10,Jun,2025,19,36,39,40,45,5,6,211875000,0
1848,Fri,6,Jun,2025,20,21,29,30,35,2,12,210775000,0
1847,Tue,3,Jun,2025,12,15,38,47,48,5,7,201083864,0
1846,Fri,30,May,2025,4,7,14,33,36,1,5,184193289,0
1845,Tue,27,May,2025,12,30,38,40,41,4,12,166329474,0
1844,Fri,23,May,2025,10,29,43,46,49,7,12,153225546,0
1843,Tue,20,May,2025,1,8,13,29,47,5,6,139135511,0
1842,Fri,16,May,2025,6,9,25,37,46,6,12,127273727,0
1841,Tue,13,May,2025,9,19,44,47,50,2,9,113923081,0
1840,Fri,9,May,2025,15,18,25,29,47,5,9,104104433,0
1839,Tue,6,May,2025,8,23,24,47,48,4,9,92054251,0
1838,Fri,2,May,2025,3,5,19,21,49,1,10,82880184,0
1837,Tue,29,Apr,2025,2,9,24,30,41,1,11,71243649,0
1836,Fri,25,Apr,2025,13,22,32,39,41,1,12,63560012,0
1835,Tue,22,Apr,2025,7,28,33,37,47,9,12,53570179,0
1834,Fri,18,Apr,2025,20,27,35,39,48,3,8,45027369,0
1833,Tue,15,Apr,2025,3,31,33,38,44,6,12,33794376,0
1832,Fri,11,Apr,2025,14,28,34,46,49,3,8,25709199,0
1831,Tue,8,Apr,2025,3,14,15,48,49,1,7,14594500,0
1830,Fri,4,Apr,2025,27,39,41,45,50,5,7,25602915,0
1829,Tue,1,Apr,2025,9,24,30,46,49,4,12,14213700,0
1828,Fri,28,Mar,2025,10,21,30,42,45,1,9,209300000,0
1827,Tue,25,Mar,2025,1,3,18,33,36,2,6,183946479,0
1826,Fri,21,Mar,2025,9,17,18,21,50,5,12,168069397,0
1825,Tue,18,Mar,2025,4,9,35,46,50,8,11,151084676,0
1824,Fri,14,Mar,2025,8,10,33,35,49,2,9,137561429,0
1823,Tue,11,Mar,2025,13,36,37,42,47,7,11,121975243,0
1822,Fri,7,Mar,2025,6,10,27,32,48,3,8,109187000,0
1821,Tue,4,Mar,2025,15,20,29,35,42,2,9,14123600,0
1820,Fri,28,Feb,2025,7,16,31,43,46,5,9,43285890,0
1819,Tue,25,Feb,2025,17,22,23,24,44,6,11,32322607,0
1818,Fri,21,Feb,2025,1,3,11,20,43,2,11,24259190,0
1817,Tue,18,Feb,2025,5,14,25,26,40,5,7,14108300,0
1816,Fri,14,Feb,2025,4,14,31,36,38,3,10,65341621,1
1815,Tue,11,Feb,2025,3,21,36,41,46,1,6,53555254,0
1814,Fri,7,Feb,2025,10,23,24,29,45,8,10,44444737,0
1813,Tue,4,Feb,2025,3,4,29,39,43,5,10,33048456,0
1812,Fri,31,Jan,2025,22,30,41,44,49,2,7,24863884,0
1811,Tue,28,Jan,2025,9,37,41,42,49,1,9,14268100,0
1810,Fri,24,Jan,2025,2,11,19,30,49,3,8,83474082,1
1809,Tue,21,Jan,2025,6,8,14,27,41,4,5,72694900,0
1808,Fri,17,Jan,2025,8,15,24,35,42,6,8,64403626,0
1807,Tue,14,Jan,2025,18,20,29,41,48,5,9,53997370,0
1806,Fri,10,Jan,2025,12,27,36,37,42,6,7,44419556,0
1805,Tue,7,Jan,2025,20,33,35,41,47,4,12,32480651,0
1804,Fri,3,Jan,2025,3,19,29,35,37,1,9,24174526,0
1803,Tue,31,Dec,2024,19,24,26,28,33,8,12,14081100,0
1802,Fri,27,Dec,2024,12,22,27,33,45,4,8,34188089,0
1801,Tue,24,Dec,2024,6,10,16,23,24,11,12,23871600,0
1800,Fri,20,Dec,2024,10,14,21,33,50,6,9,14108300,0
1799,Tue,17,Dec,2024,1,3,4,21,29,2,7,64077706,0
1798,Fri,13,Dec,2024,1,15,25,42,50,4,10,56493998,0
1797,Tue,10,Dec,2024,5,24,25,29,47,5,9,42059626,0
1796,Fri,6,Dec,2024,14,25,39,44,47,6,10,33484744,0
1795,Tue,3,Dec,2024,23,25,34,46,47,6,8,22425451,0
1794,Fri,29,Nov,2024,8,17,18,29,43,5,9,14128700,0
1793,Tue,26,Nov,2024,7,11,25,31,40,9,12,177033699,1
1792,Fri,22,Nov,2024,10,11,12,29,31,8,11,161692181,0
1791,Tue,19,Nov,2024,4,13,20,28,49,7,12,140419087,0
1790,Fri,15,Nov,2024,7,8,34,39,44,2,6,128577965,0
1789,Tue,12,Nov,2024,10,11,12,22,50,1,10,114433995,0
1788,Fri,8,Nov,2024,2,33,35,42,48,1,3,103665143,0
1787,Tue,5,Nov,2024,1,8,19,37,50,6,9,91973310,0
1786,Fri,1,Nov,2024,7,33,38,44,50,2,7,82255604,0
1785,Tue,29,Oct,2024,1,2,19,30,45,10,12,71368025,0
1784,Fri,25,Oct,2024,4,17,20,25,45,8,9,63622199,0
1783,Tue,22,Oct,2024,3,13,27,30,46,1,2,52767199,0
1782,Fri,18,Oct,2024,4,15,23,30,39,1,12,44214819,0
1781,Tue,15,Oct,2024,2,15,32,36,48,3,9,32964079,0
1780,Fri,11,Oct,2024,16,23,32,46,49,4,5,24975215,0
1779,Tue,8,Oct,2024,7,14,19,34,40,6,8,14263000,0
1778,Fri,4,Oct,2024,4,8,16,17,20,1,6,135824926,0
1777,Tue,1,Oct,2024,8,22,29,41,42,9,11,120099439,0
1776,Fri,27,Sep,2024,7,20,21,27,38,5,12,108576000,0
1775,Tue,24,Sep,2024,18,20,21,36,49,3,5,54491831,0
1774,Fri,20,Sep,2024,16,25,29,34,37,3,7,45909304,0
1773,Tue,17,Sep,2024,20,30,32,41,44,1,10,34996870,0
1772,Fri,13,Sep,2024,10,15,17,31,42,4,12,26624239,0
1771,Tue,10,Sep,2024,6,29,46,47,48,2,9,14332700,0
1770,Fri,6,Sep,2024,12,14,34,41,47,3,4,125920031,0
1769,Tue,3,Sep,2024,7,9,11,16,45,2,5,111706402,0
1768,Fri,30,Aug,2024,3,24,27,33,42,4,6,100932446,0
1767,Tue,27,Aug,2024,1,8,11,42,47,4,11,88587174,0
1766,Fri,23,Aug,2024,9,15,24,47,50,8,9,80134912,0
1765,Tue,20,Aug,2024,7,10,13,18,26,3,12,70030320,0
1764,Fri,16,Aug,2024,15,17,29,45,49,1,10,62021629,0
1763,Tue,13,Aug,2024,15,16,39,40,47,1,6,52082902,0
1762,Fri,9,Aug,2024,21,23,25,33,44,4,10,43386309,0
1761,Tue,6,Aug,2024,1,18,27,41,50,2,12,32811078,0
1760,Fri,2,Aug,2024,5,7,12,33,46,3,12,24543900,0
1759,Tue,30,Jul,2024,9,25,28,37,38,2,8,14336100,0
1758,Fri,26,Jul,2024,4,19,23,35,37,4,8,24145750,1
1757,Tue,23,Jul,2024,4,8,10,16,34,4,8,14312300,0
1756,Fri,19,Jul,2024,15,22,35,44,48,6,7,44158558,0
1755,Tue,16,Jul,2024,2,32,35,36,39,7,8,32439060,0
1754,Fri,12,Jul,2024,12,18,24,25,39,8,10,24485102,0
1753,Tue,9,Jul,2024,6,15,19,28,39,7,11,14392200,0
1752,Fri,5,Jul,2024,11,13,29,31,47,1,11,33078307,1
1751,Tue,2,Jul,2024,2,7,34,35,46,6,8,22493319,0
1750,Fri,28,Jun,2024,10,16,18,22,35,1,10,14422800,0
1749,Tue,25,Jun,2024,14,16,37,45,49,5,7,180756232,0
1748,Fri,21,Jun,2024,3,4,7,11,17,3,12,165658649,0
1747,Tue,18,Jun,2024,3,11,33,34,36,1,12,148984360,0
1746,Fri,14,Jun,2024,2,13,16,24,32,1,7,136146674,0
1745,Tue,11,Jun,2024,7,15,34,45,48,7,9,121156630,0
1744,Fri,7,Jun,2024,15,16,26,30,37,5,8,110474000,0
1743,Tue,4,Jun,2024,6,7,9,14,43,3,4,59838166,0
1742,Fri,31,May,2024,4,7,16,33,34,7,8,52171704,0
1741,Tue,28,May,2024,16,18,35,36,41,6,7,40682863,0
1740,Fri,24,May,2024,9,12,18,22,50,1,3,32523165,0
1739,Tue,21,May,2024,11,13,14,34,48,7,9,22076027,0
1738,Fri,17,May,2024,18,31,32,41,46,1,10,14562200,0
1737,Tue,14,May,2024,2,8,17,28,35,7,9,41933803,0
1736,Fri,10,May,2024,13,28,29,44,48,4,12,33335763,0
1735,Tue,7,May,2024,35,36,41,42,45,6,11,22751465,0
1734,Fri,3,May,2024,6,9,10,30,49,3,4,14597900,0
1733,Tue,30,Apr,2024,13,22,24,33,47,1,5,142605492,0
1732,Fri,26,Apr,2024,2,20,39,40,47,4,8,130290236,0
1731,Tue,23,Apr,2024,6,9,11,32,49,2,10,115318610,0
1730,Fri,19,Apr,2024,10,20,40,44,46,1,3,104634780,0
1729,Tue,16,Apr,2024,22,29,31,39,46,3,7,90926180,0
1728,Fri,12,Apr,2024,2,3,12,16,45,2,11,81652272,0
1727,Tue,9,Apr,2024,19,23,26,27,46,2,10,71095344,0
1726,Fri,5,Apr,2024,13,18,26,35,37,8,11,63133397,0
1725,Tue,2,Apr,2024,1,23,31,36,48,5,8,52991752,0
1724,Fri,29,Mar,2024,16,17,35,36,49,1,10,44637566,0
1723,Tue,26,Mar,2024,2,13,14,26,29,5,6,33474458,0
1722,Fri,22,Mar,2024,8,11,23,32,44,9,10,25257322,0
1721,Tue,19,Mar,2024,7,16,18,20,32,1,3,14531600,0
1720,Fri,15,Mar,2024,1,4,31,34,40,4,5,111228000,0
1719,Tue,12,Mar,2024,13,19,30,38,46,4,12,62319725,0
1718,Fri,8,Mar,2024,8,11,12,16,44,4,7,54258756,0
1717,Tue,5,Mar,2024,2,15,17,23,36,3,8,42534485,0
1716,Fri,1,Mar,2024,4,7,19,20,34,2,4,33832786,0
1715,Tue,27,Feb,2024,3,4,9,12,20,5,6,22668447,0
1714,Fri,23,Feb,2024,24,27,28,30,49,1,12,14529900,0
1713,Tue,20,Feb,2024,23,31,37,42,48,3,7,62959762,0
1712,Fri,16,Feb,2024,8,13,14,24,26,1,2,54947313,0
1711,Tue,13,Feb,2024,13,17,18,20,46,4,9,42755567,0
1710,Fri,9,Feb,2024,23,24,35,37,45,9,12,34071155,0
1709,Tue,6,Feb,2024,2,7,21,28,45,5,11,22793244,0
1708,Fri,2,Feb,2024,13,20,23,27,42,5,9,14535000,0
1707,Tue,30,Jan,2024,5,10,19,27,30,5,6,61708231,1
1706,Fri,26,Jan,2024,8,19,32,41,42,9,12,111176000,0
1705,Tue,23,Jan,2024,14,23,39,48,50,3,12,14548600,0
1704,Fri,19,Jan,2024,27,28,44,48,50,7,12,14596200,0
1703,Tue,16,Jan,2024,10,18,21,33,45,8,12,75779937,0
1702,Fri,12,Jan,2024,16,17,18,45,49,9,12,67303737,0
1701,Tue,9,Jan,2024,2,9,12,39,40,1,3,55675221,0
1700,Fri,5,Jan,2024,4,7,18,39,50,3,8,46379442,0
1699,Tue,2,Jan,2024,7,15,18,46,49,10,12,34818330,0
1698,Fri,29,Dec,2023,2,3,19,36,37,6,9,26478414,0
1697,Tue,26,Dec,2023,8,27,30,35,47,9,10,14761100,0
1696,Fri,22,Dec,2023,6,14,34,44,49,4,12,48293103,0
1695,Tue,19,Dec,2023,10,20,41,43,45,2,12,34944314,0
1694,Fri,15,Dec,2023,2,13,37,38,48,5,9,26077370,0
1693,Tue,12,Dec,2023,6,28,37,39,43,9,12,14613200,0
1692,Fri,8,Dec,2023,17,30,42,48,50,4,8,206064000,0
1691,Tue,5,Dec,2023,4,6,20,24,25,5,9,187781097,0
1690,Fri,1,Dec,2023,4,10,14,38,50,9,12,171360000,0
1689,Tue,28,Nov,2023,12,16,27,33,44,7,8,71962515,0
1688,Fri,24,Nov,2023,15,20,29,39,48,1,7,64035895,0
1687,Tue,21,Nov,2023,19,29,34,46,47,2,3,53979641,0
1686,Fri,17,Nov,2023,2,24,26,46,50,2,7,45465075,0
1685,Tue,14,Nov,2023,13,16,36,44,50,3,5,33793154,0
1684,Fri,10,Nov,2023,10,21,30,38,42,2,12,25756383,0
1683,Tue,7,Nov,2023,8,10,11,30,39,4,10,14805300,0
1682,Fri,3,Nov,2023,8,21,31,39,47,5,9,27069201,0
1681,Tue,31,Oct,2023,5,7,20,40,50,2,10,14812100,0
1680,Fri,27,Oct,2023,29,33,35,48,49,3,8,14832500,0
1679,Tue,24,Oct,2023,8,16,18,31,34,6,9,22890578,0
1678,Fri,20,Oct,2023,2,20,28,40,45,1,5,14822300,0
1677,Tue,17,Oct,2023,10,17,20,35,40,3,4,58485999,0
1676,Fri,13,Oct,2023,21,26,28,40,41,2,4,49110551,0
1675,Tue,10,Oct,2023,18,20,22,33,43,3,9,34588543,0
1674,Fri,6,Oct,2023,21,29,31,34,43,2,9,26109833,0
1673,Tue,3,Oct,2023,6,20,22,24,45,4,5,14752600,0
1672,Fri,29,Sep,2023,9,11,13,21,32,2,7,112723000,0
1671,Tue,26,Sep,2023,2,6,14,19,23,5,7,34891934,0
1670,Fri,22,Sep,2023,3,23,24,34,35,5,8,26145484,0
1669,Tue,19,Sep,2023,10,15,31,41,42,2,5,14657400,0
1668,Fri,15,Sep,2023,12,14,21,45,48,8,11,23631995,1
1667,Tue,12,Sep,2023,5,14,36,40,42,2,11,34196431,0
1666,Fri,8,Sep,2023,10,20,21,26,33,3,4,25673828,0
1665,Tue,5,Sep,2023,1,7,24,41,48,10,12,14526500,0
1664,Fri,1,Sep,2023,4,5,35,37,43,5,6,93555381,0
1663,Tue,29,Aug,2023,21,23,32,40,49,8,11,81076005,0
1662,Fri,25,Aug,2023,16,17,34,35,44,5,10,72007686,0
1661,Tue,22,Aug,2023,2,9,23,32,40,6,7,60733663,0
1660,Fri,18,Aug,2023,23,25,30,44,47,9,12,52979607,0
1659,Tue,15,Aug,2023,3,5,9,32,43,6,10,41619162,0
1658,Fri,11,Aug,2023,4,6,10,13,34,3,5,33701388,0
1657,Tue,8,Aug,2023,8,9,33,35,40,3,6,22733867,0
1656,Fri,4,Aug,2023,15,20,31,44,48,1,3,14688000,0
1655,Tue,1,Aug,2023,25,27,35,40,45,7,11,62072865,0
1654,Fri,28,Jul,2023,7,32,33,34,38,6,9,53782090,0
1653,Tue,25,Jul,2023,5,7,11,27,37,6,12,41977767,0
1652,Fri,21,Jul,2023,7,31,33,35,36,7,10,33716628,0
1651,Tue,18,Jul,2023,4,12,34,35,45,1,9,22669005,0
1650,Fri,14,Jul,2023,5,8,29,35,48,5,6,14587700,0
1649,Tue,11,Jul,2023,2,11,28,42,48,4,9,31131649,2
1648,Fri,7,Jul,2023,2,11,12,19,38,4,8,54578549,0
1647,Tue,4,Jul,2023,14,17,23,36,44,2,8,42683435,0
1646,Fri,30,Jun,2023,1,6,25,29,36,7,10,33841817,0
1645,Tue,27,Jun,2023,17,22,23,27,44,1,7,22677891,0
1644,Fri,23,Jun,2023,1,3,11,33,46,10,11,14575800,0
1643,Tue,20,Jun,2023,11,17,28,32,35,5,6,55013819,1
1642,Fri,16,Jun,2023,7,26,34,41,44,9,11,45828914,0
1641,Tue,13,Jun,2023,15,16,21,41,50,5,6,34278403,0
1640,Fri,9,Jun,2023,18,26,36,41,50,11,12,25664210,0
1639,Tue,6,Jun,2023,13,21,32,39,50,2,10,14642100,0
1638,Fri,2,Jun,2023,3,12,15,25,43,10,11,111709000,1
1637,Tue,30,May,2023,27,29,32,33,47,2,8,75373366,0
1636,Fri,26,May,2023,15,25,37,38,41,1,7,67468716,0
1635,Tue,23,May,2023,5,6,14,23,34,2,11,56740038,0
1634,Fri,19,May,2023,18,27,34,41,49,3,9,47431501,0
1633,Tue,16,May,2023,4,6,9,14,37,4,11,35570682,0
1632,Fri,12,May,2023,9,10,13,39,44,4,6,26606452,0
1631,Tue,9,May,2023,13,17,21,28,46,7,9,14788300,0
1630,Fri,5,May,2023,3,8,18,34,49,3,7,46209385,1
1629,Tue,2,May,2023,7,32,44,47,48,7,8,124819178,0
1628,Fri,28,Apr,2023,11,13,16,23,34,1,10,113251141,0
1627,Tue,25,Apr,2023,10,29,30,40,45,1,12,100207415,0
1626,Fri,21,Apr,2023,7,8,18,33,42,2,8,89830507,0
1625,Tue,18,Apr,2023,17,21,23,35,37,10,11,76233786,0
1624,Fri,14,Apr,2023,4,11,37,44,49,6,7,67887691,0
1623,Tue,11,Apr,2023,10,14,16,19,29,2,10,56485517,0
1622,Fri,7,Apr,2023,5,26,28,36,46,6,12,47438874,0
1621,Tue,4,Apr,2023,10,16,31,33,50,3,8,35463718,0
1620,Fri,31,Mar,2023,16,18,28,34,47,5,10,26659604,0
1619,Tue,28,Mar,2023,16,21,34,36,44,9,10,14954900,0
1618,Fri,24,Mar,2023,5,12,25,36,46,6,10,58372984,0
1617,Tue,21,Mar,2023,1,9,20,29,32,2,3,45645985,0
1616,Fri,17,Mar,2023,5,15,26,37,49,8,11,35918139,0
1615,Tue,14,Mar,2023,16,26,28,31,46,11,12,23965886,0
1614,Fri,10,Mar,2023,9,16,37,38,48,2,7,15045000,0
1613,Tue,7,Mar,2023,11,13,24,35,50,6,11,129396973,0
1612,Fri,3,Mar,2023,3,6,8,24,50,10,11,114855000,0
1611,Tue,28,Feb,2023,12,29,33,37,47,5,10,14937900,0
1610,Fri,24,Feb,2023,7,23,34,42,48,1,3,90371760,0
1609,Tue,21,Feb,2023,21,22,34,41,49,2,7,77415556,0
1608,Fri,17,Feb,2023,8,23,27,42,45,1,9,69376023,0
1607,Tue,14,Feb,2023,24,26,38,43,46,2,3,55753429,0
1606,Fri,10,Feb,2023,3,13,25,36,47,3,8,45930816,0
1605,Tue,7,Feb,2023,2,8,34,44,47,3,9,33306456,0
1604,Fri,3,Feb,2023,2,14,17,32,45,3,10,24084384,0
1603,Tue,31,Jan,2023,7,12,19,33,43,3,7,58309892,0
1602,Fri,27,Jan,2023,8,9,15,19,31,10,12,47780702,0
1601,Tue,24,Jan,2023,11,27,41,43,47,7,11,35443812,0
1600,Fri,20,Jan,2023,3,6,13,40,42,7,11,26337501,0
1599,Tue,17,Jan,2023,18,21,30,46,50,2,6,14953200,0
1598,Fri,13,Jan,2023,4,13,25,33,37,5,10,60965285,0
1597,Tue,10,Jan,2023,11,13,34,40,42,3,10,45400661,0
1596,Fri,6,Jan,2023,16,31,35,44,45,4,12,35309699,0
1595,Tue,3,Jan,2023,20,21,29,45,46,3,10,23803034,0
1594,Fri,30,Dec,2022,17,34,42,47,48,1,9,15080700,0
1593,Tue,27,Dec,2022,19,31,33,34,43,3,5,23875805,0
1592,Fri,23,Dec,2022,16,17,23,26,35,5,11,14999100,0
1591,Tue,20,Dec,2022,1,11,17,20,27,4,5,45082941,0
1590,Fri,16,Dec,2022,2,15,19,35,44,2,7,35395096,0
1589,Tue,13,Dec,2022,3,9,12,26,30,10,11,23268384,0
1588,Fri,9,Dec,2022,8,27,31,46,50,1,3,14614900,0
1587,Tue,6,Dec,2022,12,20,25,26,27,8,12,123320251,0
1586,Fri,2,Dec,2022,12,21,35,39,45,6,11,111540000,0
1585,Tue,29,Nov,2022,15,20,24,35,38,8,12,75920333,0
1584,Fri,25,Nov,2022,19,21,35,37,39,2,6,67132541,0
1583,Tue,22,Nov,2022,21,22,24,29,42,3,11,56748589,0
1582,Fri,18,Nov,2022,13,16,19,35,41,1,11,47550303,0
1581,Tue,15,Nov,2022,13,21,24,31,33,1,12,35479091,0
1580,Fri,11,Nov,2022,2,19,24,25,44,2,10,26494350,0
1579,Tue,8,Nov,2022,3,5,32,33,50,1,8,14856300,0
1578,Fri,4,Nov,2022,2,11,37,45,47,2,3,140883229,0
1577,Tue,1,Nov,2022,19,37,42,47,48,1,6,122547643,0
1576,Fri,28,Oct,2022,14,16,21,28,35,1,11,111894067,0
1575,Tue,25,Oct,2022,7,24,34,39,46,1,6,100076816,0
1574,Fri,21,Oct,2022,25,26,28,38,40,1,6,90544468,0
1573,Tue,18,Oct,2022,3,5,13,42,48,1,6,78341770,0
1572,Fri,14,Oct,2022,24,28,29,34,48,3,7,69613418,0
1571,Tue,11,Oct,2022,8,23,32,35,40,1,8,59380835,0
1570,Fri,7,Oct,2022,26,27,42,45,50,1,12,49259271,0
1569,Tue,4,Oct,2022,3,18,28,42,43,3,12,36121026,0
1568,Fri,30,Sep,2022,1,2,11,16,26,3,12,27036551,0
1567,Tue,27,Sep,2022,4,20,21,34,44,1,3,15232000,0
1566,Fri,23,Sep,2022,14,15,22,35,48,3,8,171815298,1
1565,Tue,20,Sep,2022,11,21,23,32,48,3,12,152925599,0
1564,Fri,16,Sep,2022,10,27,36,45,49,3,4,140833357,0
1563,Tue,13,Sep,2022,9,12,15,40,47,1,11,124482154,0
1562,Fri,9,Sep,2022,17,23,24,26,27,4,9,112723000,0
1561,Tue,6,Sep,2022,7,10,22,29,44,4,5,14626800,0
1560,Fri,2,Sep,2022,7,12,13,20,45,3,12,110978201,1
1559,Tue,30,Aug,2022,4,6,10,15,19,1,4,97113219,0
1558,Fri,26,Aug,2022,22,23,25,38,44,11,12,86284946,0
1557,Tue,23,Aug,2022,19,26,31,39,48,2,3,73999475,0
1556,Fri,19,Aug,2022,2,9,13,19,38,2,6,66099798,0
1555,Tue,16,Aug,2022,10,14,25,32,39,7,8,55133982,0
1554,Fri,12,Aug,2022,14,17,34,35,42,6,10,46494644,0
1553,Tue,9,Aug,2022,18,19,21,27,47,5,11,34583514,0
1552,Fri,5,Aug,2022,3,29,33,35,44,8,10,25623593,0
1551,Tue,2,Aug,2022,7,18,28,40,48,8,11,14220500,0
1550,Fri,29,Jul,2022,3,23,38,43,48,3,8,35051148,0
1549,Tue,26,Jul,2022,3,5,17,25,27,1,9,23142411,0
1548,Fri,22,Jul,2022,16,18,29,32,50,4,11,14482300,0
1547,Tue,19,Jul,2022,6,23,27,40,41,2,12,195707000,1
1546,Fri,15,Jul,2022,9,17,29,38,39,7,10,195546000,0
1545,Tue,12,Jul,2022,14,18,24,25,50,6,11,194189000,0
1544,Fri,8,Jul,2022,28,31,35,43,46,4,7,194810000,0
1543,Tue,5,Jul,2022,7,10,25,45,48,3,6,185077898,0
1542,Fri,1,Jul,2022,6,18,24,34,46,3,12,169466829,0
1541,Tue,28,Jun,2022,10,35,42,47,48,2,11,152102048,0
1540,Fri,24,Jun,2022,10,17,28,44,50,8,12,138565344,0
1539,Tue,21,Jun,2022,6,23,36,39,47,8,10,123428111,0
1538,Fri,17,Jun,2022,19,21,22,31,38,7,11,111761000,0
1537,Tue,14,Jun,2022,2,7,27,34,40,3,11,14824000,0
1536,Fri,10,Jun,2022,17,26,36,37,40,9,12,54957243,1
1535,Tue,7,Jun,2022,6,16,17,25,31,2,6,42921837,0
1534,Fri,3,Jun,2022,12,28,29,34,48,9,11,34490264,0
1533,Tue,31,May,2022,3,10,13,42,49,3,9,22894587,0
1532,Fri,27,May,2022,15,23,28,34,48,3,5,14456800,0
1531,Tue,24,May,2022,10,13,27,36,37,2,10,43463036,0
1530,Fri,20,May,2022,8,22,23,32,50,3,9,34161724,0
1529,Tue,17,May,2022,5,28,30,48,49,5,11,22703208,0
1528,Fri,13,May,2022,3,11,17,45,48,4,8,14463600,0
1527,Tue,10,May,2022,3,25,27,28,29,4,9,184262899,1
1526,Fri,6,May,2022,3,8,18,24,40,3,11,167246203,0
1525,Tue,3,May,2022,8,20,26,47,48,3,8,146807728,0
1524,Fri,29,Apr,2022,10,11,20,36,37,3,7,133283578,0
1523,Tue,26,Apr,2022,4,25,28,34,45,8,11,117647597,0
1522,Fri,22,Apr,2022,6,11,21,35,36,1,9,105610620,0
1521,Tue,19,Apr,2022,2,12,17,28,46,6,10,91127452,0
1520,Fri,15,Apr,2022,6,24,30,32,48,5,6,82217272,0
1519,Tue,12,Apr,2022,21,30,31,35,47,2,10,72305405,0
1518,Fri,8,Apr,2022,1,15,16,38,45,4,11,64389965,0
1517,Tue,5,Apr,2022,1,11,13,24,49,5,6,54201384,0
1516,Fri,1,Apr,2022,2,7,21,31,45,4,10,45807063,0
1515,Tue,29,Mar,2022,8,11,33,42,43,6,11,34147332,0
1514,Fri,25,Mar,2022,6,10,24,27,29,5,12,25518127,0
1513,Tue,22,Mar,2022,7,17,21,29,40,8,11,14152500,0
1512,Fri,18,Mar,2022,1,9,14,17,43,6,12,22498627,0
1511,Tue,15,Mar,2022,1,2,12,19,26,2,8,33625791,0
1510,Fri,11,Mar,2022,12,19,22,23,48,2,6,25219181,0
1509,Tue,8,Mar,2022,12,18,21,25,31,2,9,14154200,0
1508,Fri,4,Mar,2022,6,20,40,42,43,10,12,64890075,0
1507,Tue,1,Mar,2022,8,24,26,39,42,3,5,55075675,0
1506,Fri,25,Feb,2022,10,13,24,30,42,1,5,46332113,0
1505,Tue,22,Feb,2022,5,9,14,26,32,3,7,34210472,0
1504,Fri,18,Feb,2022,25,38,41,43,50,6,10,25336094,0
1503,Tue,15,Feb,2022,9,20,31,33,44,2,12,14281700,0
1502,Fri,11,Feb,2022,13,18,38,42,45,7,11,25905357,0
1501,Tue,8,Feb,2022,6,20,34,37,43,7,10,14339500,0
1500,Fri,4,Feb,2022,3,25,38,43,49,3,7,109915000,1
1499,Tue,1,Feb,2022,1,19,36,38,49,6,9,52442757,0
1498,Fri,28,Jan,2022,10,25,29,34,45,9,10,42779117,0
1497,Tue,25,Jan,2022,6,16,18,39,47,2,4,30632619,0
1496,Fri,21,Jan,2022,5,14,35,36,39,7,12,21857937,0
1495,Tue,18,Jan,2022,3,12,19,24,30,2,5,56246458,0
1494,Fri,14,Jan,2022,6,17,25,31,46,9,12,46600782,0
1493,Tue,11,Jan,2022,4,23,32,33,44,9,12,34392715,0
1492,Fri,7,Jan,2022,2,14,37,44,50,7,11,25451971,0
1491,Tue,4,Jan,2022,18,28,35,36,41,6,11,14189900,0
1490,Fri,31,Dec,2021,7,22,25,43,49,6,7,14788260,0
1489,Tue,28,Dec,2021,4,6,15,17,29,9,12,66903928,0
1488,Fri,24,Dec,2021,2,26,28,34,41,5,10,58741896,0
1487,Tue,21,Dec,2021,12,17,21,34,38,2,3,44829384,0
1486,Fri,17,Dec,2021,1,2,15,30,35,2,7,35175553,0
1485,Tue,14,Dec,2021,19,21,37,47,48,3,6,23257356,0
1484,Fri,10,Dec,2021,11,21,33,38,42,2,8,14518000,0
1483,Tue,7,Dec,2021,22,31,38,46,47,7,11,122150223,0
1482,Fri,3,Dec,2021,21,22,29,32,46,9,10,111176000,0
1481,Tue,30,Nov,2021,19,20,26,33,43,1,4,14501000,0
1480,Fri,26,Nov,2021,1,20,41,42,50,3,7,137864547,0
1479,Tue,23,Nov,2021,17,21,36,42,46,7,10,122108668,0
1478,Fri,19,Nov,2021,22,26,38,47,50,2,6,111127331,0
1477,Tue,16,Nov,2021,9,19,21,32,36,3,4,98160844,0
1476,Fri,12,Nov,2021,2,9,15,47,50,6,9,89439998,0
1475,Tue,9,Nov,2021,17,25,26,33,36,1,8,77468576,0
1474,Fri,5,Nov,2021,2,12,25,30,41,8,11,68724444,0
1473,Tue,2,Nov,2021,2,3,17,29,43,1,4,57114246,0
1472,Fri,29,Oct,2021,10,15,28,32,49,3,9,47441476,0
1471,Tue,26,Oct,2021,12,15,20,42,44,1,2,34759941,0
1470,Fri,22,Oct,2021,12,17,22,33,39,2,12,26052151,0
1469,Tue,19,Oct,2021,4,20,36,40,41,1,6,14348000,0
1468,Fri,15,Oct,2021,21,26,31,34,49,2,5,185548000,0
1467,Tue,12,Oct,2021,6,13,22,45,49,10,11,186780000,0
1466,Fri,8,Oct,2021,1,10,23,42,46,3,5,174236090,0
1465,Tue,5,Oct,2021,11,13,14,36,45,7,9,153912260,0
1464,Fri,1,Oct,2021,1,15,19,26,48,6,12,140503213,0
1463,Tue,28,Sep,2021,6,7,12,33,39,1,7,124787147,0
1462,Fri,24,Sep,2021,2,12,20,27,41,10,12,111514000,0
1461,Tue,21,Sep,2021,20,25,26,30,38,2,8,43202295,0
1460,Fri,17,Sep,2021,5,7,8,10,34,1,9,33997943,0
1459,Tue,14,Sep,2021,12,18,35,38,45,2,8,22635401,0
1458,Fri,10,Sep,2021,1,6,7,18,28,2,8,14519700,0
1457,Tue,7,Sep,2021,7,19,35,42,43,7,9,22846891,0
1456,Fri,3,Sep,2021,5,7,13,29,35,3,7,14572400,0
1455,Tue,31,Aug,2021,5,13,17,32,43,2,10,18204387,1
1454,Fri,27,Aug,2021,2,3,31,46,50,8,12,45496988,0
1453,Tue,24,Aug,2021,19,21,36,44,50,3,10,33769472,0
1452,Fri,20,Aug,2021,3,9,19,20,23,9,11,25427047,0
1451,Tue,17,Aug,2021,12,31,41,42,47,4,6,14502700,0
1450,Fri,13,Aug,2021,6,12,44,47,49,8,12,96295864,0
1449,Tue,10,Aug,2021,9,37,47,48,49,2,7,80768518,0
1448,Fri,6,Aug,2021,7,14,21,26,32,4,12,71953143,0
1447,Tue,3,Aug,2021,17,21,23,45,46,7,11,61543198,0
1446,Fri,30,Jul,2021,10,23,33,35,37,5,10,53612736,0
1445,Tue,27,Jul,2021,5,9,19,21,25,10,12,41620685,0
1444,Fri,23,Jul,2021,23,24,26,34,50,2,4,33265919,0
1443,Tue,20,Jul,2021,3,12,19,41,48,6,9,22680547,0
1442,Fri,16,Jul,2021,5,16,42,47,49,3,11,14591100,0
1441,Tue,13,Jul,2021,5,6,8,11,22,3,4,22605876,0
1440,Fri,9,Jul,2021,6,19,36,37,49,4,11,14545200,0
1439,Tue,6,Jul,2021,2,5,21,27,42,9,11,14572400,0
1438,Fri,2,Jul,2021,9,14,29,38,49,7,10,66920458,0
1437,Tue,29,Jun,2021,6,12,20,24,48,5,6,55319641,0
1436,Fri,25,Jun,2021,1,29,30,33,36,3,12,46189363,0
1435,Tue,22,Jun,2021,6,24,26,27,41,3,8,34205994,0
1434,Fri,18,Jun,2021,11,20,27,30,41,3,5,25792320,0
1433,Tue,15,Jun,2021,11,21,26,30,31,2,3,14650600,0
1432,Fri,11,Jun,2021,9,17,21,33,39,7,11,26086547,0
1431,Tue,8,Jun,2021,2,11,26,36,47,7,9,14630200,0
1430,Fri,4,Jun,2021,7,20,36,40,46,2,4,111540000,1
1429,Tue,1,Jun,2021,3,10,26,35,44,6,7,76697764,0
1428,Fri,28,May,2021,11,13,16,34,40,1,12,67621751,0
1427,Tue,25,May,2021,1,21,26,30,38,2,8,57062224,0
1426,Fri,21,May,2021,2,9,13,15,35,3,10,47309401,0
1425,Tue,18,May,2021,5,13,38,39,40,4,12,35026951,0
1424,Fri,14,May,2021,6,16,18,29,38,6,11,26067927,0
1423,Tue,11,May,2021,14,25,34,43,46,5,6,14611500,0
1422,Fri,7,May,2021,14,22,33,38,47,8,9,60398926,0
1421,Tue,4,May,2021,3,10,13,28,46,4,11,46934848,0
1420,Fri,30,Apr,2021,1,16,24,28,46,2,11,37822859,0
1419,Tue,27,Apr,2021,13,14,24,35,49,1,10,23689352,0
1418,Fri,23,Apr,2021,3,14,15,19,29,2,8,14818900,0
1417,Tue,20,Apr,2021,5,17,28,41,46,10,11,59041813,1
1416,Fri,16,Apr,2021,6,11,29,40,48,5,9,49320956,0
1415,Tue,13,Apr,2021,16,20,31,47,50,2,8,36649681,0
1414,Fri,9,Apr,2021,2,8,32,35,44,8,11,27117635,0
1413,Tue,6,Apr,2021,2,21,37,38,50,7,8,14611500,0
1412,Fri,2,Apr,2021,4,21,34,40,47,2,5,122550351,1
1411,Tue,30,Mar,2021,24,27,28,29,42,4,8,109533174,0
1410,Fri,26,Mar,2021,10,12,37,49,50,3,8,98680896,0
1409,Tue,23,Mar,2021,2,26,29,36,49,3,9,85405694,0
1408,Fri,19,Mar,2021,3,9,35,43,44,1,10,75281575,0
1407,Tue,16,Mar,2021,23,25,32,35,47,2,6,62934911,0
1406,Fri,12,Mar,2021,4,6,9,11,44,10,11,52197036,0
1405,Tue,9,Mar,2021,1,16,21,32,33,11,12,37825963,0
1404,Fri,5,Mar,2021,4,5,39,46,48,7,10,27914329,0
1403,Tue,2,Mar,2021,2,19,24,26,49,6,7,14728800,0
1402,Fri,26,Feb,2021,6,12,22,29,33,6,11,182028000,0
1401,Tue,23,Feb,2021,9,18,30,39,45,1,3,180663000,0
1400,Fri,19,Feb,2021,4,12,25,46,48,7,12,178761140,0
1399,Tue,16,Feb,2021,5,9,25,29,30,6,7,157644778,0
1398,Fri,12,Feb,2021,7,23,30,32,36,8,12,144125471,0
1397,Tue,9,Feb,2021,5,10,24,31,37,9,10,127347464,0
1396,Fri,5,Feb,2021,12,19,37,44,45,2,6,114088000,0
1395,Tue,2,Feb,2021,18,20,35,38,48,9,12,36764670,0
1394,Fri,29,Jan,2021,1,5,27,36,42,1,6,27189645,0
1393,Tue,26,Jan,2021,5,7,25,37,40,2,8,15067100,0
1392,Fri,22,Jan,2021,8,16,42,44,47,6,7,71712110,0
1391,Tue,19,Jan,2021,25,27,31,35,43,5,6,60310182,0
1390,Fri,15,Jan,2021,4,10,27,38,40,3,11,50129756,0
1389,Tue,12,Jan,2021,2,10,18,34,35,6,9,37176013,0
1388,Fri,8,Jan,2021,18,23,37,41,42,4,6,27784790,0
1387,Tue,5,Jan,2021,12,34,37,38,42,1,3,15352700,0
1386,Fri,1,Jan,2021,16,28,32,44,48,1,9,39774466,1
1385,Tue,29,Dec,2020,7,32,39,40,45,3,8,25557847,0
1384,Fri,25,Dec,2020,16,21,27,30,32,3,5,15595800,0
1383,Tue,22,Dec,2020,2,10,16,42,50,4,11,39844969,0
1382,Fri,18,Dec,2020,2,3,13,17,21,7,8,28785119,0
1381,Tue,15,Dec,2020,9,13,21,29,35,1,2,15398600,0
1380,Fri,11,Dec,2020,6,9,13,24,41,3,12,183120000,0
1379,Tue,8,Dec,2020,1,4,21,24,46,2,12,181500000,0
1378,Fri,4,Dec,2020,14,20,27,34,38,1,11,180800000,0
1377,Tue,1,Dec,2020,14,20,29,47,49,4,12,160906372,0
1376,Fri,27,Nov,2020,2,5,8,14,16,8,9,146729731,0
1375,Tue,24,Nov,2020,25,33,38,42,50,8,12,128449942,0
1374,Fri,20,Nov,2020,28,29,39,48,50,5,7,116103000,0
1373,Tue,17,Nov,2020,16,19,25,30,44,2,6,69354137,0
1372,Fri,13,Nov,2020,1,5,17,28,31,1,10,60684475,0
1371,Tue,10,Nov,2020,3,19,29,32,38,5,12,45088804,0
1370,Fri,6,Nov,2020,7,12,37,40,50,1,2,36006084,0
1369,Tue,3,Nov,2020,5,7,18,20,30,6,7,23844506,0
1368,Fri,30,Oct,2020,12,16,20,21,28,3,9,15301700,0
1367,Tue,27,Oct,2020,13,15,28,32,44,3,12,79315198,1
1366,Fri,23,Oct,2020,10,15,19,21,23,3,12,70979568,0
1365,Tue,20,Oct,2020,5,6,15,37,42,3,4,59778232,0
1364,Fri,16,Oct,2020,15,33,38,40,50,3,6,49383832,0
1363,Tue,13,Oct,2020,5,14,38,41,46,1,10,36618665,0
1362,Fri,9,Oct,2020,11,15,35,41,50,5,8,27489353,0
1361,Tue,6,Oct,2020,4,21,36,41,47,9,11,15485300,0
1360,Fri,2,Oct,2020,6,12,15,40,45,3,9,27761091,0
1359,Tue,29,Sep,2020,4,14,16,41,44,11,12,15531200,0
1358,Fri,25,Sep,2020,19,23,34,37,45,1,7,118729000,0
1357,Tue,22,Sep,2020,16,25,28,39,40,1,6,71063522,0
1356,Fri,18,Sep,2020,2,10,19,25,45,1,7,61732489,0
1355,Tue,15,Sep,2020,16,20,25,30,38,6,8,47250235,0
1354,Fri,11,Sep,2020,34,38,42,43,45,9,12,37525275,0
1353,Tue,8,Sep,2020,2,9,31,35,41,9,12,24534097,0
1352,Fri,4,Sep,2020,6,22,29,40,43,4,7,15174200,0
1351,Tue,1,Sep,2020,4,8,10,33,46,8,11,139992069,0
1350,Fri,28,Aug,2020,7,12,16,17,31,7,9,126895018,0
1349,Tue,25,Aug,2020,7,18,30,37,39,8,10,112618069,0
1348,Fri,21,Aug,2020,10,15,35,44,50,3,5,100807281,0
1347,Tue,18,Aug,2020,6,12,17,34,42,5,12,87266444,0
1346,Fri,14,Aug,2020,9,10,19,42,49,4,12,77977112,0
1345,Tue,11,Aug,2020,8,13,14,42,50,3,9,66130274,0
1344,Fri,7,Aug,2020,5,20,21,36,41,6,11,57863944,0
1343,Tue,4,Aug,2020,1,2,5,15,42,5,8,44373299,0
1342,Fri,31,Jul,2020,21,24,30,46,49,2,5,35077775,0
1341,Tue,28,Jul,2020,9,13,15,17,34,2,7,23795774,0
1340,Fri,24,Jul,2020,8,9,27,28,50,4,12,15483600,0
1339,Tue,21,Jul,2020,14,15,24,29,42,2,4,44865863,0
1338,Fri,17,Jul,2020,7,15,27,41,43,7,9,35838894,0
1337,Tue,14,Jul,2020,11,22,30,37,47,9,10,24013488,0
1336,Fri,10,Jul,2020,15,17,23,30,38,2,7,15225200,0
1335,Tue,7,Jul,2020,12,16,23,33,41,8,10,130059174,0
1334,Fri,3,Jul,2020,4,16,27,37,39,3,6,117260000,0
1333,Tue,30,Jun,2020,1,6,11,28,42,2,10,56510237,0
1332,Fri,26,Jun,2020,1,10,12,21,26,5,11,46859882,0
1331,Tue,23,Jun,2020,2,12,19,46,49,1,8,34732623,0
1330,Fri,19,Jun,2020,5,14,19,24,43,3,11,26333468,0
1329,Tue,16,Jun,2020,4,9,11,17,39,2,10,15245600,0
1328,Fri,12,Jun,2020,2,24,39,45,46,4,8,46399553,0
1327,Tue,9,Jun,2020,5,15,27,36,46,2,8,34451775,0
1326,Fri,5,Jun,2020,5,11,17,24,37,3,6,25999539,0
1325,Tue,2,Jun,2020,10,12,22,26,49,7,11,15148700,0
1324,Fri,29,May,2020,4,8,11,19,46,4,8,15294900,1
1323,Tue,26,May,2020,4,9,14,21,27,4,6,16530706,1
1322,Fri,22,May,2020,3,18,22,27,32,2,7,25387006,0
1321,Tue,19,May,2020,5,25,32,37,43,6,7,15170800,0
1320,Fri,15,May,2020,11,23,32,34,39,1,6,65175962,0
1319,Tue,12,May,2020,9,16,29,37,39,4,11,56472701,0
1318,Fri,8,May,2020,8,25,32,33,38,7,9,49837132,0
1317,Tue,5,May,2020,2,10,22,27,41,2,3,42596857,0
1316,Fri,1,May,2020,19,20,38,45,47,2,6,36228690,0
1315,Tue,28,Apr,2020,15,23,26,28,32,1,5,28167968,0
1314,Fri,24,Apr,2020,1,5,19,21,28,4,7,22310697,0
1313,Tue,21,Apr,2020,10,11,14,23,28,6,8,15026300,0
1312,Fri,17,Apr,2020,16,28,32,37,45,1,11,58366488,1
1311,Tue,14,Apr,2020,6,29,34,35,40,4,11,51538058,0
1310,Fri,10,Apr,2020,3,10,17,33,39,1,4,46937085,0
1309,Tue,7,Apr,2020,4,5,14,33,48,7,12,40506751,0
1308,Fri,3,Apr,2020,16,19,34,46,50,2,6,34546128,0
1307,Tue,31,Mar,2020,12,17,24,30,36,1,9,27308650,0
1306,Fri,27,Mar,2020,11,14,27,41,46,2,3,22095531,0
1305,Tue,24,Mar,2020,7,12,26,30,33,10,11,15621300,0
1304,Fri,20,Mar,2020,3,9,20,34,40,6,12,15696100,0
1303,Tue,17,Mar,2020,5,7,8,16,20,2,12,57869670,1
1302,Fri,13,Mar,2020,3,11,21,27,36,9,10,50321191,0
1301,Tue,10,Mar,2020,11,23,30,37,43,5,12,35567254,0
1300,Fri,6,Mar,2020,15,38,43,45,46,1,11,26423336,0
1299,Tue,3,Mar,2020,4,14,27,44,45,1,10,14841000,0
1298,Fri,28,Feb,2020,8,11,20,22,23,3,4,57826962,0
1297,Tue,25,Feb,2020,1,4,18,27,42,4,6,43515336,0
1296,Fri,21,Feb,2020,7,23,30,32,45,5,9,34421724,0
1295,Tue,18,Feb,2020,11,32,34,38,47,2,10,22469712,0
1294,Fri,14,Feb,2020,5,20,35,41,49,6,10,14140600,0
1293,Tue,11,Feb,2020,24,26,32,43,46,6,10,14342900,0
1292,Fri,7,Feb,2020,9,15,17,25,40,3,9,110500000,0
1291,Tue,4,Feb,2020,21,23,33,35,47,6,7,34634832,0
1290,Fri,31,Jan,2020,13,18,20,23,30,2,4,24336652,0
1289,Tue,28,Jan,2020,1,19,27,31,38,4,5,14409200,0
1288,Fri,24,Jan,2020,3,4,6,9,24,5,8,24139851,0
1287,Tue,21,Jan,2020,10,11,24,36,46,3,5,14463600,0
1286,Fri,17,Jan,2020,8,19,20,29,44,3,8,85964733,0
1285,Tue,14,Jan,2020,21,25,29,39,44,8,9,78000490,0
1284,Fri,10,Jan,2020,6,17,32,44,46,2,6,71717560,0
1283,Tue,7,Jan,2020,5,8,12,37,43,6,11,64021946,0
1282,Fri,3,Jan,2020,5,15,20,36,47,8,12,55523057,0
1281,Tue,31,Dec,2019,26,31,33,41,48,2,4,44717396,0
1280,Fri,27,Dec,2019,1,7,22,26,35,5,10,33089326,0
1279,Tue,24,Dec,2019,3,11,13,14,47,3,6,23534756,0
1278,Fri,20,Dec,2019,8,24,30,32,34,3,4,14484000,0
1277,Tue,17,Dec,2019,1,7,12,25,49,6,9,41621418,0
1276,Fri,13,Dec,2019,9,16,18,23,32,2,10,32875644,0
1275,Tue,10,Dec,2019,2,10,19,21,47,2,8,21715889,0
1274,Fri,6,Dec,2019,1,3,27,39,46,1,10,14319100,0
1273,Tue,3,Dec,2019,18,31,32,38,48,4,12,40957697,1
1272,Fri,29,Nov,2019,3,7,12,42,50,6,8,32747133,0
1271,Tue,26,Nov,2019,2,3,15,19,34,5,8,22196254,0
1270,Fri,22,Nov,2019,3,21,32,34,48,3,11,14608100,0
1269,Tue,19,Nov,2019,8,10,15,30,42,4,6,105100702,1
1268,Fri,15,Nov,2019,3,13,20,32,34,4,11,98311223,0
1267,Tue,12,Nov,2019,1,21,23,25,39,2,4,89866288,0
1266,Fri,8,Nov,2019,8,17,20,23,45,2,8,84012704,0
1265,Tue,5,Nov,2019,9,14,25,33,48,2,12,74873475,0
1264,Fri,1,Nov,2019,2,20,39,44,48,5,7,69286018,0
1263,Tue,29,Oct,2019,16,18,28,42,49,5,10,62293451,0
1262,Fri,25,Oct,2019,34,37,39,40,50,4,10,53313310,0
1261,Tue,22,Oct,2019,2,5,32,33,47,7,8,41922445,0
1260,Fri,18,Oct,2019,8,18,22,41,42,11,12,33536983,0
1259,Tue,15,Oct,2019,3,28,31,32,34,4,5,22772993,0
1258,Fri,11,Oct,2019,2,14,19,42,45,5,6,14830800,0
1257,Tue,8,Oct,2019,7,10,15,44,49,3,12,170221000,1
1256,Fri,4,Oct,2019,6,9,35,41,44,6,9,169024000,0
1255,Tue,1,Oct,2019,2,11,18,40,46,1,4,168720000,0
1254,Fri,27,Sep,2019,24,37,41,43,46,2,8,169005000,0
1253,Tue,24,Sep,2019,2,33,42,47,48,1,2,167751000,0
1252,Fri,20,Sep,2019,8,21,25,38,50,4,8,167609701,0
1251,Tue,17,Sep,2019,22,37,43,44,45,1,12,155282163,0
1250,Fri,13,Sep,2019,1,12,27,42,47,6,7,145566007,0
1249,Tue,10,Sep,2019,3,22,25,30,49,3,6,134122038,0
1248,Fri,6,Sep,2019,10,13,22,40,48,2,5,125665319,0
1247,Tue,3,Sep,2019,7,11,38,39,44,7,10,116404085,0
1246,Fri,30,Aug,2019,25,27,45,46,49,4,6,107759330,0
1245,Tue,27,Aug,2019,8,26,35,43,47,1,9,97958413,0
1244,Fri,23,Aug,2019,4,17,35,42,45,2,8,91533020,0
1243,Tue,20,Aug,2019,20,22,23,24,37,1,4,83338679,0
1242,Fri,16,Aug,2019,9,10,27,37,42,1,5,77208525,0
1241,Tue,13,Aug,2019,13,29,31,33,40,2,3,70899768,0
1240,Fri,9,Aug,2019,2,14,35,41,42,10,11,65218898,0
1239,Tue,6,Aug,2019,12,13,29,36,38,4,12,52917787,0
1238,Fri,2,Aug,2019,13,22,33,44,50,2,5,43958121,0
1237,Tue,30,Jul,2019,15,20,23,27,40,3,6,33364792,0
1236,Fri,26,Jul,2019,2,5,27,37,42,3,10,25032609,0
1235,Tue,23,Jul,2019,1,14,19,23,38,3,7,15254100,0
1234,Fri,19,Jul,2019,13,14,17,26,28,2,7,96710509,0
1233,Tue,16,Jul,2019,3,5,13,18,39,7,8,88185562,0
1232,Fri,12,Jul,2019,2,31,39,45,47,4,8,81180289,0
1231,Tue,9,Jul,2019,7,29,32,36,41,6,7,73547916,0
1230,Fri,5,Jul,2019,2,9,20,34,42,6,9,67458174,0
1229,Tue,2,Jul,2019,11,19,29,44,45,8,12,60173279,0
1228,Fri,28,Jun,2019,1,3,16,33,49,2,11,51583856,0
1227,Tue,25,Jun,2019,6,26,27,34,46,1,9,40597881,0
1226,Fri,21,Jun,2019,5,8,9,25,39,3,7,32775384,0
1225,Tue,18,Jun,2019,12,24,37,40,44,3,7,22579505,0
1224,Fri,14,Jun,2019,1,13,30,31,39,2,7,15152100,0
1223,Tue,11,Jun,2019,25,27,39,42,46,11,12,123458008,1
1222,Fri,7,Jun,2019,1,4,16,20,34,2,5,115726000,0
1221,Tue,4,Jun,2019,9,31,32,39,41,2,8,22504557,0
1220,Fri,31,May,2019,1,23,24,26,35,1,11,15034800,0
1219,Tue,28,May,2019,7,19,20,28,29,1,5,28837305,0
1218,Fri,24,May,2019,5,16,23,30,49,6,7,49736732,0
1217,Tue,21,May,2019,32,33,34,39,47,8,12,39211724,0
1216,Fri,17,May,2019,16,28,42,43,45,6,7,31674666,0
1215,Tue,14,May,2019,10,14,17,25,50,2,10,21687521,0
1214,Fri,10,May,2019,1,4,27,45,48,1,7,14694800,0
1213,Tue,7,May,2019,7,20,26,32,47,2,11,21438454,0
1212,Fri,3,May,2019,2,9,20,27,43,5,6,14467000,0
1211,Tue,30,Apr,2019,5,12,20,26,48,2,11,21815835,0
1210,Fri,26,Apr,2019,14,33,35,47,50,9,11,14682900,0
1209,Tue,23,Apr,2019,18,23,27,42,44,2,7,38254645,1
1208,Fri,19,Apr,2019,7,8,32,41,49,5,11,31273852,0
1207,Tue,16,Apr,2019,1,8,15,44,49,2,11,21879091,0
1206,Fri,12,Apr,2019,1,28,35,36,46,6,9,14701600,0
1205,Tue,9,Apr,2019,18,21,29,38,41,1,11,68329653,0
1204,Fri,5,Apr,2019,1,7,10,29,45,3,5,62771731,0
1203,Tue,2,Apr,2019,2,9,16,26,36,6,7,50833887,0
1202,Fri,29,Mar,2019,13,23,26,32,47,6,10,43015001,0
1201,Tue,26,Mar,2019,12,19,23,43,47,2,6,32010911,0
1200,Fri,22,Mar,2019,4,17,26,30,43,6,11,24580716,0
1199,Tue,19,Mar,2019,1,6,9,34,47,7,12,14552000,0
1198,Fri,15,Mar,2019,3,15,24,42,46,9,12,71057439,1
1197,Tue,12,Mar,2019,5,7,13,19,31,2,9,64356515,0
1196,Fri,8,Mar,2019,17,18,19,24,40,4,8,55265839,0
1195,Tue,5,Mar,2019,6,10,16,39,46,8,11,43294160,0
1194,Fri,1,Mar,2019,6,9,19,26,31,11,12,35148482,0
1193,Tue,26,Feb,2019,3,15,29,35,47,3,4,22256333,0
1192,Fri,22,Feb,2019,3,27,29,33,50,3,7,14773000,0
1191,Tue,19,Feb,2019,1,8,18,19,39,7,9,152400366,0
1190,Fri,15,Feb,2019,15,27,34,38,49,2,10,144375567,0
1189,Tue,12,Feb,2019,6,34,36,41,50,1,5,133312302,0
1188,Fri,8,Feb,2019,11,12,13,39,46,7,10,123991632,0
1187,Tue,5,Feb,2019,14,25,31,37,43,2,3,113958151,0
1186,Fri,1,Feb,2019,3,21,26,41,46,1,6,105204000,0
1185,Tue,29,Jan,2019,14,24,26,32,39,3,8,75051591,0
1184,Fri,25,Jan,2019,1,6,13,15,16,6,10,68153942,0
1183,Tue,22,Jan,2019,9,23,29,41,49,8,10,61621961,0
1182,Fri,18,Jan,2019,5,6,16,30,46,5,10,53285987,0
1181,Tue,15,Jan,2019,22,25,29,33,35,3,6,42137452,0
1180,Fri,11,Jan,2019,1,19,31,39,48,1,6,34004534,0
1179,Tue,8,Jan,2019,3,19,22,31,32,2,11,23253235,0
1178,Fri,4,Jan,2019,7,11,19,27,37,6,10,15228600,0
1177,Tue,1,Jan,2019,1,8,11,25,28,4,6,114969776,1
1176,Fri,28,Dec,2018,13,16,34,35,45,10,12,108543762,0
1175,Tue,25,Dec,2018,4,5,8,31,43,2,9,99026381,0
1174,Fri,21,Dec,2018,2,12,15,34,50,3,4,92134454,0
1173,Tue,18,Dec,2018,1,9,18,39,48,5,7,83057501,0
1172,Fri,14,Dec,2018,12,29,38,42,44,2,12,76884342,0
1171,Tue,11,Dec,2018,4,7,13,23,42,1,3,69712546,0
1170,Fri,7,Dec,2018,11,17,26,37,48,1,10,63478325,0
1169,Tue,4,Dec,2018,19,20,21,42,45,8,9,51799990,0
1168,Fri,30,Nov,2018,3,10,12,23,26,1,12,43374190,0
1167,Tue,27,Nov,2018,4,16,17,18,32,2,11,32439819,0
1166,Fri,23,Nov,2018,5,8,25,26,30,3,10,24866684,0
1165,Tue,20,Nov,2018,6,19,39,45,48,7,12,15130000,0
1164,Fri,16,Nov,2018,9,10,13,28,41,1,12,44832935,0
1163,Tue,13,Nov,2018,2,7,10,13,42,3,6,33184923,0
1162,Fri,9,Nov,2018,14,17,32,37,49,11,12,25702466,0
1161,Tue,6,Nov,2018,14,24,36,40,43,2,9,14832500,0
1160,Fri,2,Nov,2018,5,15,17,37,44,7,11,76369807,1
1159,Tue,30,Oct,2018,17,23,27,43,44,1,12,70193991,0
1158,Fri,26,Oct,2018,5,18,21,31,35,6,9,64245817,0
1157,Tue,23,Oct,2018,1,2,5,21,32,2,12,52107396,0
1156,Fri,19,Oct,2018,1,3,29,47,48,3,12,43581440,0
1155,Tue,16,Oct,2018,15,28,37,40,42,1,6,32638799,0
1154,Fri,12,Oct,2018,4,9,12,31,43,5,8,25070150,0
1153,Tue,9,Oct,2018,3,12,36,44,45,8,11,14873300,0
1152,Fri,5,Oct,2018,8,16,24,26,35,3,11,14948100,0
1151,Tue,2,Oct,2018,7,17,29,37,45,3,11,144603632,0
1150,Fri,28,Sep,2018,2,4,8,27,50,2,9,135382686,0
1149,Tue,25,Sep,2018,6,15,20,30,38,4,7,124411811,0
1148,Fri,21,Sep,2018,5,7,21,25,37,3,4,116870000,0
1147,Tue,18,Sep,2018,3,8,10,32,45,4,12,40651934,0
1146,Fri,14,Sep,2018,1,3,33,40,45,3,4,32776219,0
1145,Tue,11,Sep,2018,9,18,32,38,46,2,3,22382447,0
1144,Fri,7,Sep,2018,4,23,27,31,50,1,8,15216700,0
1143,Tue,4,Sep,2018,5,14,28,30,47,4,11,40979973,0
1142,Fri,31,Aug,2018,4,30,31,38,42,4,6,32721629,0
1141,Tue,28,Aug,2018,4,16,32,42,46,8,12,22758649,0
1140,Fri,24,Aug,2018,3,14,31,36,50,1,12,15393500,0
1139,Tue,21,Aug,2018,16,23,42,43,49,10,12,96785706,0
1138,Fri,17,Aug,2018,2,15,18,24,43,8,12,89766677,0
1137,Tue,14,Aug,2018,1,15,18,25,31,9,11,81090231,0
1136,Fri,10,Aug,2018,18,20,36,43,44,3,9,75029181,0
1135,Tue,7,Aug,2018,16,28,29,30,36,8,10,67719962,0
1134,Fri,3,Aug,2018,7,26,36,38,43,6,12,61780382,0
1133,Tue,31,Jul,2018,20,25,34,42,45,6,11,50637585,0
1132,Fri,27,Jul,2018,11,17,22,23,41,6,11,42386533,0
1131,Tue,24,Jul,2018,2,4,23,39,40,3,9,32023423,0
1130,Fri,20,Jul,2018,2,15,40,43,46,3,6,24941396,0
1129,Tue,17,Jul,2018,4,6,27,48,50,1,11,15126600,0
1128,Fri,13,Jul,2018,1,4,14,21,49,2,12,15021200,0
1127,Tue,10,Jul,2018,3,8,26,33,45,7,10,57975368,1
1126,Fri,6,Jul,2018,8,30,33,38,48,2,10,49801491,0
1125,Tue,3,Jul,2018,1,12,15,29,48,3,5,39091736,0
1124,Fri,29,Jun,2018,15,21,23,40,48,3,12,31647298,0
1123,Tue,26,Jun,2018,15,16,20,34,50,4,7,21730843,0
1122,Fri,22,Jun,2018,14,25,39,41,44,2,8,14960000,0
1121,Tue,19,Jun,2018,7,19,26,42,50,4,9,31809040,0
1120,Fri,15,Jun,2018,23,26,33,38,49,1,12,24560828,0
1119,Tue,12,Jun,2018,7,21,23,36,38,6,8,14954900,0
1118,Fri,8,Jun,2018,8,19,32,43,46,2,8,14931100,0
1117,Tue,5,Jun,2018,9,15,22,39,46,4,5,14886900,0
1116,Fri,1,Jun,2018,17,18,24,29,40,4,5,34972315,0
1115,Tue,29,May,2018,6,11,20,38,43,2,4,57637756,0
1114,Fri,25,May,2018,13,15,16,28,41,4,5,50089464,0
1113,Tue,22,May,2018,1,11,37,41,48,8,12,39384424,0
1112,Fri,18,May,2018,5,8,10,13,31,3,6,32040070,0
1111,Tue,15,May,2018,4,16,20,31,39,2,12,22065747,0
1110,Fri,11,May,2018,3,22,34,49,50,8,11,15004200,0
1109,Tue,8,May,2018,17,25,35,39,44,2,5,39948586,0
1108,Fri,4,May,2018,6,12,23,39,45,9,12,32659632,0
1107,Tue,1,May,2018,6,15,17,42,48,4,6,21805469,0
1106,Fri,27,Apr,2018,12,24,40,41,46,5,12,14958300,0
1105,Tue,24,Apr,2018,20,23,28,30,44,3,7,121328187,1
1104,Fri,20,Apr,2018,3,16,25,39,44,7,11,114010000,0
1103,Tue,17,Apr,2018,15,27,33,39,50,4,6,22289222,0
1102,Fri,13,Apr,2018,5,25,34,48,50,6,7,14740700,0
1101,Tue,10,Apr,2018,14,27,39,46,48,11,12,14829100,0
1100,Fri,6,Apr,2018,1,29,33,45,47,4,8,66429609,0
1099,Tue,3,Apr,2018,3,8,16,40,43,5,8,59156133,0
1098,Fri,30,Mar,2018,12,17,28,35,47,7,11,51598288,0
1097,Tue,27,Mar,2018,17,20,23,40,46,9,10,40629122,0
1096,Fri,23,Mar,2018,5,7,11,46,50,8,11,32771739,0
1095,Tue,20,Mar,2018,26,29,37,39,44,9,11,22265427,0
1094,Fri,16,Mar,2018,4,17,24,27,31,10,11,14992300,0
1093,Tue,13,Mar,2018,9,11,13,33,49,6,12,54643467,0
1092,Fri,9,Mar,2018,9,14,21,32,44,1,12,45846428,0
1091,Tue,6,Mar,2018,15,20,26,31,44,2,9,34392263,0
1090,Fri,2,Mar,2018,2,7,34,45,48,1,12,26096672,0
1089,Tue,27,Feb,2018,3,31,41,48,50,8,11,14956600,0
1088,Fri,23,Feb,2018,10,17,18,28,47,3,7,77798898,1
1087,Tue,20,Feb,2018,6,14,19,25,29,5,11,142157622,0
1086,Fri,16,Feb,2018,10,12,23,32,50,4,10,133365227,0
1085,Tue,13,Feb,2018,10,13,17,21,44,1,10,123305866,0
1084,Fri,9,Feb,2018,22,31,36,38,44,1,11,114539544,0
1083,Tue,6,Feb,2018,8,17,28,34,38,6,12,104423108,0
1082,Fri,2,Feb,2018,14,34,36,39,48,2,3,95972671,0
1081,Tue,30,Jan,2018,11,15,21,27,35,4,5,86173606,0
1080,Fri,26,Jan,2018,6,15,24,28,48,4,9,79917041,0
1079,Tue,23,Jan,2018,5,8,9,23,24,7,8,71872851,0
1078,Fri,19,Jan,2018,3,8,17,44,50,2,7,66212715,0
1077,Tue,16,Jan,2018,20,23,31,34,46,3,12,54434216,0
1076,Fri,12,Jan,2018,13,21,23,30,45,4,6,45394452,0
1075,Tue,9,Jan,2018,6,12,15,38,49,2,9,33484288,0
1074,Fri,5,Jan,2018,2,5,20,38,41,4,8,25687589,0
1073,Tue,2,Jan,2018,10,20,21,28,48,1,8,15084100,0
1072,Fri,29,Dec,2017,4,8,22,23,48,1,12,34588069,0
1071,Tue,26,Dec,2017,4,17,30,43,44,2,10,21951423,0
1070,Fri,22,Dec,2017,5,24,30,31,43,3,6,15089200,0
1069,Tue,19,Dec,2017,8,15,30,38,46,4,7,119876081,0
1068,Fri,15,Dec,2017,25,30,31,42,50,2,11,111674784,0
1067,Tue,12,Dec,2017,20,37,39,44,50,4,8,101938670,0
1066,Fri,8,Dec,2017,4,22,30,32,34,3,4,94304641,0
1065,Tue,5,Dec,2017,11,36,43,44,48,2,7,85788778,0
1064,Fri,1,Dec,2017,5,24,29,35,46,11,12,79577293,0
1063,Tue,28,Nov,2017,1,6,12,18,42,2,7,71866782,0
1062,Fri,24,Nov,2017,19,24,28,30,50,3,10,66743323,0
1061,Tue,21,Nov,2017,2,10,14,28,31,5,7,54215274,0
1060,Fri,17,Nov,2017,20,26,35,36,42,5,12,46135062,0
1059,Tue,14,Nov,2017,14,16,39,40,41,8,10,34502478,0
1058,Fri,10,Nov,2017,13,22,29,36,37,1,9,26361644,0
1057,Tue,7,Nov,2017,7,19,20,37,41,2,12,14970200,0
1056,Fri,3,Nov,2017,5,12,17,33,41,4,9,25476778,1
1055,Tue,31,Oct,2017,1,12,36,43,46,3,5,14919200,0
1054,Fri,27,Oct,2017,3,16,23,32,39,1,4,15011000,1
1053,Tue,24,Oct,2017,9,11,13,27,33,7,10,58670142,0
1052,Fri,20,Oct,2017,4,17,23,27,30,3,8,49712130,0
1051,Tue,17,Oct,2017,13,17,19,26,36,2,3,37871775,0
1050,Fri,13,Oct,2017,23,29,37,45,50,5,11,29491384,0
1049,Tue,10,Oct,2017,4,21,34,36,37,3,6,15209900,0
1048,Fri,6,Oct,2017,1,9,15,19,25,1,7,170810000,0
1047,Tue,3,Oct,2017,6,24,32,48,50,1,5,168701000,0
1046,Fri,29,Sep,2017,7,18,19,32,48,3,7,157898325,0
1045,Tue,26,Sep,2017,1,29,40,41,48,6,12,143626132,0
1044,Fri,22,Sep,2017,6,11,31,39,42,1,3,134911784,0
1043,Tue,19,Sep,2017,1,8,21,30,45,2,3,123904174,0
1042,Fri,15,Sep,2017,13,18,37,44,49,9,12,114504000,0
1041,Tue,12,Sep,2017,10,17,27,29,35,4,11,33717075,0
1040,Fri,8,Sep,2017,9,24,42,47,49,1,5,25993675,0
1039,Tue,5,Sep,2017,6,9,18,28,29,1,9,15560100,0
1038,Fri,1,Sep,2017,3,7,8,14,49,5,8,25914013,0
1037,Tue,29,Aug,2017,4,12,15,32,38,1,5,15767500,0
1036,Fri,25,Aug,2017,1,5,7,15,47,9,12,15735200,1
1035,Tue,22,Aug,2017,3,10,12,17,27,3,5,40510685,0
1034,Fri,18,Aug,2017,2,24,39,42,45,2,8,32520149,0
1033,Tue,15,Aug,2017,10,14,30,35,46,4,10,22117219,0
1032,Fri,11,Aug,2017,18,28,39,46,48,5,12,15449600,0
1031,Tue,8,Aug,2017,15,25,26,40,41,4,5,33089644,0
1030,Fri,4,Aug,2017,29,30,36,40,41,2,9,25529274,0
1029,Tue,1,Aug,2017,14,21,24,29,30,8,10,15208200,0
1028,Fri,28,Jul,2017,5,9,29,31,41,2,4,51702050,1
1027,Tue,25,Jul,2017,12,14,43,44,48,2,11,40445365,0
1026,Fri,21,Jul,2017,1,8,9,26,49,5,9,32874047,0
1025,Tue,18,Jul,2017,1,25,27,41,45,5,7,22265567,0
1024,Fri,14,Jul,2017,11,14,20,21,47,7,10,14900500,0
1023,Tue,11,Jul,2017,14,22,26,42,50,8,10,15189500,0
1022,Fri,7,Jul,2017,11,20,35,37,45,3,6,25663715,0
1021,Tue,4,Jul,2017,10,22,25,37,49,5,8,14943000,0
1020,Fri,30,Jun,2017,17,35,39,47,50,6,8,87570000,1
1019,Tue,27,Jun,2017,9,17,21,28,45,1,3,70127201,0
1018,Fri,23,Jun,2017,3,4,21,31,38,3,7,64082100,0
1017,Tue,20,Jun,2017,11,18,26,43,44,8,10,52594374,0
1016,Fri,16,Jun,2017,15,17,38,41,42,9,12,44150291,0
1015,Tue,13,Jun,2017,3,12,22,27,49,4,11,33506785,0
1014,Fri,9,Jun,2017,9,20,27,39,43,10,11,25684767,0
1013,Tue,6,Jun,2017,20,22,25,37,40,3,7,14866500,0
1012,Fri,2,Jun,2017,8,10,24,33,42,3,9,134808762,0
1011,Tue,30,May,2017,7,12,27,38,48,6,9,121851562,0
1010,Fri,26,May,2017,5,7,26,36,39,2,10,113475960,0
1009,Tue,23,May,2017,8,15,25,27,42,1,4,102101430,0
1008,Fri,19,May,2017,9,11,12,19,30,4,9,93927013,0
1007,Tue,16,May,2017,8,11,15,20,30,3,8,84319251,0
1006,Fri,12,May,2017,2,20,28,29,44,3,9,76813393,0
1005,Tue,9,May,2017,8,12,16,22,26,6,7,68249429,0
1004,Fri,5,May,2017,3,7,30,35,43,1,3,63162406,0
1003,Tue,2,May,2017,6,19,23,25,27,11,12,55848627,0
1002,Fri,28,Apr,2017,14,20,25,30,39,2,8,48309589,0
1001,Tue,25,Apr,2017,9,11,19,32,43,3,9,38059267,0
1000,Fri,21,Apr,2017,2,13,16,22,49,4,5,30153753,0
999,Tue,18,Apr,2017,17,22,31,38,45,5,12,20624201,0
998,Fri,14,Apr,2017,4,14,20,23,33,6,10,14422800,0
997,Tue,11,Apr,2017,5,21,22,31,49,2,8,70887897,0
996,Fri,7,Apr,2017,2,10,19,35,50,6,7,65668144,0
995,Tue,4,Apr,2017,1,9,24,33,34,2,6,58513592,0
994,Fri,31,Mar,2017,17,24,26,28,45,4,12,49849009,0
993,Tue,28,Mar,2017,9,13,31,33,46,6,10,39630350,0
992,Fri,24,Mar,2017,2,17,21,27,34,5,9,31918888,0
991,Tue,21,Mar,2017,1,20,23,44,47,4,11,21818290,0
990,Fri,17,Mar,2017,6,10,19,29,36,3,9,14742400,0
989,Tue,14,Mar,2017,3,5,21,36,44,3,6,70386999,0
988,Fri,10,Mar,2017,31,36,38,47,49,8,11,64931865,0
987,Tue,7,Mar,2017,6,37,41,48,50,4,5,51910688,0
986,Fri,3,Mar,2017,2,11,29,30,47,1,12,43311596,0
985,Tue,28,Feb,2017,10,20,31,35,42,2,12,31923442,0
984,Fri,24,Feb,2017,2,4,13,22,43,8,9,24449171,0
983,Tue,21,Feb,2017,13,19,41,45,49,3,4,14383700,0
982,Fri,17,Feb,2017,19,25,33,36,48,2,9,14509500,1
981,Tue,14,Feb,2017,2,10,24,40,44,3,10,19987961,1
980,Fri,10,Feb,2017,7,21,26,35,43,2,9,32204121,0
979,Tue,7,Feb,2017,4,10,31,38,44,8,10,21809971,0
978,Fri,3,Feb,2017,3,4,15,46,50,5,9,14686300,0
977,Tue,31,Jan,2017,3,4,17,23,44,6,9,22233944,0
976,Fri,27,Jan,2017,17,20,28,45,48,5,9,14495900,0
975,Tue,24,Jan,2017,1,5,7,17,23,3,8,76052175,0
974,Fri,20,Jan,2017,10,17,27,31,49,3,5,70419453,0
973,Tue,17,Jan,2017,4,16,25,43,47,2,10,62366698,0
972,Fri,13,Jan,2017,3,7,16,26,50,4,7,53936316,0
971,Tue,10,Jan,2017,2,11,29,35,44,4,9,40259650,0
970,Fri,6,Jan,2017,10,14,18,21,49,9,11,31898943,0
969,Tue,3,Jan,2017,19,23,27,34,49,1,11,21591336,0
968,Fri,30,Dec,2016,8,10,22,29,47,1,3,14538400,0
967,Tue,27,Dec,2016,3,22,25,32,39,7,12,21534783,0
966,Fri,23,Dec,2016,4,16,20,39,46,2,5,14487400,0
965,Tue,20,Dec,2016,13,15,17,21,27,2,3,51875129,0
964,Fri,16,Dec,2016,6,10,30,41,45,4,11,43003166,0
963,Tue,13,Dec,2016,14,28,29,48,50,2,8,32050401,0
962,Fri,9,Dec,2016,6,12,28,37,40,1,5,24450957,0
961,Tue,6,Dec,2016,1,7,11,27,45,4,9,14392200,0
960,Fri,2,Dec,2016,6,11,23,31,32,2,12,24662130,0
959,Tue,29,Nov,2016,21,26,27,28,38,9,11,14494200,0
958,Fri,25,Nov,2016,5,11,17,23,28,10,11,26009712,0
957,Tue,22,Nov,2016,5,10,33,34,47,2,10,40546633,0
956,Fri,18,Nov,2016,3,12,27,32,47,6,8,32720430,0
955,Tue,15,Nov,2016,7,15,36,42,48,3,7,22092234,0
954,Fri,11,Nov,2016,3,22,23,38,49,2,9,14648900,0
953,Tue,8,Nov,2016,5,9,47,49,50,8,9,35072281,0
952,Fri,4,Nov,2016,7,11,12,44,48,3,7,26830014,0
951,Tue,1,Nov,2016,6,10,20,29,37,1,9,15362900,0
950,Fri,28,Oct,2016,10,16,19,23,43,2,8,15667698,0
949,Tue,25,Oct,2016,3,15,20,21,28,1,5,44777159,0
948,Fri,21,Oct,2016,9,20,23,44,48,8,10,35497880,0
947,Tue,18,Oct,2016,2,17,21,25,27,6,9,23638239,0
946,Fri,14,Oct,2016,7,13,19,31,34,1,11,15330600,0
945,Tue,11,Oct,2016,5,12,20,24,37,4,11,153361048,0
944,Fri,7,Oct,2016,2,12,20,27,30,9,11,140104641,0
943,Tue,4,Oct,2016,4,7,14,34,38,4,11,124041722,0
942,Fri,30,Sep,2016,17,35,37,43,44,2,10,112697000,0
941,Tue,27,Sep,2016,6,9,13,39,41,2,12,14671000,0
940,Fri,23,Sep,2016,14,16,39,42,49,3,9,20683054,0
939,Tue,20,Sep,2016,1,4,10,41,45,6,9,12900000,0
938,Fri,16,Sep,2016,5,8,14,22,32,2,11,34037587,1
937,Tue,13,Sep,2016,4,7,16,35,44,1,3,25859082,0
936,Fri,9,Sep,2016,4,11,15,17,28,1,3,20243965,0
935,Tue,6,Sep,2016,12,24,30,34,45,7,10,12579000,0
934,Fri,2,Sep,2016,8,16,32,40,50,2,11,6567504,3
933,Tue,30,Aug,2016,13,16,29,35,42,6,8,25605853,0
932,Fri,26,Aug,2016,1,9,28,30,48,7,8,20257321,0
931,Tue,23,Aug,2016,2,23,31,37,45,4,8,12870000,0
930,Fri,19,Aug,2016,5,6,22,25,34,5,7,47566032,0
929,Tue,16,Aug,2016,2,26,34,37,46,4,8,39327773,0
928,Fri,12,Aug,2016,2,15,28,36,50,2,11,33820376,0
927,Tue,9,Aug,2016,12,19,43,44,45,5,10,25724734,0
926,Fri,5,Aug,2016,16,19,24,35,37,2,7,20140295,0
925,Tue,2,Aug,2016,2,8,27,38,46,2,6,12612000,0
924,Fri,29,Jul,2016,1,21,26,40,50,2,4,61102443,1
923,Tue,26,Jul,2016,3,10,13,45,49,2,11,51731973,0
922,Fri,22,Jul,2016,7,24,26,37,45,5,9,45790415,0
921,Tue,19,Jul,2016,19,24,28,36,37,3,6,38223590,0
920,Fri,15,Jul,2016,2,11,13,14,21,1,8,32611251,0
919,Tue,12,Jul,2016,3,7,26,33,41,2,10,25081394,0
918,Fri,8,Jul,2016,8,12,18,33,44,4,8,20261530,0
917,Tue,5,Jul,2016,1,10,29,38,48,3,4,12760500,0
916,Fri,1,Jul,2016,2,11,13,40,50,1,10,20022696,0
915,Tue,28,Jun,2016,26,32,37,43,49,4,5,12448500,0
914,Fri,24,Jun,2016,11,19,27,28,39,3,10,32395415,0
913,Tue,21,Jun,2016,5,17,32,35,49,1,5,23371931,0
912,Fri,17,Jun,2016,1,7,18,27,43,4,8,18818757,0
911,Tue,14,Jun,2016,13,34,39,42,50,9,11,11928000,0
910,Fri,10,Jun,2016,14,21,35,42,43,7,9,67227348,0
909,Tue,7,Jun,2016,19,26,35,45,49,2,5,57100579,0
908,Fri,3,Jun,2016,7,23,31,33,39,6,10,50611162,0
907,Tue,31,May,2016,6,12,26,30,48,6,7,41708725,0
906,Fri,27,May,2016,13,25,27,43,46,4,8,35790545,0
905,Tue,24,May,2016,16,17,23,34,37,6,9,28279072,0
904,Fri,20,May,2016,9,14,30,41,45,4,9,23593583,0
903,Tue,17,May,2016,15,27,32,36,39,3,10,16625472,0
902,Fri,13,May,2016,7,15,28,31,42,10,11,11811000,0
901,Tue,10,May,2016,2,26,27,40,49,5,10,57525794,0
900,Fri,6,May,2016,32,34,40,45,48,1,10,51342488,0
899,Tue,3,May,2016,8,23,24,34,38,3,7,43360228,0
898,Fri,29,Apr,2016,4,5,25,28,43,6,11,37275721,0
897,Tue,26,Apr,2016,10,17,31,32,42,2,5,28958268,0
896,Fri,22,Apr,2016,17,26,32,34,43,2,10,23868937,0
895,Tue,19,Apr,2016,11,14,15,27,44,2,7,16895105,0
894,Fri,15,Apr,2016,13,14,32,37,48,1,7,11932500,0
893,Tue,12,Apr,2016,1,5,9,22,38,2,10,51818874,1
892,Fri,8,Apr,2016,6,8,26,43,49,6,10,46258071,0
891,Tue,5,Apr,2016,3,5,9,19,40,2,5,37762659,0
890,Fri,1,Apr,2016,2,16,23,25,49,6,9,31942807,0
889,Tue,29,Mar,2016,1,4,19,25,36,3,11,23722612,0
888,Fri,25,Mar,2016,12,19,36,42,43,5,8,18978724,0
887,Tue,22,Mar,2016,12,15,26,42,49,5,8,11845500,0
886,Fri,18,Mar,2016,14,19,21,24,49,5,11,46514105,0
885,Tue,15,Mar,2016,5,7,10,34,44,2,10,38751467,0
884,Fri,11,Mar,2016,1,21,26,40,43,6,9,32729736,0
883,Tue,8,Mar,2016,1,8,9,14,23,1,7,24864878,0
882,Fri,4,Mar,2016,9,14,16,23,40,1,5,19432742,0
881,Tue,1,Mar,2016,4,7,13,28,37,10,11,11698500,0
880,Fri,26,Feb,2016,5,13,15,33,50,9,11,11842500,0
879,Tue,23,Feb,2016,23,25,32,37,42,1,11,24605103,1
878,Fri,19,Feb,2016,13,14,30,32,39,3,9,19006842,0
877,Tue,16,Feb,2016,3,10,22,37,50,6,10,11700000,0
876,Fri,12,Feb,2016,3,20,28,31,49,2,5,24769932,1
875,Tue,9,Feb,2016,6,9,13,28,37,4,5,17090950,0
874,Fri,5,Feb,2016,3,27,32,41,46,4,8,11541000,0
873,Tue,2,Feb,2016,6,9,10,21,36,2,6,11373000,0
872,Fri,29,Jan,2016,1,5,23,29,32,1,7,50382546,0
871,Tue,26,Jan,2016,15,24,38,40,48,2,9,87892394,0
870,Fri,22,Jan,2016,10,12,27,30,47,8,9,79365304,0
869,Tue,19,Jan,2016,2,30,38,43,46,2,7,70146761,0
868,Fri,15,Jan,2016,10,19,38,43,46,1,11,62768100,0
867,Tue,12,Jan,2016,1,2,10,30,44,1,8,52409215,0
866,Fri,8,Jan,2016,5,26,33,35,40,3,8,46235544,0
865,Tue,5,Jan,2016,6,10,31,36,39,6,10,36601816,0
864,Fri,1,Jan,2016,4,37,38,39,44,4,7,31339370,0
863,Tue,29,Dec,2015,5,20,31,32,36,6,7,23871796,0
862,Fri,25,Dec,2015,3,10,25,27,40,3,9,18422340,0
861,Tue,22,Dec,2015,18,19,20,40,41,7,10,11112000,0
860,Fri,18,Dec,2015,6,22,26,29,48,5,6,60657149,0
859,Tue,15,Dec,2015,8,11,23,27,35,4,11,51599368,0
858,Fri,11,Dec,2015,3,5,21,40,43,6,11,45271012,0
857,Tue,8,Dec,2015,12,17,29,38,48,9,11,37358158,0
856,Fri,4,Dec,2015,8,17,18,27,39,1,7,31893763,0
855,Tue,1,Dec,2015,2,15,25,35,45,8,10,23663957,0
854,Fri,27,Nov,2015,16,29,30,37,50,6,8,18467154,0
853,Tue,24,Nov,2015,9,14,16,17,26,10,11,10599000,0
852,Fri,20,Nov,2015,4,30,34,46,49,7,8,114814234,0
851,Tue,17,Nov,2015,6,7,23,37,38,10,11,101384894,0
850,Fri,13,Nov,2015,10,17,18,33,40,2,8,92419190,0
849,Tue,10,Nov,2015,6,13,18,39,43,2,8,79495676,0
848,Fri,6,Nov,2015,3,17,26,38,40,4,10,71380000,0
847,Tue,3,Nov,2015,8,27,39,46,49,2,6,39134284,0
846,Fri,30,Oct,2015,8,13,17,21,34,6,7,33935721,0
845,Tue,27,Oct,2015,11,12,20,25,36,6,9,26892567,0
844,Fri,23,Oct,2015,7,25,30,32,39,2,8,22011013,0
843,Tue,20,Oct,2015,17,19,21,30,45,8,10,15634628,0
842,Fri,16,Oct,2015,7,28,29,43,48,3,10,11035500,0
841,Tue,13,Oct,2015,12,15,26,29,47,3,11,11517654,1
840,Fri,9,Oct,2015,1,40,42,43,47,9,11,18085197,0
839,Tue,6,Oct,2015,11,20,22,29,32,1,8,11101500,0
838,Fri,2,Oct,2015,7,18,21,32,35,2,11,11065500,1
837,Tue,29,Sep,2015,11,14,26,29,49,3,9,11152500,0
836,Fri,25,Sep,2015,13,14,23,30,37,2,8,35170064,1
835,Tue,22,Sep,2015,14,23,26,27,29,7,10,27140220,0
834,Fri,18,Sep,2015,7,29,33,34,39,7,8,22450618,0
833,Tue,15,Sep,2015,8,15,17,44,49,5,8,15723801,0
832,Fri,11,Sep,2015,10,18,19,29,50,1,9,11032500,0
831,Tue,8,Sep,2015,14,16,39,40,42,1,4,22464583,1
830,Fri,4,Sep,2015,8,9,27,45,50,8,10,17883898,0
829,Tue,1,Sep,2015,6,19,21,27,45,1,8,11077500,0
828,Fri,28,Aug,2015,11,29,30,31,34,4,7,10908000,0
827,Tue,25,Aug,2015,27,31,33,42,50,2,5,22297655,0
826,Fri,21,Aug,2015,4,16,18,43,47,6,10,17370968,0
825,Tue,18,Aug,2015,7,10,11,12,19,2,9,10582500,0
824,Fri,14,Aug,2015,4,7,39,44,45,3,5,28595278,1
823,Tue,11,Aug,2015,2,3,8,15,16,4,11,21748476,0
822,Fri,7,Aug,2015,1,5,21,39,44,4,11,17058370,0
821,Tue,4,Aug,2015,10,15,39,45,50,9,10,10500000,0
820,Fri,31,Jul,2015,16,21,34,40,50,6,9,17564689,0
819,Tue,28,Jul,2015,23,32,36,43,49,7,8,10639500,0
818,Fri,24,Jul,2015,2,9,21,35,46,2,11,28675998,0
817,Tue,21,Jul,2015,14,20,27,29,44,7,10,21651101,0
816,Fri,17,Jul,2015,1,21,22,43,48,7,9,16844082,0
815,Tue,14,Jul,2015,6,18,19,34,36,1,8,10572000,0
814,Fri,10,Jul,2015,5,8,15,35,41,4,5,29461344,0
813,Tue,7,Jul,2015,6,7,18,33,41,3,10,22161317,0
812,Fri,3,Jul,2015,11,12,15,18,44,3,9,17408173,0
811,Tue,30,Jun,2015,11,15,28,34,37,1,8,10653000,0
810,Fri,26,Jun,2015,3,6,10,19,24,5,7,17954602,0
809,Tue,23,Jun,2015,4,16,22,38,49,6,9,10669500,0
808,Fri,19,Jun,2015,7,14,20,31,42,3,9,17776969,0
807,Tue,16,Jun,2015,10,15,16,36,37,3,9,10785000,0
806,Fri,12,Jun,2015,5,8,10,11,37,7,9,93388944,1
805,Tue,9,Jun,2015,5,9,17,32,34,6,8,82265988,0
804,Fri,5,Jun,2015,2,7,8,45,48,1,9,72850000,0
803,Tue,2,Jun,2015,7,23,29,37,41,1,8,15874102,0
802,Fri,29,May,2015,3,4,20,45,48,6,8,10791000,0
801,Tue,26,May,2015,5,6,7,21,24,5,6,26656367,0
800,Fri,22,May,2015,18,24,35,44,45,5,11,22169936,0
799,Tue,19,May,2015,26,30,31,35,37,8,11,15476457,0
798,Fri,15,May,2015,5,35,42,44,47,8,9,10932000,0
797,Tue,12,May,2015,14,29,30,40,46,3,6,34276743,0
796,Fri,8,May,2015,7,14,19,47,49,3,10,29532380,0
795,Tue,5,May,2015,1,10,17,20,42,8,9,22723433,0
794,Fri,1,May,2015,3,19,20,25,26,6,10,17749913,0
793,Tue,28,Apr,2015,24,26,28,36,45,7,10,10741500,0
792,Fri,24,Apr,2015,5,19,29,31,40,3,10,36298267,1
791,Tue,21,Apr,2015,6,14,17,42,45,1,8,28100414,0
790,Fri,17,Apr,2015,2,24,30,34,39,8,11,22844230,0
789,Tue,14,Apr,2015,24,32,34,35,49,1,2,15639792,0
788,Fri,10,Apr,2015,22,23,25,30,43,5,9,10876500,0
787,Tue,7,Apr,2015,18,25,39,44,50,5,8,15679890,0
786,Fri,3,Apr,2015,27,29,37,39,49,2,4,11055000,0
785,Tue,31,Mar,2015,8,20,24,28,49,8,9,53193914,1
784,Fri,27,Mar,2015,2,30,32,39,44,6,10,47673633,0
783,Tue,24,Mar,2015,10,24,26,39,40,3,10,38975399,0
782,Fri,20,Mar,2015,3,14,37,42,48,1,10,32843195,0
781,Tue,17,Mar,2015,11,23,26,38,44,1,8,24825416,0
780,Fri,13,Mar,2015,4,5,18,22,23,1,3,19376761,0
779,Tue,10,Mar,2015,2,6,23,30,31,2,10,10656000,0
778,Fri,6,Mar,2015,23,30,47,49,50,2,7,72180000,0
777,Tue,3,Mar,2015,6,8,11,13,21,7,8,59016205,0
776,Fri,27,Feb,2015,5,14,17,25,47,9,10,52055697,0
775,Tue,24,Feb,2015,3,25,28,34,50,1,11,43197448,0
774,Fri,20,Feb,2015,4,10,14,37,46,4,7,37807029,0
773,Tue,17,Feb,2015,2,5,18,30,43,1,10,30050324,0
772,Fri,13,Feb,2015,12,24,39,42,44,3,11,24682682,0
771,Tue,10,Feb,2015,13,17,20,30,45,9,10,16073137,0
770,Fri,6,Feb,2015,10,26,30,39,50,7,8,11154000,0
769,Tue,3,Feb,2015,17,31,33,44,50,7,11,11370000,0
768,Fri,30,Jan,2015,9,13,15,19,24,3,8,5622000,1
767,Tue,27,Jan,2015,5,10,31,33,40,8,10,16266792,0
766,Fri,23,Jan,2015,6,29,30,38,45,1,8,11247000,0
765,Tue,20,Jan,2015,15,33,41,44,47,8,10,12413744,0
764,Fri,16,Jan,2015,29,30,32,34,46,3,6,19476379,0
763,Tue,13,Jan,2015,8,17,21,31,34,9,10,11659500,0
762,Fri,9,Jan,2015,6,21,24,32,45,1,11,24754047,0
761,Tue,6,Jan,2015,14,20,30,38,49,3,4,16954080,0
760,Fri,2,Jan,2015,22,24,25,28,49,3,6,11751000,0
759,Tue,30,Dec,2014,6,18,39,44,50,8,11,11727000,0
758,Fri,26,Dec,2014,17,26,27,45,49,2,3,19781351,0
757,Tue,23,Dec,2014,8,9,19,25,49,2,10,11787000,0
756,Fri,19,Dec,2014,23,29,31,39,44,5,8,11737500,0
755,Tue,16,Dec,2014,3,7,12,13,25,5,8,31462687,0
754,Fri,12,Dec,2014,2,15,28,31,37,4,6,25517469,0
753,Tue,9,Dec,2014,1,3,31,42,46,4,11,17246777,0
752,Fri,5,Dec,2014,5,8,37,47,48,2,3,11851500,0
751,Tue,2,Dec,2014,3,15,25,44,49,1,9,57837341,0
750,Fri,28,Nov,2014,6,10,15,23,41,4,10,51217623,0
749,Tue,25,Nov,2014,3,7,25,32,36,1,6,40715869,0
748,Fri,21,Nov,2014,4,7,28,32,37,5,10,34100271,0
747,Tue,18,Nov,2014,2,3,17,36,38,4,11,26007143,0
746,Fri,14,Nov,2014,17,32,36,38,48,5,8,20235047,0
745,Tue,11,Nov,2014,2,14,21,36,46,7,11,11766000,0
744,Fri,7,Nov,2014,13,25,32,38,46,1,10,12935936,1
743,Tue,4,Nov,2014,1,6,13,17,26,3,5,17438916,0
742,Fri,31,Oct,2014,10,13,20,33,41,3,9,11763000,0
741,Tue,28,Oct,2014,10,15,17,40,45,1,2,11848500,0
740,Fri,24,Oct,2014,3,9,20,30,42,1,6,149758000,0
739,Tue,21,Oct,2014,20,21,27,33,40,3,10,143641614,0
738,Fri,17,Oct,2014,1,13,40,48,49,8,10,130128674,0
737,Tue,14,Oct,2014,4,5,15,23,32,3,7,114362313,0
736,Fri,10,Oct,2014,6,29,42,45,47,9,10,101812996,0
735,Tue,7,Oct,2014,9,21,28,30,38,1,8,88304909,0
734,Fri,3,Oct,2014,4,13,23,48,50,5,10,78370000,0
733,Tue,30,Sep,2014,3,13,15,33,42,5,7,25668301,0
732,Fri,26,Sep,2014,13,27,35,46,47,1,2,20137574,0
731,Tue,23,Sep,2014,12,13,14,29,35,1,7,11770500,0
730,Fri,19,Sep,2014,6,8,34,38,48,3,9,68362889,0
729,Tue,16,Sep,2014,4,29,30,35,50,2,4,59479470,0
728,Fri,12,Sep,2014,9,13,26,31,33,7,11,52772468,0
727,Tue,9,Sep,2014,8,15,19,24,35,8,10,44245873,0
726,Fri,5,Sep,2014,1,18,23,46,50,3,9,37783420,0
725,Tue,2,Sep,2014,5,25,31,39,45,1,8,29994082,0
724,Fri,29,Aug,2014,2,9,26,32,38,3,6,24464842,0
723,Tue,26,Aug,2014,10,22,36,45,48,4,11,16991311,0
722,Fri,22,Aug,2014,4,17,29,35,49,1,2,12000000,0
721,Tue,19,Aug,2014,4,7,11,34,47,7,8,43584628,0
720,Fri,15,Aug,2014,4,5,21,23,30,8,10,37718167,0
719,Tue,12,Aug,2014,7,16,19,22,33,2,5,30079457,0
718,Fri,8,Aug,2014,21,29,35,43,46,1,9,24759542,0
717,Tue,5,Aug,2014,5,7,19,21,42,5,11,17029645,0
716,Fri,1,Aug,2014,24,44,46,48,50,5,10,11977500,0
715,Tue,29,Jul,2014,10,23,35,40,43,3,9,29815964,0
714,Fri,25,Jul,2014,9,10,12,24,43,5,9,24470875,0
713,Tue,22,Jul,2014,1,24,43,45,50,5,8,16916606,0
712,Fri,18,Jul,2014,1,11,29,41,43,3,11,11878500,0
711,Tue,15,Jul,2014,15,18,20,27,34,1,3,53758144,0
710,Fri,11,Jul,2014,5,22,35,38,49,4,7,47789038,0
709,Tue,8,Jul,2014,8,18,22,24,27,4,11,39193498,0
708,Fri,4,Jul,2014,4,18,39,43,47,2,6,33347512,0
707,Tue,1,Jul,2014,18,22,25,27,39,5,10,25344616,0
706,Fri,27,Jun,2014,31,33,34,39,45,2,10,19914711,0
705,Tue,24,Jun,2014,1,7,20,21,48,4,7,12021000,0
704,Fri,20,Jun,2014,5,15,25,38,49,1,2,19964918,0
703,Tue,17,Jun,2014,11,13,37,40,48,8,9,11983500,0
702,Fri,13,Jun,2014,16,18,22,28,46,9,11,109589905,0
701,Tue,10,Jun,2014,12,18,21,32,33,1,11,95933457,0
700,Fri,6,Jun,2014,7,25,34,40,49,9,11,86858395,0
699,Tue,3,Jun,2014,2,15,32,39,44,5,10,72437363,0
698,Fri,30,May,2014,5,24,27,41,45,6,7,64246871,0
697,Tue,27,May,2014,7,13,16,25,26,1,6,54445724,0
696,Fri,23,May,2014,3,8,31,34,47,9,11,48094706,0
695,Tue,20,May,2014,5,33,36,38,47,4,9,39669453,0
694,Fri,16,May,2014,23,26,29,37,40,3,4,33974182,0
693,Tue,13,May,2014,4,13,30,34,47,2,6,25746571,0
692,Fri,9,May,2014,3,21,26,28,45,7,10,20214823,0
691,Tue,6,May,2014,5,19,24,31,37,1,9,12321000,0
690,Fri,2,May,2014,4,30,31,38,42,2,11,73205660,1
689,Tue,29,Apr,2014,18,23,26,35,44,3,11,62955401,0
688,Fri,25,Apr,2014,13,21,24,44,49,1,9,56005506,0
687,Tue,22,Apr,2014,13,15,20,24,46,1,8,46672601,0
686,Fri,18,Apr,2014,21,24,31,39,47,3,7,40962533,0
685,Tue,15,Apr,2014,3,14,26,47,50,7,11,32625427,0
684,Fri,11,Apr,2014,8,12,19,30,33,4,11,26905670,0
683,Tue,8,Apr,2014,11,18,29,42,49,4,11,17853605,0
682,Fri,4,Apr,2014,6,10,28,45,50,10,11,12415500,0
681,Tue,1,Apr,2014,16,18,26,38,44,8,10,12457500,0
680,Fri,28,Mar,2014,3,4,19,28,43,3,7,20942416,0
679,Tue,25,Mar,2014,7,20,26,28,50,2,8,12549000,0
678,Fri,21,Mar,2014,7,30,37,39,42,5,7,21325022,0
677,Tue,18,Mar,2014,8,27,34,36,39,5,10,12603000,0
676,Fri,14,Mar,2014,6,24,25,27,30,5,9,107932603,1
675,Tue,11,Mar,2014,1,4,23,33,44,7,8,93707468,0
674,Fri,7,Mar,2014,5,10,38,40,41,1,8,82990000,0
673,Tue,4,Mar,2014,3,5,22,27,44,1,6,12375000,0
672,Fri,28,Feb,2014,12,32,38,43,44,2,7,35072863,0
671,Tue,25,Feb,2014,21,25,28,35,42,4,6,26289565,0
670,Fri,21,Feb,2014,13,17,28,30,32,5,7,20630644,0
669,Tue,18,Feb,2014,23,26,36,37,49,6,7,12378000,0
668,Fri,14,Feb,2014,2,4,6,19,39,2,7,20927566,0
667,Tue,11,Feb,2014,8,17,25,41,47,1,2,12445500,0
666,Fri,7,Feb,2014,3,17,19,46,47,9,10,21037161,0
665,Tue,4,Feb,2014,1,21,33,37,38,4,8,12433500,0
664,Fri,31,Jan,2014,8,10,15,16,31,8,9,59249234,0
663,Tue,28,Jan,2014,18,20,23,42,48,2,9,49446896,0
662,Fri,24,Jan,2014,5,19,34,35,41,1,5,43002299,0
661,Tue,21,Jan,2014,4,12,35,42,48,5,8,33466125,0
660,Fri,17,Jan,2014,19,26,32,33,42,4,10,27266155,0
659,Tue,14,Jan,2014,18,20,25,26,37,10,11,18577883,0
658,Fri,10,Jan,2014,1,2,11,27,29,1,10,12453000,0
657,Tue,7,Jan,2014,2,20,27,33,45,6,10,54123899,0
656,Fri,3,Jan,2014,3,27,31,38,44,3,8,96289141,0
655,Tue,31,Dec,2013,13,20,24,29,45,3,7,83850382,0
654,Fri,27,Dec,2013,1,6,13,22,28,5,10,72089654,0
653,Tue,24,Dec,2013,5,19,31,43,50,2,6,62469261,0
652,Fri,20,Dec,2013,12,13,17,22,43,3,10,53875274,0
651,Tue,17,Dec,2013,6,8,27,37,41,7,10,44362413,0
650,Fri,13,Dec,2013,1,22,23,24,31,6,11,37664283,0
649,Tue,10,Dec,2013,6,24,35,49,50,1,7,26551498,0
648,Fri,6,Dec,2013,1,2,18,31,36,7,10,20874773,0
647,Tue,3,Dec,2013,6,13,15,29,32,2,9,12445500,0
646,Fri,29,Nov,2013,2,7,10,23,43,4,7,12429000,1
645,Tue,26,Nov,2013,19,23,27,42,44,3,5,26863588,1
644,Fri,22,Nov,2013,13,25,26,40,50,8,9,21186645,0
643,Tue,19,Nov,2013,14,15,19,36,45,1,10,12606000,0
642,Fri,15,Nov,2013,3,13,15,29,42,1,4,83830000,0
641,Tue,12,Nov,2013,14,29,37,40,48,2,11,12682500,0
640,Fri,8,Nov,2013,20,28,35,42,43,8,10,6255000,1
639,Tue,5,Nov,2013,6,12,13,35,38,2,3,18107224,1
638,Fri,1,Nov,2013,7,19,29,30,33,3,8,12709500,0
637,Tue,29,Oct,2013,9,10,30,32,37,2,6,12856500,0
636,Fri,25,Oct,2013,2,3,10,31,38,6,10,27080608,0
635,Tue,22,Oct,2013,29,33,39,41,44,9,11,18308847,0
634,Fri,18,Oct,2013,5,25,36,46,47,2,6,12711000,0
633,Tue,15,Oct,2013,18,27,39,43,47,4,7,43086063,0
632,Fri,11,Oct,2013,6,12,17,23,43,5,9,36840020,0
631,Tue,8,Oct,2013,23,24,26,33,42,3,5,27440665,0
630,Fri,4,Oct,2013,6,20,24,35,50,5,10,21498731,0
629,Tue,1,Oct,2013,19,23,25,44,48,8,9,12544500,0
628,Fri,27,Sep,2013,11,15,38,41,43,2,6,55193986,0
627,Tue,24,Sep,2013,10,20,26,28,43,9,11,45405876,0
626,Fri,20,Sep,2013,5,11,35,38,45,2,3,38960567,0
625,Tue,17,Sep,2013,13,17,21,42,44,9,11,29412765,0
624,Fri,13,Sep,2013,4,6,14,27,33,5,10,23253808,0
623,Tue,10,Sep,2013,7,11,14,28,30,2,10,12666000,0
622,Fri,6,Sep,2013,11,23,25,32,37,4,7,10801883,0
621,Tue,3,Sep,2013,5,9,16,18,42,7,9,12709500,0
620,Fri,30,Aug,2013,2,17,25,36,45,5,9,10942818,0
619,Tue,27,Aug,2013,7,30,38,40,43,2,6,12931500,0
618,Fri,23,Aug,2013,1,6,26,30,37,5,8,80738985,0
617,Tue,20,Aug,2013,5,11,42,49,50,8,11,68593880,0
616,Fri,16,Aug,2013,20,24,27,37,39,5,10,60621367,0
615,Tue,13,Aug,2013,5,17,20,47,50,1,4,51018937,0
614,Fri,9,Aug,2013,4,7,9,23,24,8,9,44134518,0
613,Tue,6,Aug,2013,16,17,31,47,49,3,11,34673271,0
612,Fri,2,Aug,2013,21,36,37,42,48,4,7,28309281,0
611,Tue,30,Jul,2013,3,4,11,14,43,1,6,19184610,0
610,Fri,26,Jul,2013,12,23,29,38,49,3,4,13081162,0
609,Tue,23,Jul,2013,14,15,16,19,44,4,5,12907500,0
608,Fri,19,Jul,2013,13,16,24,26,35,2,5,12925500,0
607,Tue,16,Jul,2013,19,23,34,47,50,4,6,19201363,0
606,Fri,12,Jul,2013,18,26,32,33,42,2,3,12987000,0
605,Tue,9,Jul,2013,16,18,31,38,49,4,10,28847237,1
604,Fri,5,Jul,2013,4,12,15,28,33,1,10,22417687,0
603,Tue,2,Jul,2013,11,13,14,28,30,4,5,12844500,0
602,Fri,28,Jun,2013,1,15,28,35,47,1,7,12843000,0
601,Tue,25,Jun,2013,4,5,13,27,35,1,2,79779517,0
600,Fri,21,Jun,2013,10,11,30,36,45,1,2,143627629,0
599,Tue,18,Jun,2013,17,24,33,41,44,1,11,125775679,0
598,Fri,14,Jun,2013,10,25,41,47,48,6,10,111780731,0
597,Tue,11,Jun,2013,5,7,9,25,41,1,5,96181290,0
596,Fri,7,Jun,2013,7,14,26,45,50,2,7,85130000,0
595,Tue,4,Jun,2013,31,33,34,37,40,1,6,19080295,0
594,Fri,31,May,2013,27,28,29,34,43,5,10,12841500,0
593,Tue,28,May,2013,8,13,26,34,38,3,11,81381673,1
592,Fri,24,May,2013,7,17,22,27,40,2,3,73074352,0
591,Tue,21,May,2013,7,8,19,28,29,5,9,61122965,0
590,Fri,17,May,2013,6,20,24,25,50,9,10,53520165,0
589,Tue,14,May,2013,7,8,24,27,36,5,11,43382876,0
588,Fri,10,May,2013,1,32,35,45,48,4,11,36503084,0
587,Tue,7,May,2013,13,27,28,42,43,4,6,27337587,0
586,Fri,3,May,2013,3,5,34,40,49,2,3,21355336,0
585,Tue,30,Apr,2013,13,36,40,43,50,5,9,12727500,0
584,Fri,26,Apr,2013,11,16,24,38,40,2,5,27335676,0
583,Tue,23,Apr,2013,1,4,7,10,50,4,11,18557707,0
582,Fri,19,Apr,2013,1,8,42,46,48,4,7,12874500,0
581,Tue,16,Apr,2013,1,11,22,33,50,4,6,12879000,0
580,Fri,12,Apr,2013,5,10,15,28,45,3,9,22422511,0
579,Tue,9,Apr,2013,15,35,38,44,48,5,10,12825000,0
578,Fri,5,Apr,2013,1,11,17,32,39,2,7,11268414,0
577,Tue,2,Apr,2013,12,17,25,29,41,1,4,12741000,0
576,Fri,29,Mar,2013,13,30,43,44,46,5,9,112017541,0
575,Tue,26,Mar,2013,4,26,30,42,44,6,11,96302211,0
574,Fri,22,Mar,2013,12,27,32,34,49,8,9,85330000,0
573,Tue,19,Mar,2013,19,32,35,37,44,1,9,18770152,0
572,Fri,15,Mar,2013,4,14,21,24,39,3,10,12997500,0
571,Tue,12,Mar,2013,2,4,10,22,50,5,8,13135500,0
570,Fri,8,Mar,2013,3,20,23,28,42,8,11,45058160,0
569,Tue,5,Mar,2013,8,19,31,33,39,2,7,34631815,0
568,Fri,1,Mar,2013,1,11,29,36,42,4,5,28372232,0
567,Tue,26,Feb,2013,3,12,13,17,30,2,6,18874481,0
566,Fri,22,Feb,2013,15,16,28,36,37,2,11,12981000,0
565,Tue,19,Feb,2013,12,15,28,30,44,8,9,52357563,0
564,Fri,15,Feb,2013,2,4,22,28,42,4,9,44855571,0
563,Tue,12,Feb,2013,5,11,16,25,28,7,9,34628142,0
562,Fri,8,Feb,2013,9,11,14,34,44,10,11,27886637,0
561,Tue,5,Feb,2013,6,25,31,40,45,6,7,19070109,0
560,Fri,1,Feb,2013,5,21,34,37,38,1,6,13063500,0
559,Tue,29,Jan,2013,9,16,26,36,39,2,6,6431250,0
558,Fri,25,Jan,2013,3,10,18,31,37,2,4,37772357,0
557,Tue,22,Jan,2013,1,10,44,45,48,1,4,27777897,0
556,Fri,18,Jan,2013,4,26,27,30,39,3,10,21672986,0
555,Tue,15,Jan,2013,22,38,40,42,47,1,11,12441000,0
554,Fri,11,Jan,2013,4,22,29,37,41,4,7,28307149,0
553,Tue,8,Jan,2013,2,20,22,26,47,5,9,18341712,0
552,Fri,4,Jan,2013,4,10,22,27,41,8,10,12216000,0
551,Tue,1,Jan,2013,2,7,8,36,49,1,11,10243449,1
550,Fri,28,Dec,2012,17,24,26,27,49,3,5,21875652,0
549,Tue,25,Dec,2012,14,18,20,23,32,3,10,12322500,0
548,Fri,21,Dec,2012,3,5,22,40,42,3,10,83087699,0
547,Tue,18,Dec,2012,14,18,20,35,44,2,5,70070413,0
546,Fri,14,Dec,2012,10,11,29,40,43,3,11,62293153,0
545,Tue,11,Dec,2012,1,4,9,43,50,6,8,51106703,0
544,Fri,7,Dec,2012,10,16,18,31,42,2,5,44054164,0
543,Tue,4,Dec,2012,5,10,28,29,44,2,4,34505412,0
542,Fri,30,Nov,2012,10,18,23,24,40,3,4,27864810,0
541,Tue,27,Nov,2012,6,10,23,44,49,1,7,18165905,0
540,Fri,23,Nov,2012,1,9,11,20,40,1,5,12147000,0
539,Tue,20,Nov,2012,28,30,42,45,49,5,10,18330737,0
538,Fri,16,Nov,2012,10,15,19,23,41,2,9,12039000,0
537,Tue,13,Nov,2012,11,16,21,24,29,2,6,136124363,0
536,Fri,9,Nov,2012,14,21,22,28,47,4,5,122416477,0
535,Tue,6,Nov,2012,7,20,25,35,41,1,9,106443387,0
534,Fri,2,Nov,2012,3,6,10,11,44,3,4,95574746,0
533,Tue,30,Oct,2012,23,24,25,31,44,2,3,82777654,0
532,Fri,26,Oct,2012,5,6,9,27,38,5,11,73585548,0
531,Tue,23,Oct,2012,1,28,35,38,50,2,10,62668378,0
530,Fri,19,Oct,2012,16,29,37,40,44,8,10,55297557,0
529,Tue,16,Oct,2012,10,32,40,41,49,2,8,44407071,0
528,Fri,12,Oct,2012,6,7,17,35,43,2,8,37648529,0
527,Tue,9,Oct,2012,2,8,10,23,25,8,9,27768213,0
526,Fri,5,Oct,2012,9,16,18,19,21,2,3,21701658,0
525,Tue,2,Oct,2012,4,16,21,36,42,7,8,12015000,0
524,Fri,28,Sep,2012,20,23,26,30,33,6,9,79750000,0
523,Tue,25,Sep,2012,7,25,27,48,49,1,4,27120727,0
522,Fri,21,Sep,2012,4,19,34,41,43,7,11,21218945,0
521,Tue,18,Sep,2012,6,7,38,39,44,7,9,12058500,0
520,Fri,14,Sep,2012,3,10,23,27,44,7,9,21511885,0
519,Tue,11,Sep,2012,6,15,22,37,44,2,4,12016500,0
518,Fri,7,Sep,2012,13,15,30,35,42,4,6,37827315,1
517,Tue,4,Sep,2012,11,17,18,39,44,5,10,27605924,0
516,Fri,31,Aug,2012,16,28,31,33,48,7,11,21380703,0
515,Tue,28,Aug,2012,1,18,25,26,44,4,5,11914500,0
514,Fri,24,Aug,2012,5,6,12,19,37,3,7,37709047,0
513,Tue,21,Aug,2012,4,5,17,38,48,3,4,27638401,0
512,Fri,17,Aug,2012,19,25,28,33,44,2,8,21173767,0
511,Tue,14,Aug,2012,1,16,38,42,45,9,10,11805000,0
510,Fri,10,Aug,2012,11,17,21,48,50,9,10,148656000,1
509,Tue,7,Aug,2012,20,27,34,46,50,2,3,151012000,0
508,Fri,3,Aug,2012,24,34,35,42,46,1,5,142677285,0
507,Tue,31,Jul,2012,4,29,35,36,39,8,9,123419567,0
506,Fri,27,Jul,2012,14,15,21,23,48,2,10,110973507,0
505,Tue,24,Jul,2012,4,16,18,25,44,1,11,87418315,0
504,Fri,20,Jul,2012,10,19,23,45,49,9,10,79035843,0
503,Tue,17,Jul,2012,2,7,24,43,46,8,10,67543388,0
502,Fri,13,Jul,2012,8,18,25,35,46,4,9,60323858,0
501,Tue,10,Jul,2012,1,3,16,24,37,1,8,48445181,0
500,Fri,6,Jul,2012,31,32,38,40,42,1,3,42076911,0
499,Tue,3,Jul,2012,2,7,22,27,40,3,6,32812559,0
498,Fri,29,Jun,2012,14,17,28,29,39,1,11,26900432,0
497,Tue,26,Jun,2012,1,11,20,22,35,8,10,17516871,0
496,Fri,22,Jun,2012,14,18,19,43,49,3,7,12117000,0
495,Tue,19,Jun,2012,7,17,20,35,50,5,11,12109500,0
494,Fri,15,Jun,2012,10,22,27,38,48,3,7,10814550,0
493,Tue,12,Jun,2012,8,15,26,30,48,9,10,12043500,0
492,Fri,8,Jun,2012,5,11,22,34,40,9,11,63837544,1
491,Tue,5,Jun,2012,13,34,37,47,49,8,9,109315762,0
490,Fri,1,Jun,2012,2,4,14,26,36,9,10,97123444,0
489,Tue,29,May,2012,8,15,17,25,28,3,11,80806756,0
488,Fri,25,May,2012,12,22,35,46,49,2,8,71823678,0
487,Tue,22,May,2012,16,31,32,37,41,1,7,60290704,0
486,Fri,18,May,2012,13,29,43,47,50,9,11,53068969,0
485,Tue,15,May,2012,2,11,13,26,50,2,5,41232245,0
484,Fri,11,May,2012,1,13,17,38,44,2,11,35495169,0
483,Tue,8,May,2012,3,21,34,38,48,5,8,26250991,0
482,Fri,4,May,2012,3,26,39,40,41,1,2,21084008,0
481,Tue,1,May,2012,4,5,15,19,41,9,11,12258000,0
480,Fri,27,Apr,2012,20,27,30,36,43,1,6,36231900,0
479,Tue,24,Apr,2012,8,9,24,43,48,3,5,26895374,0
478,Fri,20,Apr,2012,3,6,29,32,41,10,11,21345735,0
477,Tue,17,Apr,2012,10,28,33,48,49,1,10,12369000,0
476,Fri,13,Apr,2012,8,13,26,39,43,3,5,44408417,0
475,Tue,10,Apr,2012,22,25,27,36,37,5,9,32603075,0
474,Fri,6,Apr,2012,11,20,30,35,45,2,3,27033455,0
473,Tue,3,Apr,2012,1,8,18,25,30,9,10,18087550,0
472,Fri,30,Mar,2012,4,17,23,36,46,6,10,12522000,0
471,Tue,27,Mar,2012,24,27,29,34,36,7,8,12555000,0
470,Fri,23,Mar,2012,9,15,23,31,50,8,11,21827112,0
469,Tue,20,Mar,2012,15,16,28,30,46,3,4,12508500,0
468,Fri,16,Mar,2012,3,4,12,23,50,4,7,38034640,1
467,Tue,13,Mar,2012,1,10,25,43,47,8,9,28201173,0
466,Fri,9,Mar,2012,3,32,36,39,47,6,9,22200501,0
465,Tue,6,Mar,2012,23,24,27,37,47,2,6,12525000,0
464,Fri,2,Mar,2012,5,6,11,30,44,2,6,22198233,1
463,Tue,28,Feb,2012,1,10,17,33,48,2,3,12720000,0
462,Fri,24,Feb,2012,3,7,12,26,34,8,10,46432285,1
461,Tue,21,Feb,2012,11,14,24,25,29,7,11,35142486,0
460,Fri,17,Feb,2012,4,11,28,38,47,10,11,28527269,0
459,Tue,14,Feb,2012,14,27,36,42,46,8,11,18731949,0
458,Fri,10,Feb,2012,3,8,14,31,41,7,11,12565500,0
457,Tue,7,Feb,2012,3,15,17,28,33,2,4,45160171,1
456,Fri,3,Feb,2012,16,19,20,25,28,1,10,38388399,0
455,Tue,31,Jan,2012,9,34,38,43,45,2,4,28074424,0
454,Fri,27,Jan,2012,10,13,19,39,44,2,6,22380458,0
453,Tue,24,Jan,2012,1,2,6,20,36,8,11,12523500,0
452,Fri,20,Jan,2012,2,10,22,27,28,6,8,40627241,1
451,Tue,17,Jan,2012,12,22,30,31,44,5,6,30343120,0
450,Fri,13,Jan,2012,13,14,21,27,39,6,8,24189679,0
449,Tue,10,Jan,2012,4,9,10,30,40,2,9,12394500,0
448,Fri,6,Jan,2012,1,6,10,12,31,2,7,30177623,0
447,Tue,3,Jan,2012,3,30,42,45,49,5,10,50010872,0
446,Fri,30,Dec,2011,16,36,43,44,50,7,8,43303615,0
445,Tue,27,Dec,2011,19,21,25,26,44,3,7,31879970,0
444,Fri,23,Dec,2011,7,21,22,24,28,1,11,25852188,0
443,Tue,20,Dec,2011,1,9,12,14,48,1,7,12549000,0
442,Fri,16,Dec,2011,2,5,10,23,31,2,5,39175449,0
441,Tue,13,Dec,2011,7,12,18,33,37,1,11,28908882,0
440,Fri,9,Dec,2011,12,21,29,44,47,1,2,22918879,0
439,Tue,6,Dec,2011,19,20,21,34,38,3,9,12904500,0
438,Fri,2,Dec,2011,7,27,30,40,43,8,9,23341756,0
437,Tue,29,Nov,2011,11,25,41,45,50,2,7,12825000,0
436,Fri,25,Nov,2011,14,19,26,28,34,5,8,30126040,0
435,Tue,22,Nov,2011,16,18,24,38,40,2,4,18941023,0
434,Fri,18,Nov,2011,4,12,24,39,44,2,4,12850500,0
433,Tue,15,Nov,2011,6,17,22,45,47,3,11,12817500,1
432,Fri,11,Nov,2011,1,4,18,23,30,3,7,58162735,0
431,Tue,8,Nov,2011,1,4,15,29,40,1,5,46793457,0
430,Fri,4,Nov,2011,11,14,41,43,50,2,9,39862087,0
429,Tue,1,Nov,2011,14,20,23,45,46,1,11,28991611,0
428,Fri,28,Oct,2011,16,17,20,39,50,4,8,23734845,0
427,Tue,25,Oct,2011,12,22,27,28,39,4,10,13059000,0
426,Fri,21,Oct,2011,2,19,33,37,46,5,8,20841014,1
425,Tue,18,Oct,2011,18,23,37,46,48,2,10,30927684,0
424,Fri,14,Oct,2011,12,23,29,32,47,3,5,24130874,0
423,Tue,11,Oct,2011,1,4,12,16,48,9,10,13152000,0
422,Fri,7,Oct,2011,18,26,34,38,42,5,8,101203601,1
421,Tue,4,Oct,2011,14,16,23,38,45,8,11,86290000,0
420,Fri,30,Sep,2011,5,15,28,31,44,1,6,13912755,0
419,Tue,27,Sep,2011,18,27,28,35,40,3,5,30913743,0
418,Fri,23,Sep,2011,6,14,33,34,48,2,6,23961854,0
417,Tue,20,Sep,2011,9,19,25,36,38,7,11,13039500,0
416,Fri,16,Sep,2011,2,8,17,39,42,3,10,13108500,0
415,Tue,13,Sep,2011,9,28,30,32,49,9,10,140822522,0
414,Fri,9,Sep,2011,5,21,28,31,34,1,2,126867263,0
413,Tue,6,Sep,2011,35,42,47,48,50,8,9,111920466,0
412,Fri,2,Sep,2011,12,26,37,38,44,4,7,101404135,0
411,Tue,30,Aug,2011,2,8,10,19,46,5,9,87376837,0
410,Fri,26,Aug,2011,12,22,25,33,45,5,7,78976312,0
409,Tue,23,Aug,2011,4,6,14,42,50,2,4,65488523,0
408,Fri,19,Aug,2011,6,14,16,28,31,2,11,58085462,0
407,Tue,16,Aug,2011,1,13,17,18,45,3,8,47058914,0
406,Fri,12,Aug,2011,7,10,20,27,37,4,7,40675287,0
405,Tue,9,Aug,2011,7,23,24,34,36,8,11,30055771,0
404,Fri,5,Aug,2011,13,14,18,32,34,1,10,23440309,0
403,Tue,2,Aug,2011,5,8,14,24,33,3,8,13080000,0
402,Fri,29,Jul,2011,12,19,27,37,38,5,10,23933989,0
401,Tue,26,Jul,2011,1,5,22,25,48,3,11,13272000,0
400,Fri,22,Jul,2011,4,15,23,49,50,2,6,6612750,0
399,Tue,19,Jul,2011,3,16,25,26,35,5,9,20319793,0
398,Fri,15,Jul,2011,6,26,33,34,39,3,4,13173000,0
397,Tue,12,Jul,2011,17,19,38,42,45,9,10,161653000,1
396,Fri,8,Jul,2011,12,13,23,40,49,7,10,164761000,0
395,Tue,5,Jul,2011,11,28,29,47,49,1,5,159008879,0
394,Fri,1,Jul,2011,8,11,23,31,46,8,9,141820902,0
393,Tue,28,Jun,2011,15,16,30,44,50,2,3,120687895,0
392,Fri,24,Jun,2011,5,16,20,30,41,6,11,107428374,0
391,Tue,21,Jun,2011,17,20,35,49,50,3,4,91693456,0
390,Fri,17,Jun,2011,11,16,21,22,44,3,8,82001875,0
389,Tue,14,Jun,2011,5,12,19,41,48,8,10,68132630,0
388,Fri,10,Jun,2011,3,19,20,37,48,8,11,60872491,0
387,Tue,7,Jun,2011,6,25,36,38,40,4,10,48962688,0
386,Fri,3,Jun,2011,4,39,40,49,50,2,5,41359053,0
385,Tue,31,May,2011,1,9,10,22,50,5,11,29730067,0
384,Fri,27,May,2011,9,17,25,28,49,8,9,23752200,0
383,Tue,24,May,2011,16,23,24,26,29,2,9,13102500,0
382,Fri,20,May,2011,10,14,20,25,42,8,11,24115451,0
381,Tue,17,May,2011,20,21,37,45,46,2,3,13143000,0
380,Fri,13,May,2011,9,11,17,36,47,1,2,105892179,0
379,Tue,10,May,2011,3,10,15,28,45,5,7,88200000,0
378,Fri,6,May,2011,11,16,20,22,28,4,9,25227296,0
377,Fri,29,Apr,2011,15,25,38,40,41,1,2,13335000,0
376,Fri,22,Apr,2011,11,22,36,45,48,1,4,38301216,0
375,Fri,15,Apr,2011,4,6,21,39,41,2,6,25974202,0
374,Fri,8,Apr,2011,21,23,38,47,50,2,6,13275000,0
373,Fri,1,Apr,2011,4,17,21,22,33,4,8,13269000,0
372,Fri,25,Mar,2011,6,12,21,27,33,3,7,60861008,0
371,Fri,18,Mar,2011,1,13,20,26,50,6,7,94101577,0
370,Fri,11,Mar,2011,17,19,24,37,46,2,7,71628834,0
369,Fri,4,Mar,2011,11,25,27,28,41,5,8,53278317,0
368,Fri,25,Feb,2011,12,13,42,45,48,3,9,37687076,0
367,Fri,18,Feb,2011,2,3,15,45,49,5,9,24146665,0
366,Fri,11,Feb,2011,12,14,15,19,23,7,8,12714000,0
365,Fri,4,Feb,2011,2,11,24,35,47,5,9,4873640,3
364,Fri,28,Jan,2011,13,23,24,41,42,1,5,12940500,0
363,Fri,21,Jan,2011,3,11,13,18,21,4,5,12354361,0
362,Fri,14,Jan,2011,2,14,24,39,44,6,7,12657000,0
361,Fri,7,Jan,2011,1,22,32,48,50,6,7,12487500,0
360,Fri,31,Dec,2010,2,24,34,38,43,1,7,13178614,0
359,Fri,24,Dec,2010,19,36,38,42,46,2,8,16301884,0
358,Fri,17,Dec,2010,3,20,29,35,42,3,8,37234742,0
357,Fri,10,Dec,2010,2,3,10,33,46,7,8,24100215,0
356,Fri,3,Dec,2010,8,19,28,32,46,4,7,12748500,0
355,Fri,26,Nov,2010,9,28,36,41,49,5,7,38556253,0
354,Fri,19,Nov,2010,12,15,32,36,45,7,9,25874272,0
353,Fri,12,Nov,2010,7,19,23,29,47,1,6,13716650,0
352,Fri,5,Nov,2010,21,23,33,40,50,4,5,25300621,0
351,Fri,29,Oct,2010,16,20,22,32,42,8,9,13042500,0
350,Fri,22,Oct,2010,4,5,9,11,39,3,5,13115962,0
349,Fri,15,Oct,2010,2,31,36,38,43,3,7,13152000,0
348,Fri,8,Oct,2010,9,30,35,39,46,6,8,113019926,1
347,Fri,1,Oct,2010,1,4,6,27,48,1,6,87100000,0
346,Fri,24,Sep,2010,1,4,16,40,48,1,9,12235471,0
345,Fri,17,Sep,2010,17,27,29,38,50,1,3,12558000,0
344,Fri,10,Sep,2010,17,21,35,41,45,1,5,12454500,0
343,Fri,3,Sep,2010,13,24,26,47,49,4,8,12543000,0
342,Fri,27,Aug,2010,1,6,13,30,49,1,9,6173250,0
341,Fri,20,Aug,2010,5,27,31,40,42,1,6,12202500,1
340,Fri,13,Aug,2010,4,9,15,21,47,2,7,4093500,0
339,Fri,6,Aug,2010,13,25,28,29,42,4,5,12502500,0
338,Fri,30,Jul,2010,3,4,11,28,39,2,8,23414853,0
337,Fri,23,Jul,2010,4,13,35,37,46,3,9,12592500,0
336,Fri,16,Jul,2010,38,39,45,46,49,7,8,35767540,0
335,Fri,9,Jul,2010,9,24,37,39,49,3,9,23591586,0
334,Fri,2,Jul,2010,12,13,36,41,46,1,8,12424500,0
333,Fri,25,Jun,2010,1,8,18,28,31,8,9,23090988,0
332,Fri,18,Jun,2010,2,29,31,32,38,1,4,12540000,0
331,Fri,11,Jun,2010,2,22,24,36,44,1,2,12408000,1
330,Fri,4,Jun,2010,4,17,34,40,42,4,9,12442500,0
329,Fri,28,May,2010,4,9,31,32,33,3,7,12693000,1
328,Fri,21,May,2010,7,19,30,38,50,4,7,13072500,0
327,Fri,14,May,2010,1,17,31,43,47,2,3,84451321,1
326,Fri,7,May,2010,3,6,15,21,32,7,9,67967955,0
325,Fri,30,Apr,2010,6,22,24,25,36,3,8,52603784,0
324,Fri,23,Apr,2010,3,7,8,43,46,6,8,38064784,0
323,Fri,16,Apr,2010,9,11,17,26,40,3,9,25378348,0
322,Fri,9,Apr,2010,7,21,23,24,44,3,4,13177500,0
321,Fri,2,Apr,2010,12,18,24,26,45,4,5,13339500,0
320,Fri,26,Mar,2010,8,16,18,37,43,2,6,39754555,1
319,Fri,19,Mar,2010,10,28,30,38,39,2,7,26412247,0
318,Fri,12,Mar,2010,1,26,33,36,46,6,7,13633500,0
317,Fri,5,Mar,2010,12,18,19,43,49,3,9,41706216,0
316,Fri,26,Feb,2010,7,11,18,29,42,6,7,26963008,0
315,Fri,19,Feb,2010,12,31,37,38,43,2,3,13222500,0
314,Fri,12,Feb,2010,1,5,18,38,45,4,6,56008113,1
313,Fri,5,Feb,2010,34,35,38,39,46,3,4,87570000,0
312,Fri,29,Jan,2010,9,17,30,39,43,5,7,25403095,0
311,Fri,22,Jan,2010,4,22,27,36,44,7,9,13197000,0
310,Fri,15,Jan,2010,11,26,29,49,50,4,7,26151124,1
309,Fri,8,Jan,2010,4,5,14,44,46,8,9,38666984,0
308,Fri,1,Jan,2010,9,22,24,27,36,5,7,25315385,0
307,Fri,25,Dec,2009,4,5,14,17,34,3,5,13590000,0
306,Fri,18,Dec,2009,14,30,32,35,49,3,8,52883496,0
305,Fri,11,Dec,2009,20,41,43,44,46,2,9,39585642,0
304,Fri,4,Dec,2009,18,19,25,30,44,1,3,26301056,0
303,Fri,27,Nov,2009,5,8,13,15,33,8,9,13660500,0
302,Fri,20,Nov,2009,5,9,28,43,47,2,9,13536000,0
301,Fri,13,Nov,2009,13,15,25,26,32,3,4,14839480,0
300,Fri,6,Nov,2009,11,19,34,43,45,5,9,45570836,2
299,Fri,30,Oct,2009,9,33,35,38,40,2,6,71278155,0
298,Fri,23,Oct,2009,6,18,20,29,31,2,8,55868893,0
297,Fri,16,Oct,2009,12,23,30,31,47,3,4,40391228,0
296,Fri,9,Oct,2009,7,11,29,46,50,4,7,27066647,0
295,Fri,2,Oct,2009,22,23,24,29,44,1,5,13764000,0
294,Fri,25,Sep,2009,6,17,18,21,34,3,9,13830000,0
293,Fri,18,Sep,2009,6,16,30,38,41,2,4,90740000,0
292,Fri,11,Sep,2009,12,15,35,42,43,4,6,37805108,0
291,Fri,4,Sep,2009,6,9,20,38,39,3,9,24942782,0
290,Fri,28,Aug,2009,8,36,37,41,49,5,7,13219500,0
289,Fri,21,Aug,2009,4,7,16,31,42,3,5,32731271,0
288,Fri,14,Aug,2009,5,8,24,30,49,3,9,49372566,0
287,Fri,7,Aug,2009,10,20,22,24,31,2,7,35727239,0
286,Fri,31,Jul,2009,5,9,20,21,26,3,6,23957846,0
285,Fri,24,Jul,2009,14,15,25,35,47,5,9,13008000,0
284,Fri,17,Jul,2009,2,8,17,32,50,3,7,49802092,0
283,Fri,10,Jul,2009,6,16,20,42,46,1,6,36399342,0
282,Fri,3,Jul,2009,21,29,34,46,47,6,8,24056336,0
281,Fri,26,Jun,2009,6,11,21,30,39,2,8,12787500,0
280,Fri,19,Jun,2009,4,16,17,20,29,5,7,12853500,0
279,Fri,12,Jun,2009,6,14,16,34,50,4,6,24951269,1
278,Fri,5,Jun,2009,11,19,26,35,40,2,5,37574774,0
277,Fri,29,May,2009,2,5,30,37,47,3,6,24953014,0
276,Fri,22,May,2009,4,13,14,33,43,1,6,13254000,0
275,Fri,15,May,2009,8,18,19,20,42,5,9,13402500,0
274,Fri,8,May,2009,4,23,24,29,31,8,9,113229891,0
273,Fri,1,May,2009,5,19,31,38,47,3,5,88364737,0
272,Fri,24,Apr,2009,4,14,21,24,41,5,8,69762491,0
271,Fri,17,Apr,2009,4,7,21,44,47,1,5,51694404,0
270,Fri,10,Apr,2009,9,14,16,37,46,2,4,38126495,0
269,Fri,3,Apr,2009,2,20,24,32,46,1,9,25879558,0
268,Fri,27,Mar,2009,25,33,36,38,42,6,7,14082000,0
267,Fri,20,Mar,2009,12,16,23,31,35,4,6,14023690,0
266,Fri,13,Mar,2009,12,24,26,36,42,1,4,14858473,0
265,Fri,6,Mar,2009,13,17,19,25,35,5,6,45060000,0
264,Fri,27,Feb,2009,5,9,37,44,45,6,9,38191683,0
263,Fri,20,Feb,2009,9,12,13,14,48,1,2,25094625,0
262,Fri,13,Feb,2009,22,33,36,40,42,1,2,13461000,0
261,Fri,6,Feb,2009,10,20,30,36,40,3,5,6563250,0
260,Fri,30,Jan,2009,4,29,34,35,46,5,8,25509888,0
259,Fri,23,Jan,2009,32,33,36,40,49,2,8,14193000,0
258,Fri,16,Jan,2009,3,17,22,49,50,3,6,13554000,0
257,Fri,9,Jan,2009,7,15,22,28,48,1,4,50993587,0
256,Fri,2,Jan,2009,29,30,36,37,48,1,6,38731512,0
255,Fri,26,Dec,2008,1,2,26,44,50,1,7,25725186,0
254,Fri,19,Dec,2008,28,29,40,46,50,5,7,14019000,0
253,Fri,12,Dec,2008,2,19,28,42,49,2,7,6723750,0
252,Fri,5,Dec,2008,4,8,21,35,45,5,8,12993000,0
251,Fri,28,Nov,2008,8,11,16,25,41,2,4,23209583,0
250,Fri,21,Nov,2008,9,14,21,49,50,3,8,12733500,0
249,Fri,14,Nov,2008,8,10,14,21,26,3,4,12916500,0
248,Fri,7,Nov,2008,1,9,12,17,18,3,4,12232500,0
247,Fri,31,Oct,2008,3,18,25,34,41,2,5,17036152,0
246,Fri,24,Oct,2008,7,15,16,17,45,6,9,22430836,0
245,Fri,17,Oct,2008,3,10,12,42,50,1,5,11643000,0
244,Fri,10,Oct,2008,4,15,22,31,41,1,6,22911461,0
243,Fri,3,Oct,2008,4,13,19,23,38,2,3,11697000,0
242,Fri,26,Sep,2008,14,29,31,33,37,1,2,102804000,0
241,Fri,19,Sep,2008,14,16,19,20,31,6,9,11848500,0
240,Fri,12,Sep,2008,19,23,33,37,50,3,7,11902500,0
239,Fri,5,Sep,2008,7,12,16,17,39,3,8,48247119,0
238,Fri,29,Aug,2008,2,20,25,37,39,5,8,73535143,0
237,Fri,22,Aug,2008,7,27,29,39,50,5,7,56497830,0
236,Fri,15,Aug,2008,11,17,18,26,31,5,6,42652554,0
235,Fri,8,Aug,2008,4,5,15,16,45,4,7,31572685,0
234,Fri,1,Aug,2008,1,22,25,40,50,1,8,21278542,0
233,Fri,25,Jul,2008,7,11,15,24,29,2,7,11836500,0
232,Fri,18,Jul,2008,10,14,16,29,44,5,6,11904000,0
231,Fri,11,Jul,2008,9,11,13,19,37,3,4,12022500,0
230,Fri,4,Jul,2008,7,19,22,27,48,5,7,11887500,0
229,Fri,27,Jun,2008,5,20,26,44,50,5,7,46162270,0
228,Fri,20,Jun,2008,8,11,36,37,45,3,5,34282210,0
227,Fri,13,Jun,2008,13,16,37,44,50,1,9,23643210,0
226,Fri,6,Jun,2008,7,19,21,40,50,2,9,12021000,0
225,Fri,30,May,2008,5,7,14,20,49,2,8,11785500,0
224,Fri,23,May,2008,5,9,19,21,38,1,7,2989875,0
223,Fri,16,May,2008,6,9,15,25,38,4,9,44376310,0
222,Fri,9,May,2008,8,9,40,42,45,6,7,32235833,0
221,Fri,2,May,2008,2,26,37,45,48,4,8,21330632,0
220,Fri,25,Apr,2008,4,19,26,27,30,3,8,11808000,0
219,Fri,18,Apr,2008,3,6,7,27,50,5,9,46291408,0
218,Fri,11,Apr,2008,6,25,30,45,50,5,7,34029801,0
217,Fri,4,Apr,2008,11,13,18,37,47,1,6,22132109,0
216,Fri,28,Mar,2008,5,9,17,29,39,3,6,11893500,0
215,Fri,21,Mar,2008,2,10,18,22,36,4,6,11700000,0
214,Fri,14,Mar,2008,13,21,25,35,48,4,8,21956568,0
213,Fri,7,Mar,2008,2,7,14,17,35,1,6,11449500,0
212,Fri,29,Feb,2008,12,37,40,47,49,2,9,11482500,0
211,Fri,22,Feb,2008,4,27,32,46,50,8,9,21828987,0
210,Fri,15,Feb,2008,12,27,29,45,46,4,7,11254500,0
209,Fri,8,Feb,2008,17,28,30,38,44,1,4,96525000,0
208,Fri,1,Feb,2008,22,30,45,47,49,4,9,11314500,0
207,Fri,25,Jan,2008,2,6,9,19,45,7,8,56838131,0
206,Fri,18,Jan,2008,14,16,23,40,46,4,8,43043848,0
205,Fri,11,Jan,2008,8,24,36,49,50,4,8,30830593,0
204,Fri,4,Jan,2008,10,12,24,25,41,3,5,20174823,0
203,Fri,28,Dec,2007,20,21,22,31,45,7,9,11092500,0
202,Fri,21,Dec,2007,7,9,28,37,44,6,7,20144622,0
201,Fri,14,Dec,2007,8,25,30,36,44,3,4,10765500,0
200,Fri,7,Dec,2007,2,4,32,43,48,1,7,19829479,0
199,Fri,30,Nov,2007,12,19,20,30,38,7,9,10713000,0
198,Fri,23,Nov,2007,2,10,22,29,48,3,9,19779134,0
197,Fri,16,Nov,2007,9,18,23,33,37,1,8,10744500,0
196,Fri,9,Nov,2007,5,14,22,25,36,5,6,5283750,0
195,Fri,2,Nov,2007,3,16,18,19,40,1,2,28675991,0
194,Fri,26,Oct,2007,7,20,38,40,43,1,8,19424115,0
193,Fri,19,Oct,2007,7,18,34,35,40,7,8,10515000,0
192,Fri,12,Oct,2007,21,32,36,46,47,3,4,5250000,0
191,Fri,5,Oct,2007,11,20,27,35,44,2,5,2085000,0
190,Fri,28,Sep,2007,22,30,34,35,44,4,5,89986000,0
189,Fri,21,Sep,2007,1,17,32,35,37,1,8,19075668,0
188,Fri,14,Sep,2007,5,9,11,29,33,7,9,10407000,0
187,Fri,7,Sep,2007,2,3,33,34,42,3,5,10222500,0
186,Fri,31,Aug,2007,6,18,22,23,37,5,6,26533768,1
185,Fri,24,Aug,2007,1,3,16,42,48,2,3,18180933,0
184,Fri,17,Aug,2007,2,3,13,38,42,7,8,10245000,0
183,Fri,10,Aug,2007,23,40,42,43,49,2,6,35425412,1
182,Fri,3,Aug,2007,10,30,33,37,41,1,8,26567438,0
181,Fri,27,Jul,2007,1,4,21,29,41,7,8,18065039,0
180,Fri,20,Jul,2007,10,21,25,26,50,4,9,10129500,0
179,Fri,13,Jul,2007,9,13,15,31,48,3,6,38751123,0
178,Fri,6,Jul,2007,4,5,19,39,41,8,9,27130830,0
177,Fri,29,Jun,2007,8,12,28,33,45,1,3,18141468,0
176,Fri,22,Jun,2007,11,16,17,22,34,5,6,10143000,0
175,Fri,15,Jun,2007,5,7,14,21,40,3,8,18315755,0
174,Fri,8,Jun,2007,1,15,17,25,45,2,8,10227000,0
173,Fri,1,Jun,2007,6,22,37,41,42,6,9,10213500,0
172,Fri,25,May,2007,25,26,29,49,50,7,8,10198500,0
171,Fri,18,May,2007,26,34,37,39,49,2,6,10300500,0
170,Fri,11,May,2007,7,12,26,29,49,2,6,12184606,0
169,Fri,4,May,2007,6,17,35,41,45,1,5,27129600,0
168,Fri,27,Apr,2007,7,18,27,36,44,1,2,18412118,0
167,Fri,20,Apr,2007,23,26,32,41,45,3,7,10222500,0
166,Fri,13,Apr,2007,7,20,25,38,41,3,7,10255500,0
165,Fri,6,Apr,2007,15,23,29,41,48,3,6,18409444,0
164,Fri,30,Mar,2007,9,17,19,41,46,1,8,10222500,0
163,Fri,23,Mar,2007,5,13,17,40,43,1,3,27883920,0
162,Fri,16,Mar,2007,4,14,31,45,49,4,9,19068212,0
161,Fri,9,Mar,2007,2,3,25,43,48,6,9,10222500,0
160,Fri,2,Mar,2007,3,16,34,38,48,5,8,14407661,0
159,Fri,23,Feb,2007,2,15,18,20,22,2,5,19003239,0
158,Fri,16,Feb,2007,8,19,20,39,50,6,9,10147500,0
157,Fri,9,Feb,2007,14,16,30,36,46,2,8,66980000,0
156,Fri,2,Feb,2007,14,23,27,30,36,1,6,17980945,0
155,Fri,26,Jan,2007,11,15,23,30,38,4,9,9925500,0
154,Fri,19,Jan,2007,5,13,27,33,42,2,4,9892500,0
153,Fri,12,Jan,2007,8,11,14,19,25,3,5,9931500,0
152,Fri,5,Jan,2007,17,19,29,36,45,5,6,26508665,0
151,Fri,29,Dec,2006,6,9,13,14,35,3,4,45347820,0
150,Fri,22,Dec,2006,9,11,20,38,43,2,3,35802728,0
149,Fri,15,Dec,2006,9,23,35,37,42,3,7,26717930,0
148,Fri,8,Dec,2006,16,17,18,36,47,1,2,18316018,0
147,Fri,1,Dec,2006,4,8,16,37,41,2,5,10155000,0
146,Fri,24,Nov,2006,5,8,17,25,40,1,5,5061750,1
145,Fri,17,Nov,2006,12,22,32,33,36,2,6,6750278,0
144,Fri,10,Nov,2006,14,21,27,30,36,2,3,103732783,0
143,Fri,3,Nov,2006,11,13,24,44,49,3,9,88344099,0
142,Fri,27,Oct,2006,3,4,8,44,50,7,8,76340225,0
141,Fri,20,Oct,2006,10,19,34,45,47,3,6,65142684,0
140,Fri,13,Oct,2006,2,25,32,38,41,3,5,56070560,0
139,Fri,6,Oct,2006,5,11,22,35,38,7,8,46854371,0
138,Fri,29,Sep,2006,1,3,6,18,24,5,8,40239985,0
137,Fri,22,Sep,2006,10,29,30,45,49,3,8,31939763,0
136,Fri,15,Sep,2006,6,10,16,26,49,7,9,24337182,0
135,Fri,8,Sep,2006,1,10,12,32,33,1,8,17240142,0
134,Fri,1,Sep,2006,3,7,25,45,50,6,9,10155000,0
133,Fri,25,Aug,2006,10,28,40,47,48,6,8,39013160,0
132,Fri,18,Aug,2006,12,37,39,40,50,1,2,31392520,0
131,Fri,11,Aug,2006,27,28,31,46,47,2,5,23807666,0
130,Fri,4,Aug,2006,1,14,15,26,32,3,7,16954778,0
129,Fri,28,Jul,2006,3,8,12,29,43,6,7,10326000,0
128,Fri,21,Jul,2006,2,4,9,38,50,6,8,17191693,0
127,Fri,14,Jul,2006,1,7,17,31,36,2,8,10374000,0
126,Fri,7,Jul,2006,7,9,18,35,43,5,7,23809497,0
125,Fri,30,Jun,2006,6,15,16,40,43,1,2,40812950,0
124,Fri,23,Jun,2006,9,21,30,43,44,1,9,32403049,0
123,Fri,16,Jun,2006,1,16,26,30,36,3,9,24499898,0
122,Fri,9,Jun,2006,3,12,15,34,39,4,6,17366509,0
121,Fri,2,Jun,2006,7,8,27,41,48,1,6,10335000,0
120,Fri,26,May,2006,2,12,21,41,49,3,7,5163000,0
119,Fri,19,May,2006,3,5,25,34,49,5,8,10137000,1
118,Fri,12,May,2006,5,20,23,34,50,1,5,8794649,0
117,Fri,5,May,2006,4,8,14,16,50,3,9,10320000,0
116,Fri,28,Apr,2006,5,10,17,22,33,5,7,4492567,0
115,Fri,21,Apr,2006,1,20,22,37,46,1,9,10440000,0
114,Fri,14,Apr,2006,16,26,34,35,49,2,6,17804198,1
113,Fri,7,Apr,2006,12,13,29,44,50,4,5,10485000,0
112,Fri,31,Mar,2006,3,20,31,45,50,6,7,53102939,0
111,Fri,24,Mar,2006,17,28,33,35,47,4,9,45191782,0
110,Fri,17,Mar,2006,5,32,44,45,50,1,7,36196725,0
109,Fri,10,Mar,2006,1,21,33,45,49,4,8,26351576,0
108,Fri,3,Mar,2006,3,5,8,10,44,3,5,18470476,0
107,Fri,24,Feb,2006,1,11,18,19,47,3,7,10255500,0
106,Fri,17,Feb,2006,4,23,24,26,38,2,4,19180108,0
105,Fri,10,Feb,2006,5,6,38,48,50,6,7,10296000,0
104,Fri,3,Feb,2006,9,21,30,39,50,1,3,42019877,0
103,Fri,27,Jan,2006,9,15,21,40,49,1,4,105412292,0
102,Fri,20,Jan,2006,12,15,33,44,50,2,6,87820908,0
101,Fri,13,Jan,2006,8,12,19,33,34,1,6,73898698,0
100,Fri,6,Jan,2006,2,6,9,14,26,4,5,61801800,0
99,Fri,30,Dec,2005,8,16,19,43,45,1,4,53342474,0
98,Fri,23,Dec,2005,15,31,36,37,42,1,7,45483082,0
97,Fri,16,Dec,2005,2,3,15,18,32,6,7,38305717,0
96,Fri,9,Dec,2005,11,18,35,38,42,1,5,30453067,0
95,Fri,2,Dec,2005,1,9,20,23,30,4,7,23443437,0
94,Fri,25,Nov,2005,1,6,27,39,47,1,6,16846594,0
93,Fri,18,Nov,2005,17,18,25,34,48,2,3,10312500,0
92,Fri,11,Nov,2005,15,16,36,41,42,3,5,30453995,0
91,Fri,4,Nov,2005,26,36,37,38,42,2,6,23432048,0
90,Fri,28,Oct,2005,14,36,44,47,50,3,5,16727964,0
89,Fri,21,Oct,2005,1,14,19,29,33,1,8,10143000,0
88,Fri,14,Oct,2005,10,11,19,20,23,1,6,10215000,1
87,Fri,7,Oct,2005,2,13,21,26,44,3,9,5167500,0
86,Fri,30,Sep,2005,6,11,47,48,50,1,6,4255018,3
85,Fri,23,Sep,2005,1,26,31,34,47,4,9,10200000,0
84,Fri,16,Sep,2005,12,13,19,21,38,3,9,51513123,0
83,Fri,9,Sep,2005,8,12,19,31,50,6,7,44899448,0
82,Fri,2,Sep,2005,3,4,14,43,50,3,6,39270421,0
81,Fri,26,Aug,2005,9,29,35,40,41,1,6,31534575,0
80,Fri,19,Aug,2005,11,24,29,31,41,1,3,24045393,0
79,Fri,12,Aug,2005,15,23,30,37,40,7,9,17327035,0
78,Fri,5,Aug,2005,2,11,21,22,30,4,6,10443000,0
77,Fri,29,Jul,2005,3,19,26,49,50,4,5,79881799,0
76,Fri,22,Jul,2005,3,14,41,48,49,1,4,67927336,0
75,Fri,15,Jul,2005,1,11,12,23,42,3,6,57176654,0
74,Fri,8,Jul,2005,35,36,42,46,49,2,8,48784765,0
73,Fri,1,Jul,2005,4,5,23,25,28,3,4,40827016,0
72,Fri,24,Jun,2005,6,8,14,15,45,7,8,34370581,0
71,Fri,17,Jun,2005,4,8,10,18,21,1,7,28094862,0
70,Fri,10,Jun,2005,6,7,32,37,47,1,7,21734699,0
69,Fri,3,Jun,2005,3,8,11,17,50,1,5,15902687,0
68,Fri,27,May,2005,2,24,31,48,50,4,9,10402500,0
67,Fri,20,May,2005,6,7,13,28,47,5,8,29611179,0
66,Fri,13,May,2005,12,17,31,32,40,2,9,22628469,0
65,Fri,6,May,2005,7,12,21,26,44,6,8,15917412,0
64,Fri,29,Apr,2005,3,9,35,39,42,1,8,10155000,0
63,Fri,22,Apr,2005,3,10,13,24,47,5,9,8128286,0
62,Fri,15,Apr,2005,6,28,31,38,42,3,9,10278000,0
61,Fri,8,Apr,2005,7,11,25,31,50,1,3,43951166,0
60,Fri,1,Apr,2005,25,26,41,44,47,3,7,36934606,0
59,Fri,25,Mar,2005,4,29,33,37,38,6,9,31323139,0
58,Fri,18,Mar,2005,6,23,39,43,48,5,7,24623504,0
57,Fri,11,Mar,2005,8,12,23,40,43,1,4,18499838,0
56,Fri,4,Mar,2005,12,24,32,37,39,7,9,12348100,0
55,Fri,25,Feb,2005,3,27,30,43,44,4,8,6907000,0
54,Fri,18,Feb,2005,20,21,26,32,46,8,9,6903000,0
53,Fri,11,Feb,2005,11,13,25,32,50,4,7,23978705,0
52,Fri,4,Feb,2005,1,8,11,30,40,7,8,17823072,0
51,Fri,28,Jan,2005,7,21,26,43,45,5,7,12275202,0
50,Fri,21,Jan,2005,10,12,14,24,26,5,8,6970000,0
49,Fri,14,Jan,2005,6,11,14,19,29,1,3,9148089,0
48,Fri,7,Jan,2005,3,23,27,47,50,2,3,12408063,0
47,Fri,31,Dec,2004,7,8,24,25,47,8,9,7074000,0
46,Fri,24,Dec,2004,3,4,27,29,37,5,6,7037000,0
45,Fri,17,Dec,2004,15,19,22,46,49,2,9,17973434,0
44,Fri,10,Dec,2004,1,3,13,16,43,2,7,12388642,0
43,Fri,3,Dec,2004,1,11,15,42,49,3,4,6945000,0
42,Fri,26,Nov,2004,1,4,24,34,36,6,8,30738943,0
41,Fri,19,Nov,2004,1,18,29,34,37,2,6,23523322,0
40,Fri,12,Nov,2004,4,11,12,13,32,3,9,17364782,0
39,Fri,5,Nov,2004,6,19,25,42,49,1,7,12066841,0
38,Fri,29,Oct,2004,1,8,32,35,38,4,9,6967000,0
37,Fri,22,Oct,2004,1,9,23,25,40,3,9,17398554,0
36,Fri,15,Oct,2004,14,21,22,37,43,5,8,11885938,0
35,Fri,8,Oct,2004,1,10,12,16,48,2,6,6950000,0
34,Fri,1,Oct,2004,12,20,21,45,48,5,6,20656084,0
33,Fri,24,Sep,2004,21,26,27,44,48,1,7,17853153,0
32,Fri,17,Sep,2004,15,18,29,39,41,5,8,15652287,0
31,Fri,10,Sep,2004,5,25,33,36,38,2,5,13705824,0
30,Fri,3,Sep,2004,8,12,14,15,34,6,7,11745718,0
29,Fri,27,Aug,2004,1,11,22,28,44,1,9,9880576,0
28,Fri,20,Aug,2004,6,9,10,27,35,6,8,8372421,0
27,Fri,13,Aug,2004,20,27,41,43,50,5,8,6740000,0
26,Fri,6,Aug,2004,5,15,24,35,44,5,6,16568021,0
25,Fri,30,Jul,2004,9,10,19,37,50,1,6,14603161,0
24,Fri,23,Jul,2004,7,10,27,31,34,3,8,12787495,0
23,Fri,16,Jul,2004,24,26,31,38,50,5,8,11275186,0
22,Fri,9,Jul,2004,2,5,12,19,44,8,9,9720341,0
21,Fri,2,Jul,2004,4,23,24,28,34,1,3,8214347,0
20,Fri,25,Jun,2004,3,21,30,34,35,1,2,6685000,0
19,Fri,18,Jun,2004,2,23,28,40,43,2,6,8140055,0
18,Fri,11,Jun,2004,2,7,8,10,47,1,7,6580000,0
17,Fri,4,Jun,2004,9,13,34,41,42,3,7,8735476,0
16,Fri,28,May,2004,6,11,35,41,44,5,6,6712000,0
15,Fri,21,May,2004,15,29,37,39,49,4,9,6712000,0
14,Fri,14,May,2004,1,3,21,32,39,2,6,22849563,0
13,Fri,7,May,2004,15,16,21,36,38,1,5,19983000,0
12,Fri,30,Apr,2004,5,6,16,23,27,6,7,16887500,0
11,Fri,23,Apr,2004,6,10,21,45,49,3,5,13390000,0
10,Fri,16,Apr,2004,14,15,28,35,40,1,3,10027500,0
9,Fri,9,Apr,2004,1,4,10,19,23,2,8,16752145,1
8,Fri,2,Apr,2004,4,12,24,27,36,2,9,15183435,0
7,Fri,26,Mar,2004,3,4,10,23,43,2,4,13451480,0
6,Fri,19,Mar,2004,33,36,37,42,45,4,9,11696661,0
5,Fri,12,Mar,2004,15,24,28,44,47,4,5,10171500,0
4,Fri,5,Mar,2004,4,7,33,37,39,1,5,13870849,0
3,Fri,27,Feb,2004,14,18,19,31,37,4,5,11880304,0
2,Fri,20,Feb,2004,7,13,39,47,50,2,5,10111500,0
1,Fri,13,Feb,2004,16,29,32,36,41,7,9,10143000,0
