DrawDate,Day,DD,MMM,YYYY,N1,N2,N3,N4,N5,N6,BN,Jackpot,Wins,Raffle
2026-08-15,Sat,15,Aug,2026,6,14,36,43,44,46,20,2000000,0,2026
2026-08-12,Wed,12,Aug,2026,2,7,11,13,17,33,1,3369310,1,2026
2026-08-08,Sat,8,Aug,2026,21,22,32,41,46,47,11,3070565,0,2026
2026-08-05,Wed,5,Aug,2026,3,18,23,29,35,41,36,2677140,0,2026
2026-08-01,Sat,1,Aug,2026,10,11,15,35,42,47,26,2390891,0,2026
2026-07-29,Wed,29,Jul,2026,1,3,17,30,37,44,47,2000000,0,2026
2026-07-25,Sat,25,Jul,2026,23,24,25,42,43,46,37,8221849,1,2026
2026-07-22,Wed,22,Jul,2026,10,15,25,31,37,45,13,7767134,0,2026
2026-07-18,Sat,18,Jul,2026,26,30,31,37,45,47,7,7425669,0,2026
2026-07-15,Wed,15,Jul,2026,11,22,23,33,40,46,12,6992759,0,2026
2026-07-11,Sat,11,Jul,2026,10,24,27,32,37,43,28,6660874,0,2026
2026-07-08,Wed,8,Jul,2026,12,24,27,31,38,46,22,6243856,0,2026
2026-07-04,Sat,4,Jul,2026,6,17,18,27,38,42,39,5915657,0,2026
2026-07-01,Wed,1,Jul,2026,22,27,31,33,36,38,12,5497742,0,2026
2026-06-27,Sat,27,Jun,2026,12,27,29,38,43,46,25,5181046,0,2026
2026-06-24,Wed,24,Jun,2026,12,19,25,36,38,39,43,4771077,0,2026
2026-06-20,Sat,20,Jun,2026,16,19,21,25,35,47,46,4465633,0,2026
2026-06-17,Wed,17,Jun,2026,20,21,24,29,44,45,28,4060235,0,2026
2026-06-13,Sat,13,Jun,2026,1,16,17,26,27,35,24,3761162,0,2026
2026-06-10,Wed,10,Jun,2026,2,11,14,22,42,47,29,3365989,0,2026
2026-06-06,Sat,6,Jun,2026,18,26,30,37,38,44,35,3067628,0,2026
2026-06-03,Wed,3,Jun,2026,7,8,14,37,41,44,30,2675319,0,2026
2026-05-30,Sat,30,May,2026,3,15,21,24,29,42,2,2395387,0,2026
2026-05-27,Wed,27,May,2026,1,29,32,39,40,44,11,2000000,0,2026
2026-05-23,Sat,23,May,2026,8,12,24,25,33,45,41,3731996,1,2026
2026-05-20,Wed,20,May,2026,3,12,16,23,30,32,22,3341747,0,2026
2026-05-16,Sat,16,May,2026,5,11,29,31,41,42,7,3050302,0,2026
2026-05-13,Wed,13,May,2026,16,20,25,29,37,45,13,2666279,0,2026
2026-05-09,Sat,9,May,2026,3,16,17,21,31,40,22,2381840,0,2026
2026-05-06,Wed,6,May,2026,9,11,19,22,24,36,18,2000000,0,2026
2026-05-02,Sat,2,May,2026,1,7,27,28,34,42,26,8726418,1,2026
2026-04-29,Wed,29,Apr,2026,6,9,10,16,18,42,36,8261074,0,2026
2026-04-25,Sat,25,Apr,2026,3,7,33,34,43,44,37,7907647,0,2026
2026-04-22,Wed,22,Apr,2026,5,7,10,11,16,46,37,7463870,0,2026
2026-04-18,Sat,18,Apr,2026,5,6,11,18,40,45,24,7120443,0,2026
2026-04-15,Wed,15,Apr,2026,16,25,32,41,46,47,44,6674360,0,2026
2026-04-11,Sat,11,Apr,2026,8,19,23,24,26,31,21,6342381,0,2026
2026-04-08,Wed,8,Apr,2026,1,6,20,31,33,37,32,5926078,0,2026
2026-04-04,Sat,4,Apr,2026,1,7,14,31,35,39,20,5612600,0,2026
2026-04-01,Wed,1,Apr,2026,8,16,26,32,40,45,39,5170829,0,2026
2026-03-28,Sat,28,Mar,2026,12,16,19,25,43,46,11,4850274,0,2026
2026-03-25,Wed,25,Mar,2026,4,6,8,19,22,27,5,4428509,0,2026
2026-03-21,Sat,21,Mar,2026,1,5,15,17,23,45,40,4121350,0,2026
2026-03-18,Wed,18,Mar,2026,16,20,30,39,46,47,43,3711847,0,2026
2026-03-14,Sat,14,Mar,2026,3,5,31,37,42,46,17,3418570,0,2026
2026-03-11,Wed,11,Mar,2026,5,10,11,17,40,41,14,2987349,0,2026
2026-03-07,Sat,7,Mar,2026,14,24,33,34,37,43,15,2693222,0,2026
2026-03-04,Wed,4,Mar,2026,5,8,11,25,27,37,2,2293415,0,2026
2026-02-28,Sat,28,Feb,2026,12,14,21,24,32,38,20,2000000,0,2026
2026-02-25,Wed,25,Feb,2026,19,20,22,25,28,43,1,11101286,1,2026
2026-02-21,Sat,21,Feb,2026,7,32,35,41,44,45,31,10690336,0,2026
2026-02-18,Wed,18,Feb,2026,3,10,20,31,34,43,42,10178177,0,2026
2026-02-14,Sat,14,Feb,2026,9,15,32,34,40,41,4,9781229,0,2026
2026-02-11,Wed,11,Feb,2026,3,16,24,31,32,47,36,9263785,0,2026
2026-02-07,Sat,7,Feb,2026,4,5,19,21,32,35,39,8879233,0,2026
2026-02-04,Wed,4,Feb,2026,9,16,30,34,36,45,46,8397533,0,2026
2026-01-31,Sat,31,Jan,2026,1,4,23,29,46,47,13,8034553,0,2026
2026-01-28,Wed,28,Jan,2026,8,9,14,26,30,31,42,7554068,0,2026
2026-01-24,Sat,24,Jan,2026,12,13,18,19,31,46,36,7202013,0,2026
2026-01-21,Wed,21,Jan,2026,6,10,11,18,37,44,22,6739770,0,2026
2026-01-17,Sat,17,Jan,2026,30,34,36,38,40,45,13,6403758,0,2026
2026-01-14,Wed,14,Jan,2026,14,23,33,38,41,43,12,5964214,0,2026
2026-01-10,Sat,10,Jan,2026,5,10,24,30,36,40,42,5637126,0,2026
2026-01-07,Wed,7,Jan,2026,12,16,22,35,39,44,36,5215316,0,2026
2026-01-03,Sat,3,Jan,2026,3,9,11,13,26,35,31,4903396,0,2026
2025-12-31,Wed,31,Dec,2025,7,15,16,24,37,40,26,4524746,0,2025
2025-12-27,Sat,27,Dec,2025,11,19,20,34,36,42,32,4152423,0,2025
2025-12-24,Wed,24,Dec,2025,3,15,22,33,35,38,41,3836270,0,2025
2025-12-20,Sat,20,Dec,2025,3,15,18,20,27,43,30,3401640,0,2025
2025-12-17,Wed,17,Dec,2025,5,24,25,27,35,47,17,2966917,0,2025
2025-12-13,Sat,13,Dec,2025,16,19,25,41,46,47,40,2666229,0,2025
2025-12-10,Wed,10,Dec,2025,5,14,24,29,37,39,13,2282354,0,2025
2025-12-06,Sat,6,Dec,2025,10,15,16,25,27,41,42,2000000,0,2025
2025-12-03,Wed,3,Dec,2025,4,21,23,27,34,38,37,6241505,1,2025
2025-11-29,Sat,29,Nov,2025,12,18,29,30,36,47,43,5917921,0,2025
2025-11-26,Wed,26,Nov,2025,11,12,24,29,33,34,9,5498810,0,2025
2025-11-22,Sat,22,Nov,2025,2,13,29,32,35,44,45,5187053,0,2025
2025-11-19,Wed,19,Nov,2025,20,26,32,36,45,47,6,4773971,0,2025
2025-11-15,Sat,15,Nov,2025,2,5,12,24,25,44,46,4469997,0,2025
2025-11-12,Wed,12,Nov,2025,13,14,30,36,37,41,46,4061279,0,2025
2025-11-08,Sat,8,Nov,2025,9,15,20,27,31,39,35,3765282,0,2025
2025-11-05,Wed,5,Nov,2025,1,12,17,28,32,45,46,3359927,0,2025
2025-11-01,Sat,1,Nov,2025,11,12,13,22,26,32,8,3063026,0,2025
2025-10-29,Wed,29,Oct,2025,4,15,19,21,39,45,44,2672137,0,2025
2025-10-25,Sat,25,Oct,2025,3,21,35,36,42,43,1,2390585,0,2025
2025-10-22,Wed,22,Oct,2025,8,16,26,28,34,41,42,2000000,0,2025
2025-10-18,Sat,18,Oct,2025,6,13,14,27,35,44,47,7129505,1,2025
2025-10-15,Wed,15,Oct,2025,16,23,35,43,45,46,17,6690220,0,2025
2025-10-11,Sat,11,Oct,2025,6,13,16,27,28,36,15,6361203,0,2025
2025-10-08,Wed,8,Oct,2025,6,12,20,25,37,44,46,5926617,0,2025
2025-10-04,Sat,4,Oct,2025,5,21,22,39,40,43,12,5603789,0,2025
2025-10-01,Wed,1,Oct,2025,6,11,12,19,28,42,13,5184310,0,2025
2025-09-27,Sat,27,Sep,2025,1,12,22,24,40,41,32,4859195,0,2025
2025-09-24,Wed,24,Sep,2025,1,9,14,27,30,44,18,4435650,0,2025
2025-09-20,Sat,20,Sep,2025,3,7,19,33,40,45,20,4127622,0,2025
2025-09-17,Wed,17,Sep,2025,5,8,13,19,39,46,2,3719304,0,2025
2025-09-13,Sat,13,Sep,2025,1,10,29,30,32,39,42,3418257,0,2025
2025-09-10,Wed,10,Sep,2025,5,16,21,40,42,45,29,3013583,0,2025
2025-09-06,Sat,6,Sep,2025,1,4,37,38,40,43,16,2716556,0,2025
2025-09-03,Wed,3,Sep,2025,5,7,27,30,40,46,16,2296222,0,2025
2025-08-30,Sat,30,Aug,2025,1,2,25,36,37,45,9,2000000,0,2025
2025-08-27,Wed,27,Aug,2025,2,6,20,22,26,39,5,17008295,1,2025
2025-08-23,Sat,23,Aug,2025,2,5,7,8,29,39,11,16563366,0,2025
2025-08-20,Wed,20,Aug,2025,7,9,12,17,21,29,38,16010614,0,2025
2025-08-16,Sat,16,Aug,2025,11,18,19,26,32,36,7,15584106,0,2025
2025-08-13,Wed,13,Aug,2025,12,21,25,40,44,47,29,15050707,0,2025
2025-08-09,Sat,9,Aug,2025,4,6,11,39,41,46,10,14633575,0,2025
2025-08-06,Wed,6,Aug,2025,11,12,21,33,43,47,31,14111283,0,2025
2025-08-02,Sat,2,Aug,2025,2,3,6,9,24,39,34,13704859,0,2025
2025-07-30,Wed,30,Jul,2025,4,24,26,31,39,40,44,13185721,0,2025
2025-07-26,Sat,26,Jul,2025,12,19,24,32,35,36,22,12781699,0,2025
2025-07-23,Wed,23,Jul,2025,2,5,26,34,37,41,45,12268472,0,2025
2025-07-19,Sat,19,Jul,2025,3,5,6,23,41,42,12,11861665,0,2025
2025-07-16,Wed,16,Jul,2025,13,16,18,22,29,39,41,11351777,0,2025
2025-07-12,Sat,12,Jul,2025,19,23,28,29,42,46,37,10951217,0,2025
2025-07-09,Wed,9,Jul,2025,4,10,15,17,18,22,23,10467084,0,2025
2025-07-05,Sat,5,Jul,2025,1,17,24,30,33,44,10,10070226,0,2025
2025-07-02,Wed,2,Jul,2025,10,24,25,33,42,47,32,9539645,0,2025
2025-06-28,Sat,28,Jun,2025,7,13,18,19,40,43,5,9155242,0,2025
2025-06-25,Wed,25,Jun,2025,1,5,14,21,38,46,6,8655478,0,2025
2025-06-21,Sat,21,Jun,2025,15,19,24,31,34,42,30,8267128,0,2025
2025-06-18,Wed,18,Jun,2025,6,23,30,32,39,42,1,7791482,0,2025
2025-06-14,Sat,14,Jun,2025,20,32,33,44,46,47,42,7420497,0,2025
2025-06-11,Wed,11,Jun,2025,4,23,28,30,32,33,14,6948223,0,2025
2025-06-07,Sat,7,Jun,2025,5,7,22,23,36,47,19,6594226,0,2025
2025-06-04,Wed,4,Jun,2025,4,6,24,27,39,45,11,6147705,0,2025
2025-05-31,Sat,31,May,2025,3,10,13,38,40,47,8,5817226,0,2025
2025-05-28,Wed,28,May,2025,6,8,11,21,40,41,17,5386328,0,2025
2025-05-24,Sat,24,May,2025,9,11,12,23,42,43,20,5071607,0,2025
2025-05-21,Wed,21,May,2025,3,7,13,29,37,40,1,4664088,0,2025
2025-05-17,Sat,17,May,2025,8,33,34,36,40,47,45,4367121,0,2025
2025-05-14,Wed,14,May,2025,12,13,17,20,22,31,6,3976241,0,2025
2025-05-10,Sat,10,May,2025,2,9,24,30,38,40,34,3687987,0,2025
2025-05-07,Wed,7,May,2025,1,5,8,13,14,47,24,3307175,0,2025
2025-05-03,Sat,3,May,2025,11,12,28,35,45,46,31,3028627,0,2025
2025-04-30,Wed,30,Apr,2025,11,16,23,34,39,47,14,2648684,0,2025
2025-04-26,Sat,26,Apr,2025,11,14,21,25,29,39,33,2375523,0,2025
2025-04-23,Wed,23,Apr,2025,8,19,31,32,33,43,40,2000000,0,2025
2025-04-19,Sat,19,Apr,2025,6,18,25,26,36,43,44,4038682,1,2025
2025-04-16,Wed,16,Apr,2025,10,16,19,21,42,45,25,3625417,0,2025
2025-04-12,Sat,12,Apr,2025,8,14,19,26,28,32,43,3336453,0,2025
2025-04-09,Wed,9,Apr,2025,13,21,27,42,43,47,6,2948415,0,2025
2025-04-05,Sat,5,Apr,2025,8,14,18,28,38,40,42,2671887,0,2025
2025-04-02,Wed,2,Apr,2025,4,14,19,20,22,25,11,2278558,0,2025
2025-03-29,Sat,29,Mar,2025,14,24,30,34,42,45,19,2000000,0,2025
2025-03-26,Wed,26,Mar,2025,3,8,18,20,30,43,46,4005581,1,2025
2025-03-22,Sat,22,Mar,2025,14,20,26,30,31,40,37,3706695,0,2025
2025-03-19,Wed,19,Mar,2025,6,12,21,31,32,47,15,3308679,0,2025
2025-03-15,Sat,15,Mar,2025,3,13,22,24,25,31,42,3033214,0,2025
2025-03-12,Wed,12,Mar,2025,6,18,26,28,30,40,21,2648535,0,2025
2025-03-08,Sat,8,Mar,2025,18,28,29,30,36,38,1,2376507,0,2025
2025-03-05,Wed,5,Mar,2025,3,5,13,32,38,44,17,2000000,0,2025
2025-03-01,Sat,1,Mar,2025,2,6,7,10,28,32,19,2655366,1,2025
2025-02-26,Wed,26,Feb,2025,18,22,24,35,37,39,13,2273683,0,2025
2025-02-22,Sat,22,Feb,2025,8,28,29,34,44,45,43,2000000,0,2025
2025-02-19,Wed,19,Feb,2025,2,27,28,29,38,44,20,2274988,1,2025
2025-02-15,Sat,15,Feb,2025,8,15,23,27,28,32,11,2000000,0,2025
2025-02-12,Wed,12,Feb,2025,5,11,26,37,46,47,35,2935144,1,2025
2025-02-08,Sat,8,Feb,2025,4,5,11,30,42,47,3,2653591,0,2025
2025-02-05,Wed,5,Feb,2025,4,5,12,30,31,35,1,2272298,0,2025
2025-02-01,Sat,1,Feb,2025,24,26,30,35,36,40,16,2000000,0,2025
2025-01-29,Wed,29,Jan,2025,5,12,14,27,34,42,25,4642646,1,2025
2025-01-25,Sat,25,Jan,2025,2,20,26,29,32,41,38,4343625,0,2025
2025-01-22,Wed,22,Jan,2025,1,2,17,18,45,46,9,3973006,0,2025
2025-01-18,Sat,18,Jan,2025,14,25,30,38,39,42,22,3680421,0,2025
2025-01-15,Wed,15,Jan,2025,8,9,10,11,41,46,45,3283440,0,2025
2025-01-11,Sat,11,Jan,2025,10,12,15,25,45,46,20,3000446,0,2025
2025-01-08,Wed,8,Jan,2025,6,17,27,28,35,44,29,2624636,0,2025
2025-01-04,Sat,4,Jan,2025,5,10,13,36,37,46,39,2361859,0,2025
2025-01-01,Wed,1,Jan,2025,9,16,20,33,39,45,7,2000000,0,2025
2024-12-28,Sat,28,Dec,2024,2,4,5,10,16,17,23,5419866,1,2024
2024-12-25,Wed,25,Dec,2024,1,15,19,23,35,47,45,5074522,0,2024
2024-12-21,Sat,21,Dec,2024,1,14,16,20,33,41,22,4726328,0,2024
2024-12-18,Wed,18,Dec,2024,2,23,25,26,30,38,43,4278714,0,2024
2024-12-14,Sat,14,Dec,2024,5,17,22,33,41,46,14,3975548,0,2024
2024-12-11,Wed,11,Dec,2024,14,16,18,28,33,41,17,3585903,0,2024
2024-12-07,Sat,7,Dec,2024,1,6,8,31,37,43,38,3299220,0,2024
2024-12-04,Wed,4,Dec,2024,5,19,26,33,42,47,22,2929920,0,2024
2024-11-30,Sat,30,Nov,2024,4,7,20,24,25,44,45,2650665,0,2024
2024-11-27,Wed,27,Nov,2024,9,21,23,25,40,41,27,2274343,0,2024
2024-11-23,Sat,23,Nov,2024,5,9,25,36,37,40,33,2000000,0,2024
2024-11-20,Wed,20,Nov,2024,7,10,12,19,21,32,9,7028440,1,2024
2024-11-16,Sat,16,Nov,2024,1,10,13,14,22,28,7,6694608,0,2024
2024-11-13,Wed,13,Nov,2024,2,5,19,27,32,43,41,6247374,0,2024
2024-11-09,Sat,9,Nov,2024,11,12,17,31,43,45,20,5920020,0,2024
2024-11-06,Wed,6,Nov,2024,6,20,29,30,32,41,27,5481075,0,2024
2024-11-02,Sat,2,Nov,2024,14,18,31,32,36,38,44,5162745,0,2024
2024-10-30,Wed,30,Oct,2024,21,23,26,28,41,43,13,4736444,0,2024
2024-10-26,Sat,26,Oct,2024,3,28,31,32,41,45,9,4436519,0,2024
2024-10-23,Wed,23,Oct,2024,2,5,7,10,12,13,1,4023740,0,2024
2024-10-19,Sat,19,Oct,2024,11,16,23,24,40,44,19,3734371,0,2024
2024-10-16,Wed,16,Oct,2024,4,5,13,14,36,40,27,3335714,0,2024
2024-10-12,Sat,12,Oct,2024,6,18,29,31,45,47,25,3050252,0,2024
2024-10-09,Wed,9,Oct,2024,13,24,30,37,45,46,33,2665875,0,2024
2024-10-05,Sat,5,Oct,2024,16,22,36,39,41,45,35,2386150,0,2024
2024-10-02,Wed,2,Oct,2024,12,27,30,35,36,38,41,2000000,0,2024
2024-09-28,Sat,28,Sep,2024,4,6,13,27,29,32,47,1000000,2,2024
2024-09-25,Wed,25,Sep,2024,1,7,17,20,22,31,35,5501086,1,2024
2024-09-21,Sat,21,Sep,2024,4,15,29,38,41,46,32,5190300,0,2024
2024-09-18,Wed,18,Sep,2024,10,26,30,39,41,42,16,4768043,0,2024
2024-09-14,Sat,14,Sep,2024,12,13,20,33,37,42,23,4464135,0,2024
2024-09-11,Wed,11,Sep,2024,3,12,19,24,27,38,32,4050030,0,2024
2024-09-07,Sat,7,Sep,2024,9,17,27,39,41,43,22,3752670,0,2024
2024-09-04,Wed,4,Sep,2024,33,34,37,42,45,47,1,3351903,0,2024
2024-08-31,Sat,31,Aug,2024,5,14,15,29,38,43,17,3060603,0,2024
2024-08-28,Wed,28,Aug,2024,2,15,18,27,29,38,30,2670804,0,2024
2024-08-24,Sat,24,Aug,2024,7,20,28,42,43,45,2,2386589,0,2024
2024-08-21,Wed,21,Aug,2024,3,10,13,37,42,47,35,2000000,0,2024
2024-08-17,Sat,17,Aug,2024,8,9,14,30,42,47,16,6756855,1,2024
2024-08-14,Wed,14,Aug,2024,5,16,32,37,41,45,1,6323992,0,2024
2024-08-10,Sat,10,Aug,2024,3,8,13,26,27,35,38,5998642,0,2024
2024-08-07,Wed,7,Aug,2024,12,17,21,22,36,40,25,5571520,0,2024
2024-08-03,Sat,3,Aug,2024,13,19,24,37,38,42,15,5257299,0,2024
2024-07-31,Wed,31,Jul,2024,8,15,22,35,38,45,41,4830651,0,2024
2024-07-27,Sat,27,Jul,2024,9,19,28,35,37,43,15,4521253,0,2024
2024-07-24,Wed,24,Jul,2024,3,20,25,27,37,45,2,4107166,0,2024
2024-07-20,Sat,20,Jul,2024,1,8,10,14,35,39,4,3807975,0,2024
2024-07-17,Wed,17,Jul,2024,6,8,12,17,19,38,45,3398739,0,2024
2024-07-13,Sat,13,Jul,2024,10,18,19,28,29,36,12,3104294,0,2024
2024-07-10,Wed,10,Jul,2024,2,9,14,20,23,40,38,2711503,0,2024
2024-07-06,Sat,6,Jul,2024,19,21,24,26,28,32,27,2421211,0,2024
2024-07-03,Wed,3,Jul,2024,8,19,28,32,34,44,30,2000000,0,2024
2024-06-29,Sat,29,Jun,2024,1,4,8,21,27,28,34,6788177,1,2024
2024-06-26,Wed,26,Jun,2024,3,9,12,18,42,46,35,6345853,0,2024
2024-06-22,Sat,22,Jun,2024,7,14,23,31,33,34,42,6016187,0,2024
2024-06-19,Wed,19,Jun,2024,13,22,26,28,32,33,9,5585877,0,2024
2024-06-15,Sat,15,Jun,2024,4,16,17,20,25,29,9,5262910,0,2024
2024-06-12,Wed,12,Jun,2024,4,19,30,32,35,43,22,4826018,0,2024
2024-06-08,Sat,8,Jun,2024,3,25,28,37,39,43,36,4516009,0,2024
2024-06-05,Wed,5,Jun,2024,8,12,13,16,21,35,10,4100364,0,2024
2024-06-01,Sat,1,Jun,2024,2,3,22,24,29,35,18,3801056,0,2024
2024-05-29,Wed,29,May,2024,12,25,35,38,39,45,34,3377681,0,2024
2024-05-25,Sat,25,May,2024,1,12,16,25,27,35,26,3079772,0,2024
2024-05-22,Wed,22,May,2024,1,13,19,20,26,33,43,2677876,0,2024
2024-05-18,Sat,18,May,2024,1,5,12,35,37,42,34,2389395,0,2024
2024-05-15,Wed,15,May,2024,8,11,27,35,39,44,15,2000000,0,2024
2024-05-11,Sat,11,May,2024,8,16,24,27,28,42,30,3796062,1,2024
2024-05-08,Wed,8,May,2024,4,15,28,42,44,47,17,3395688,0,2024
2024-05-04,Sat,4,May,2024,8,10,21,33,39,47,25,3104175,0,2024
2024-05-01,Wed,1,May,2024,7,8,11,22,37,42,38,2687596,0,2024
2024-04-27,Sat,27,Apr,2024,11,19,26,30,38,44,13,2395748,0,2024
2024-04-24,Wed,24,Apr,2024,2,4,13,16,19,32,41,2000000,0,2024
2024-04-20,Sat,20,Apr,2024,1,9,10,14,26,40,4,8970934,1,2024
2024-04-17,Wed,17,Apr,2024,7,11,25,34,42,44,10,8500774,0,2024
2024-04-13,Sat,13,Apr,2024,17,31,33,38,39,42,28,8143539,0,2024
2024-04-10,Wed,10,Apr,2024,4,5,6,14,32,34,35,7673931,0,2024
2024-04-06,Sat,6,Apr,2024,4,8,9,22,27,45,46,7323723,0,2024
2024-04-03,Wed,3,Apr,2024,1,4,5,6,13,17,38,6863669,0,2024
2024-03-30,Sat,30,Mar,2024,11,17,18,29,34,43,41,6530338,0,2024
2024-03-27,Wed,27,Mar,2024,2,8,17,22,26,29,6,6015967,0,2024
2024-03-23,Sat,23,Mar,2024,13,14,19,24,30,40,7,5688840,0,2024
2024-03-20,Wed,20,Mar,2024,1,13,17,20,26,41,37,5249016,0,2024
2024-03-16,Sat,16,Mar,2024,10,12,22,29,30,41,15,4935700,0,2024
2024-03-13,Wed,13,Mar,2024,2,9,23,25,28,34,35,4496070,0,2024
2024-03-09,Sat,9,Mar,2024,7,13,31,40,43,46,1,4183808,0,2024
2024-03-06,Wed,6,Mar,2024,3,7,10,13,17,38,46,3746227,0,2024
2024-03-02,Sat,2,Mar,2024,2,5,7,24,38,45,44,3436029,0,2024
2024-02-28,Wed,28,Feb,2024,6,7,16,26,38,44,10,3012849,0,2024
2024-02-24,Sat,24,Feb,2024,10,17,24,27,38,46,21,2710963,0,2024
2024-02-21,Wed,21,Feb,2024,15,19,25,26,46,47,35,2296630,0,2024
2024-02-17,Sat,17,Feb,2024,4,31,35,39,41,44,36,2000000,0,2024
2024-02-14,Wed,14,Feb,2024,1,5,10,15,44,47,45,3523021,1,2024
2024-02-10,Sat,10,Feb,2024,4,16,22,28,39,44,33,3191981,0,2024
2024-02-07,Wed,7,Feb,2024,11,22,24,27,30,35,3,2764268,0,2024
2024-02-03,Sat,3,Feb,2024,2,12,20,24,36,45,23,2461070,0,2024
2024-01-31,Wed,31,Jan,2024,10,14,21,28,42,46,2,2000000,0,2024
2024-01-27,Sat,27,Jan,2024,3,8,10,24,32,41,30,14674966,1,2024
2024-01-24,Wed,24,Jan,2024,2,3,22,38,39,42,43,14058977,0,2024
2024-01-20,Sat,20,Jan,2024,12,13,19,30,34,37,11,13607503,0,2024
2024-01-17,Wed,17,Jan,2024,3,4,12,13,25,29,17,13022596,0,2024
2024-01-13,Sat,13,Jan,2024,2,15,23,36,38,40,46,12580851,0,2024
2024-01-10,Wed,10,Jan,2024,2,8,12,26,44,45,24,12015337,0,2024
