DrawDate,Match 6 Prize,Match 6 Winners,Match 6 Total,Match 5 plus Bonus Prize,Match 5 plus Bonus Winners,Match 5 plus Bonus Total,Match 5 Prize,Match 5 Winners,Match 5 Total,Match 4 plus Bonus Prize,Match 4 plus Bonus Winners,Match 4 plus Bonus Total,Match 4 Prize,Match 4 Winners,Match 4 Total,Match 3 plus Bonus Prize,Match 3 plus Bonus Winners,Match 3 plus Bonus Total,Match 3 Prize,Match 3 Winners,Match 3 Total,Match 2 plus Bonus Prize,Match 2 plus Bonus Winners,Match 2 plus Bonus Total
2026-08-22,250000,0,0,2500,2,5000,250,24,6000,25,37,925,10,808,8080,5,856,4280,3,13117,39351,2,8598,17196
2026-08-19,250000,0,0,2500,2,5000,250,11,2750,25,40,1000,10,578,5780,5,791,3955,3,9756,29268,2,7716,15432
2026-08-15,250000,0,0,2500,0,0,250,15,3750,25,30,750,10,710,7100,5,880,4400,3,12711,38133,2,8965,17930
2026-08-12,250000,0,0,2500,0,0,250,6,1500,25,25,625,10,518,5180,5,660,3300,3,9184,27552,2,7208,14416
2026-08-08,250000,0,0,2500,0,0,250,23,5750,25,34,850,10,742,7420,5,1080,5400,3,13364,40092,2,10268,20536
2026-08-05,250000,0,0,2500,1,2500,250,18,4500,25,47,1175,10,818,8180,5,1281,6405,3,12160,36480,2,9510,19020
2026-08-01,250000,0,0,2500,0,0,250,17,4250,25,54,1350,10,853,8530,5,1181,5905,3,14035,42105,2,11156,22312
2026-07-29,250000,0,0,2500,1,2500,250,12,3000,25,19,475,10,651,6510,5,686,3430,3,11422,34266,2,6277,12554
2026-07-25,250000,0,0,2500,1,2500,250,19,4750,25,44,1100,10,909,9090,5,1337,6685,3,16126,48378,2,12700,25400
2026-07-22,250000,0,0,2500,0,0,250,11,2750,25,31,775,10,596,5960,5,741,3705,3,10246,30738,2,7642,15284
2026-07-18,250000,0,0,2500,0,0,250,12,3000,25,38,950,10,799,7990,5,1086,5430,3,14334,43002,2,11135,22270
2026-07-15,250000,0,0,2500,0,0,250,18,4500,25,29,725,10,819,8190,5,708,3540,3,12730,38190,2,7020,14040
2026-07-11,250000,0,0,2500,0,0,250,19,4750,25,64,1600,10,1001,10010,5,1466,7330,3,16925,50775,2,12715,25430
2026-07-08,250000,0,0,2500,0,0,250,10,2500,25,24,600,10,533,5330,5,738,3690,3,9526,28578,2,6892,13784
2026-07-04,250000,0,0,2500,0,0,250,17,4250,25,34,850,10,865,8650,5,1197,5985,3,14490,43470,2,11290,22580
2026-07-01,250000,0,0,2500,0,0,250,15,3750,25,37,925,10,689,6890,5,787,3935,3,12234,36702,2,7324,14648
2026-06-27,250000,0,0,2500,1,2500,250,15,3750,25,49,1225,10,821,8210,5,1155,5775,3,14907,44721,2,11181,22362
2026-06-24,250000,1,250000,2500,0,0,250,14,3500,25,32,800,10,649,6490,5,760,3800,3,11690,35070,2,7026,14052
2026-06-20,250000,0,0,2500,0,0,250,12,3000,25,43,1075,10,715,7150,5,950,4750,3,13132,39396,2,9927,19854
2026-06-17,250000,0,0,2500,1,2500,250,14,3500,25,37,925,10,676,6760,5,1036,5180,3,10904,32712,2,9438,18876
2026-06-13,250000,0,0,2500,0,0,250,12,3000,25,30,750,10,758,7580,5,1025,5125,3,14149,42447,2,10042,20084
2026-06-10,250000,0,0,2500,0,0,250,18,4500,25,32,800,10,617,6170,5,750,3750,3,10958,32874,2,6979,13958
2026-06-06,250000,1,250000,2500,0,0,250,19,4750,25,37,925,10,812,8120,5,998,4990,3,14446,43338,2,9749,19498
2026-06-03,250000,0,0,2500,0,0,250,11,2750,25,22,550,10,614,6140,5,734,3670,3,10426,31278,2,7448,14896
2026-05-30,250000,0,0,2500,0,0,250,14,3500,25,37,925,10,775,7750,5,972,4860,3,13686,41058,2,9198,18396
2026-05-27,250000,0,0,2500,1,2500,250,24,6000,25,54,1350,10,902,9020,5,1102,5510,3,12986,38958,2,8735,17470
2026-05-23,250000,0,0,2500,0,0,250,10,2500,25,41,1025,10,632,6320,5,897,4485,3,11497,34491,2,8991,17982
2026-05-20,250000,0,0,2500,0,0,250,17,4250,25,22,550,10,517,5170,5,809,4045,3,9115,27345,2,8402,16804
2026-05-16,250000,0,0,2500,0,0,250,17,4250,25,38,950,10,670,6700,5,1027,5135,3,12246,36738,2,10854,21708
2026-05-13,250000,0,0,2500,2,5000,250,13,3250,25,33,825,10,581,5810,5,1024,5120,3,10517,31551,2,9582,19164
2026-05-09,250000,0,0,2500,0,0,250,11,2750,25,38,950,10,830,8300,5,988,4940,3,14357,43071,2,9433,18866
2026-05-06,250000,0,0,2500,1,2500,250,7,1750,25,31,775,10,459,4590,5,670,3350,3,8458,25374,2,7296,14592
2026-05-02,250000,0,0,2500,2,5000,250,21,5250,25,75,1875,10,1069,10690,5,1784,8920,3,18711,56133,2,15319,30638
2026-04-29,250000,0,0,2500,0,0,250,11,2750,25,57,1425,10,804,8040,5,1227,6135,3,13368,40104,2,10688,21376
2026-04-25,250000,0,0,2500,1,2500,250,17,4250,25,49,1225,10,811,8110,5,1246,6230,3,13952,41856,2,11893,23786
2026-04-22,250000,1,250000,2500,0,0,250,23,5750,25,46,1150,10,967,9670,5,1102,5510,3,14739,44217,2,10400,20800
2026-04-18,250000,0,0,2500,0,0,250,16,4000,25,67,1675,10,796,7960,5,1140,5700,3,13655,40965,2,10218,20436
2026-04-15,250000,0,0,2500,0,0,250,15,3750,25,50,1250,10,663,6630,5,939,4695,3,12832,38496,2,8891,17782
2026-04-11,250000,0,0,2500,0,0,250,11,2750,25,37,925,10,800,8000,5,918,4590,3,13680,41040,2,9813,19626
2026-04-08,250000,0,0,2500,0,0,250,6,1500,25,31,775,10,659,6590,5,859,4295,3,11228,33684,2,8425,16850
2026-04-04,250000,0,0,2500,0,0,250,15,3750,25,42,1050,10,810,8100,5,1120,5600,3,14214,42642,2,12074,24148
2026-04-01,250000,0,0,2500,0,0,250,10,2500,25,45,1125,10,664,6640,5,1076,5380,3,11090,33270,2,10806,21612
2026-03-28,250000,0,0,2500,0,0,250,15,3750,25,45,1125,10,803,8030,5,1103,5515,3,13497,40491,2,11159,22318
2026-03-25,250000,0,0,2500,0,0,250,16,4000,25,31,775,10,503,5030,5,734,3670,3,9143,27429,2,7841,15682
2026-03-21,250000,0,0,2500,1,2500,250,22,5500,25,39,975,10,1092,10920,5,1023,5115,3,16395,49185,2,9555,19110
2026-03-18,250000,0,0,2500,0,0,250,7,1750,25,27,675,10,605,6050,5,677,3385,3,11044,33132,2,6856,13712
2026-03-14,250000,0,0,2500,0,0,250,18,4500,25,53,1325,10,731,7310,5,1342,6710,3,13653,40959,2,13287,26574
2026-03-11,250000,1,250000,2500,1,2500,250,8,2000,25,21,525,10,638,6380,5,870,4350,3,10529,31587,2,8696,17392
2026-03-07,250000,0,0,2500,0,0,250,19,4750,25,34,850,10,760,7600,5,942,4710,3,13192,39576,2,9261,18522
2026-03-04,250000,0,0,2500,0,0,250,4,1000,25,41,1025,10,488,4880,5,658,3290,3,8601,25803,2,7144,14288
2026-02-28,250000,0,0,2500,2,5000,250,18,4500,25,53,1325,10,875,8750,5,1450,7250,3,14941,44823,2,13226,26452
2026-02-25,250000,0,0,2500,0,0,250,10,2500,25,41,1025,10,700,7000,5,915,4575,3,12342,37026,2,9009,18018
2026-02-21,250000,0,0,2500,0,0,250,14,3500,25,39,975,10,909,9090,5,1352,6760,3,16868,50604,2,13258,26516
2026-02-18,250000,0,0,2500,0,0,250,25,6250,25,42,1050,10,1042,10420,5,1007,5035,3,17212,51636,2,9645,19290
2026-02-14,250000,0,0,2500,1,2500,250,18,4500,25,62,1550,10,980,9800,5,1300,6500,3,15959,47877,2,13011,26022
2026-02-11,250000,1,250000,2500,1,2500,250,15,3750,25,42,1050,10,661,6610,5,961,4805,3,11531,34593,2,10350,20700
2026-02-07,250000,0,0,2500,1,2500,250,31,7750,25,41,1025,10,1552,15520,5,1108,5540,3,21258,63774,2,10865,21730
2026-02-04,250000,0,0,2500,1,2500,250,17,4250,25,37,925,10,771,7710,5,990,4950,3,13089,39267,2,9898,19796
2026-01-31,250000,0,0,2500,3,7500,250,19,4750,25,55,1375,10,905,9050,5,1250,6250,3,15369,46107,2,12986,25972
2026-01-28,250000,0,0,2500,0,0,250,37,9250,25,54,1350,10,1294,12940,5,1258,6290,3,16708,50124,2,9900,19800
2026-01-24,250000,0,0,2500,0,0,250,17,4250,25,52,1300,10,849,8490,5,1206,6030,3,14954,44862,2,12014,24028
2026-01-21,250000,0,0,2500,1,2500,250,10,2500,25,23,575,10,577,5770,5,736,3680,3,10642,31926,2,7425,14850
2026-01-17,250000,0,0,2500,1,2500,250,18,4500,25,54,1350,10,1024,10240,5,1440,7200,3,17324,51972,2,13131,26262
2026-01-14,250000,0,0,2500,0,0,250,6,1500,25,25,625,10,591,5910,5,810,4050,3,9901,29703,2,9045,18090
2026-01-10,250000,0,0,2500,0,0,250,22,5500,25,53,1325,10,952,9520,5,1433,7165,3,15445,46335,2,12705,25410
2026-01-07,250000,0,0,2500,0,0,250,12,3000,25,38,950,10,693,6930,5,966,4830,3,10956,32868,2,9021,18042
2026-01-03,250000,0,0,2500,0,0,250,10,2500,25,43,1075,10,692,6920,5,915,4575,3,11638,34914,2,8685,17370
2025-12-31,250000,0,0,2500,0,0,250,18,4500,25,52,1300,10,771,7710,5,1163,5815,3,13661,40983,2,10869,21738
2025-12-27,250000,0,0,2500,1,2500,250,21,5250,25,24,600,10,771,7710,5,772,3860,3,12977,38931,2,7083,14166
2025-12-24,250000,0,0,2500,0,0,250,8,2000,25,44,1100,10,817,8170,5,1141,5705,3,14674,44022,2,11597,23194
2025-12-20,250000,0,0,2500,0,0,250,7,1750,25,40,1000,10,734,7340,5,1076,5380,3,13726,41178,2,11378,22756
2025-12-17,250000,0,0,2500,0,0,250,14,3500,25,22,550,10,560,5600,5,692,3460,3,9619,28857,2,6611,13222
2025-12-13,250000,0,0,2500,0,0,250,12,3000,25,45,1125,10,674,6740,5,955,4775,3,11563,34689,2,9541,19082
2025-12-10,250000,0,0,2500,1,2500,250,10,2500,25,23,575,10,447,4470,5,572,2860,3,8086,24258,2,6031,12062
2025-12-06,250000,0,0,2500,0,0,250,12,3000,25,27,675,10,808,8080,5,884,4420,3,13177,39531,2,8488,16976
2025-12-03,250000,0,0,2500,0,0,250,18,4500,25,31,775,10,922,9220,5,819,4095,3,13962,41886,2,7568,15136
2025-11-29,250000,0,0,2500,0,0,250,15,3750,25,26,650,10,657,6570,5,947,4735,3,12220,36660,2,9836,19672
2025-11-26,250000,0,0,2500,0,0,250,14,3500,25,31,775,10,849,8490,5,810,4050,3,14130,42390,2,7540,15080
2025-11-22,250000,0,0,2500,0,0,250,15,3750,25,34,850,10,810,8100,5,1193,5965,3,13537,40611,2,11219,22438
2025-11-19,250000,0,0,2500,0,0,250,12,3000,25,30,750,10,542,5420,5,705,3525,3,9664,28992,2,7709,15418
2025-11-15,250000,0,0,2500,2,5000,250,12,3000,25,32,800,10,762,7620,5,938,4690,3,13556,40668,2,8920,17840
2025-11-12,250000,0,0,2500,1,2500,250,10,2500,25,21,525,10,477,4770,5,622,3110,3,8766,26298,2,6097,12194
2025-11-08,250000,0,0,2500,1,2500,250,17,4250,25,26,650,10,656,6560,5,943,4715,3,12303,36909,2,9252,18504
2025-11-05,250000,0,0,2500,1,2500,250,18,4500,25,40,1000,10,937,9370,5,887,4435,3,13310,39930,2,7699,15398
2025-11-01,250000,0,0,2500,0,0,250,15,3750,25,33,825,10,694,6940,5,990,4950,3,12545,37635,2,10062,20124
2025-10-29,250000,0,0,2500,0,0,250,12,3000,25,19,475,10,974,9740,5,736,3680,3,14371,43113,2,6618,13236
2025-10-25,250000,0,0,2500,0,0,250,15,3750,25,38,950,10,686,6860,5,969,4845,3,12296,36888,2,10253,20506
2025-10-22,250000,0,0,2500,0,0,250,13,3250,25,22,550,10,455,4550,5,685,3425,3,8359,25077,2,7327,14654
2025-10-18,250000,0,0,2500,0,0,250,18,4500,25,47,1175,10,1162,11620,5,1153,5765,3,18430,55290,2,10364,20728
2025-10-15,250000,0,0,2500,1,2500,250,15,3750,25,42,1050,10,613,6130,5,798,3990,3,10934,32802,2,7310,14620
2025-10-11,250000,0,0,2500,0,0,250,20,5000,25,47,1175,10,941,9410,5,1374,6870,3,15434,46302,2,12996,25992
2025-10-08,250000,0,0,2500,0,0,250,12,3000,25,24,600,10,663,6630,5,749,3745,3,11817,35451,2,7428,14856
2025-10-04,250000,0,0,2500,0,0,250,16,4000,25,48,1200,10,878,8780,5,1184,5920,3,14879,44637,2,11930,23860
2025-10-01,250000,0,0,2500,0,0,250,23,5750,25,44,1100,10,831,8310,5,1105,5525,3,13695,41085,2,9485,18970
2025-09-27,250000,0,0,2500,0,0,250,15,3750,25,37,925,10,774,7740,5,1123,5615,3,14318,42954,2,11619,23238
2025-09-24,250000,0,0,2500,0,0,250,15,3750,25,42,1050,10,537,5370,5,750,3750,3,9957,29871,2,6701,13402
2025-09-20,250000,0,0,2500,0,0,250,33,8250,25,48,1200,10,1192,11920,5,1105,5525,3,17771,53313,2,10472,20944
2025-09-17,250000,0,0,2500,2,5000,250,23,5750,25,41,1025,10,933,9330,5,780,3900,3,13131,39393,2,6959,13918
2025-09-13,250000,0,0,2500,0,0,250,26,6500,25,68,1700,10,1224,12240,5,1461,7305,3,17540,52620,2,12479,24958
2025-09-10,250000,0,0,2500,0,0,250,9,2250,25,33,825,10,474,4740,5,754,3770,3,8842,26526,2,7811,15622
2025-09-06,250000,0,0,2500,0,0,250,15,3750,25,49,1225,10,764,7640,5,1136,5680,3,13398,40194,2,11239,22478
2025-09-03,250000,0,0,2500,0,0,250,8,2000,25,31,775,10,498,4980,5,822,4110,3,9426,28278,2,8659,17318
2025-08-30,250000,0,0,2500,0,0,250,15,3750,25,29,725,10,686,6860,5,908,4540,3,11980,35940,2,9256,18512
2025-08-27,250000,0,0,2500,0,0,250,24,6000,25,39,975,10,896,8960,5,1102,5510,3,15533,46599,2,10542,21084
2025-08-23,250000,0,0,2500,0,0,250,28,7000,25,88,2200,10,1340,13400,5,1934,9670,3,21628,64884,2,16468,32936
2025-08-20,250000,0,0,2500,0,0,250,16,4000,25,44,1100,10,859,8590,5,1125,5625,3,14585,43755,2,11558,23116
2025-08-16,250000,0,0,2500,0,0,250,27,6750,25,71,1775,10,1231,12310,5,1690,8450,3,20806,62418,2,15552,31104
2025-08-13,250000,0,0,2500,0,0,250,18,4500,25,39,975,10,805,8050,5,1176,5880,3,14283,42849,2,11579,23158
2025-08-09,250000,1,250000,2500,0,0,250,21,5250,25,48,1200,10,1187,11870,5,1373,6865,3,19902,59706,2,12921,25842
2025-08-06,250000,0,0,2500,1,2500,250,5,1250,25,44,1100,10,780,7800,5,1038,5190,3,13136,39408,2,9598,19196
2025-08-02,250000,0,0,2500,1,2500,250,22,5500,25,68,1700,10,1066,10660,5,1614,8070,3,18649,55947,2,15317,30634
2025-07-30,250000,0,0,2500,0,0,250,21,5250,25,70,1750,10,829,8290,5,1290,6450,3,14511,43533,2,11876,23752
2025-07-26,250000,0,0,2500,0,0,250,20,5000,25,61,1525,10,984,9840,5,1430,7150,3,17651,52953,2,13851,27702
2025-07-23,250000,0,0,2500,0,0,250,17,4250,25,48,1200,10,743,7430,5,1114,5570,3,13646,40938,2,10526,21052
2025-07-19,250000,0,0,2500,0,0,250,42,10500,25,42,1050,10,1729,17290,5,1307,6535,3,23966,71898,2,11857,23714
2025-07-16,250000,1,250000,2500,0,0,250,20,5000,25,45,1125,10,996,9960,5,879,4395,3,16928,50784,2,8695,17390
2025-07-12,250000,0,0,2500,1,2500,250,17,4250,25,45,1125,10,860,8600,5,1141,5705,3,15236,45708,2,11952,23904
2025-07-09,250000,0,0,2500,1,2500,250,8,2000,25,43,1075,10,754,7540,5,1078,5390,3,12682,38046,2,10634,21268
2025-07-05,250000,0,0,2500,1,2500,250,21,5250,25,44,1100,10,971,9710,5,1216,6080,3,15828,47484,2,12559,25118
2025-07-02,250000,0,0,2500,1,2500,250,29,7250,25,36,900,10,928,9280,5,945,4725,3,14228,42684,2,8665,17330
2025-06-28,250000,0,0,2500,0,0,250,18,4500,25,52,1300,10,1165,11650,5,1289,6445,3,19191,57573,2,11812,23624
2025-06-25,250000,0,0,2500,1,2500,250,21,5250,25,54,1350,10,804,8040,5,1225,6125,3,13784,41352,2,11158,22316
2025-06-21,250000,0,0,2500,0,0,250,20,5000,25,54,1350,10,1078,10780,5,1267,6335,3,17677,53031,2,11284,22568
2025-06-18,250000,0,0,2500,0,0,250,14,3500,25,30,750,10,704,7040,5,1177,5885,3,13039,39117,2,11392,22784
2025-06-14,250000,0,0,2500,0,0,250,24,6000,25,76,1900,10,1295,12950,5,1799,8995,3,20009,60027,2,14889,29778
2025-06-11,250000,0,0,2500,1,2500,250,23,5750,25,41,1025,10,806,8060,5,1126,5630,3,12546,37638,2,10144,20288
2025-06-07,250000,0,0,2500,0,0,250,11,2750,25,57,1425,10,805,8050,5,1324,6620,3,15620,46860,2,13024,26048
2025-06-04,250000,0,0,2500,1,2500,250,13,3250,25,35,875,10,668,6680,5,888,4440,3,12528,37584,2,7753,15506
2025-05-31,250000,0,0,2500,0,0,250,12,3000,25,37,925,10,893,8930,5,1270,6350,3,15267,45801,2,11725,23450
2025-05-28,250000,1,250000,2500,0,0,250,10,2500,25,32,800,10,536,5360,5,697,3485,3,9675,29025,2,7057,14114
2025-05-24,250000,0,0,2500,0,0,250,22,5500,25,36,900,10,749,7490,5,938,4690,3,13937,41811,2,9324,18648
2025-05-21,250000,0,0,2500,0,0,250,16,4000,25,34,850,10,549,5490,5,786,3930,3,9238,27714,2,8521,17042
2025-05-17,250000,0,0,2500,0,0,250,9,2250,25,31,775,10,644,6440,5,927,4635,3,11911,35733,2,9038,18076
2025-05-14,250000,1,250000,2500,1,2500,250,9,2250,25,16,400,10,466,4660,5,675,3375,3,8049,24147,2,7090,14180
2025-05-10,250000,0,0,2500,0,0,250,13,3250,25,45,1125,10,739,7390,5,1146,5730,3,13715,41145,2,10929,21858
2025-05-07,250000,0,0,2500,0,0,250,8,2000,25,22,550,10,499,4990,5,714,3570,3,8919,26757,2,6883,13766
2025-05-03,250000,0,0,2500,0,0,250,26,6500,25,82,2050,10,1140,11400,5,1650,8250,3,17104,51312,2,13470,26940
2025-04-30,250000,0,0,2500,0,0,250,9,2250,25,21,525,10,463,4630,5,694,3470,3,8365,25095,2,6641,13282
2025-04-26,250000,0,0,2500,0,0,250,17,4250,25,33,825,10,732,7320,5,824,4120,3,11799,35397,2,7995,15990
2025-04-23,250000,0,0,2500,0,0,250,21,5250,25,44,1100,10,839,8390,5,1110,5550,3,12497,37491,2,8372,16744
2025-04-19,250000,0,0,2500,0,0,250,18,4500,25,38,950,10,715,7150,5,1084,5420,3,12790,38370,2,11414,22828
2025-04-16,250000,1,250000,2500,0,0,250,9,2250,25,32,800,10,483,4830,5,651,3255,3,8157,24471,2,6495,12990
2025-04-12,250000,0,0,2500,0,0,250,14,3500,25,36,900,10,689,6890,5,905,4525,3,11844,35532,2,9289,18578
2025-04-09,250000,0,0,2500,0,0,250,8,2000,25,16,400,10,505,5050,5,645,3225,3,9597,28791,2,6071,12142
2025-04-05,250000,0,0,2500,1,2500,250,15,3750,25,39,975,10,864,8640,5,1191,5955,3,14611,43833,2,11307,22614
2025-04-02,250000,0,0,2500,0,0,250,18,4500,25,27,675,10,517,5170,5,695,3475,3,9839,29517,2,7169,14338
2025-03-29,250000,0,0,2500,0,0,250,19,4750,25,60,1500,10,1073,10730,5,1292,6460,3,15711,47133,2,11654,23308
2025-03-26,250000,0,0,2500,0,0,250,8,2000,25,30,750,10,548,5480,5,725,3625,3,9653,28959,2,7252,14504
2025-03-22,250000,0,0,2500,0,0,250,15,3750,25,50,1250,10,721,7210,5,1105,5525,3,12609,37827,2,11060,22120
2025-03-19,250000,0,0,2500,1,2500,250,13,3250,25,31,775,10,685,6850,5,679,3395,3,10804,32412,2,6435,12870
2025-03-15,250000,0,0,2500,1,2500,250,14,3500,25,45,1125,10,744,7440,5,901,4505,3,12517,37551,2,9045,18090
2025-03-12,250000,0,0,2500,1,2500,250,13,3250,25,22,550,10,549,5490,5,590,2950,3,9113,27339,2,5723,11446
2025-03-08,250000,0,0,2500,0,0,250,10,2500,25,33,825,10,734,7340,5,1109,5545,3,12897,38691,2,11198,22396
2025-03-05,250000,0,0,2500,0,0,250,14,3500,25,19,475,10,475,4750,5,564,2820,3,8193,24579,2,5764,11528
2025-03-01,250000,0,0,2500,0,0,250,13,3250,25,33,825,10,808,8080,5,1147,5735,3,13918,41754,2,10857,21714
2025-02-26,250000,0,0,2500,0,0,250,8,2000,25,23,575,10,542,5420,5,683,3415,3,9571,28713,2,6492,12984
2025-02-22,250000,0,0,2500,0,0,250,12,3000,25,47,1175,10,716,7160,5,1035,5175,3,11990,35970,2,10628,21256
2025-02-19,250000,0,0,2500,0,0,250,17,4250,25,34,850,10,825,8250,5,714,3570,3,12097,36291,2,6441,12882
2025-02-15,250000,0,0,2500,0,0,250,12,3000,25,25,625,10,592,5920,5,869,4345,3,11239,33717,2,8181,16362
2025-02-12,250000,0,0,2500,0,0,250,9,2250,25,22,550,10,467,4670,5,635,3175,3,8213,24639,2,6489,12978
2025-02-08,250000,0,0,2500,0,0,250,17,4250,25,44,1100,10,861,8610,5,1124,5620,3,13811,41433,2,10855,21710
2025-02-05,250000,0,0,2500,1,2500,250,16,4000,25,24,600,10,417,4170,5,638,3190,3,7950,23850,2,7026,14052
2025-02-01,250000,1,250000,2500,0,0,250,6,1500,25,36,900,10,696,6960,5,978,4890,3,12671,38013,2,9442,18884
2025-01-29,250000,0,0,2500,1,2500,250,18,4500,25,39,975,10,652,6520,5,797,3985,3,11861,35583,2,7202,14404
2025-01-25,250000,0,0,2500,1,2500,250,16,4000,25,41,1025,10,772,7720,5,957,4785,3,13432,40296,2,9295,18590
2025-01-22,250000,0,0,2500,0,0,250,12,3000,25,18,450,10,572,5720,5,630,3150,3,9642,28926,2,6210,12420
2025-01-18,250000,0,0,2500,2,5000,250,26,6500,25,33,825,10,986,9860,5,920,4600,3,15765,47295,2,9091,18182
2025-01-15,250000,0,0,2500,0,0,250,18,4500,25,34,850,10,577,5770,5,834,4170,3,9627,28881,2,8133,16266
2025-01-11,250000,0,0,2500,0,0,250,14,3500,25,39,975,10,605,6050,5,872,4360,3,11644,34932,2,10278,20556
2025-01-08,250000,0,0,2500,1,2500,250,9,2250,25,22,550,10,482,4820,5,738,3690,3,8760,26280,2,7432,14864
2025-01-04,250000,0,0,2500,0,0,250,16,4000,25,29,725,10,740,7400,5,1015,5075,3,12058,36174,2,10233,20466
2025-01-01,250000,0,0,2500,0,0,250,8,2000,25,20,500,10,517,5170,5,724,3620,3,8973,26919,2,7514,15028
2024-12-28,250000,0,0,2500,0,0,250,12,3000,25,36,900,10,633,6330,5,965,4825,3,11388,34164,2,9775,19550
2024-12-25,250000,0,0,2500,1,2500,250,8,2000,25,37,925,10,625,6250,5,809,4045,3,10712,32136,2,8086,16172
2024-12-21,250000,0,0,2500,0,0,250,18,4500,25,50,1250,10,812,8120,5,1061,5305,3,13985,41955,2,11622,23244
2024-12-18,250000,0,0,2500,0,0,250,14,3500,25,31,775,10,587,5870,5,851,4255,3,10259,30777,2,7970,15940
2024-12-14,250000,0,0,2500,0,0,250,9,2250,25,25,625,10,723,7230,5,941,4705,3,13407,40221,2,9088,18176
2024-12-11,250000,0,0,2500,0,0,250,12,3000,25,38,950,10,752,7520,5,960,4800,3,11873,35619,2,8600,17200
2024-12-07,250000,0,0,2500,0,0,250,13,3250,25,42,1050,10,864,8640,5,1119,5595,3,15234,45702,2,10498,20996
2024-12-04,250000,0,0,2500,0,0,250,11,2750,25,30,750,10,572,5720,5,650,3250,3,10096,30288,2,6295,12590
2024-11-30,250000,0,0,2500,0,0,250,15,3750,25,40,1000,10,631,6310,5,869,4345,3,11423,34269,2,8220,16440
2024-11-27,250000,0,0,2500,0,0,250,10,2500,25,32,800,10,564,5640,5,807,4035,3,9978,29934,2,7626,15252
2024-11-23,250000,0,0,2500,0,0,250,17,4250,25,39,975,10,674,6740,5,857,4285,3,11244,33732,2,8407,16814
2024-11-20,250000,0,0,2500,0,0,250,15,3750,25,55,1375,10,789,7890,5,1114,5570,3,12850,38550,2,10539,21078
2024-11-16,250000,0,0,2500,1,2500,250,18,4500,25,38,950,10,1001,10010,5,1073,5365,3,16798,50394,2,10536,21072
2024-11-13,250000,0,0,2500,0,0,250,15,3750,25,34,850,10,699,6990,5,841,4205,3,12522,37566,2,7927,15854
2024-11-09,250000,0,0,2500,1,2500,250,22,5500,25,61,1525,10,1200,12000,5,1464,7320,3,16529,49587,2,12604,25208
2024-11-06,250000,0,0,2500,0,0,250,12,3000,25,28,700,10,563,5630,5,777,3885,3,9581,28743,2,7807,15614
2024-11-02,250000,0,0,2500,1,2500,250,14,3500,25,50,1250,10,860,8600,5,1047,5235,3,13434,40302,2,11856,23712
2024-10-30,250000,0,0,2500,0,0,250,8,2000,25,32,800,10,501,5010,5,702,3510,3,9061,27183,2,8155,16310
2024-10-26,250000,0,0,2500,1,2500,250,31,7750,25,42,1050,10,1247,12470,5,983,4915,3,18295,54885,2,9470,18940
2024-10-23,250000,0,0,2500,0,0,250,7,1750,25,33,825,10,558,5580,5,888,4440,3,9942,29826,2,8077,16154
2024-10-19,250000,0,0,2500,0,0,250,16,4000,25,29,725,10,735,7350,5,978,4890,3,13591,40773,2,9160,18320
2024-10-16,250000,0,0,2500,0,0,250,7,1750,25,23,575,10,499,4990,5,776,3880,3,9144,27432,2,8095,16190
2024-10-12,250000,0,0,2500,1,2500,250,16,4000,25,47,1175,10,753,7530,5,1101,5505,3,13299,39897,2,10412,20824
2024-10-09,250000,0,0,2500,1,2500,250,15,3750,25,22,550,10,441,4410,5,587,2935,3,7706,23118,2,6076,12152
2024-10-05,250000,0,0,2500,1,2500,250,14,3500,25,51,1275,10,831,8310,5,1199,5995,3,14100,42300,2,11250,22500
2024-10-02,250000,0,0,2500,0,0,250,10,2500,25,31,775,10,547,5470,5,931,4655,3,9937,29811,2,9235,18470
2024-09-28,250000,1,250000,2500,1,2500,250,19,4750,25,41,1025,10,708,7080,5,1062,5310,3,12524,37572,2,11183,22366
2024-09-25,250000,1,250000,2500,0,0,250,10,2500,25,33,825,10,573,5730,5,678,3390,3,9721,29163,2,6831,13662
2024-09-21,250000,0,0,2500,0,0,250,12,3000,25,51,1275,10,754,7540,5,1093,5465,3,13143,39429,2,11286,22572
2024-09-18,250000,0,0,2500,0,0,250,12,3000,25,21,525,10,508,5080,5,674,3370,3,9227,27681,2,6750,13500
2024-09-14,250000,0,0,2500,1,2500,250,17,4250,25,56,1400,10,857,8570,5,1244,6220,3,15914,47742,2,11595,23190
2024-09-11,250000,0,0,2500,0,0,250,9,2250,25,24,600,10,533,5330,5,645,3225,3,9621,28863,2,6348,12696
2024-09-07,250000,0,0,2500,0,0,250,15,3750,25,53,1325,10,964,9640,5,1066,5330,3,15301,45903,2,9632,19264
2024-09-04,250000,0,0,2500,0,0,250,13,3250,25,41,1025,10,609,6090,5,995,4975,3,10678,32034,2,9173,18346
2024-08-31,250000,0,0,2500,0,0,250,13,3250,25,40,1000,10,683,6830,5,1184,5920,3,12891,38673,2,12230,24460
2024-08-28,250000,0,0,2500,0,0,250,10,2500,25,17,425,10,519,5190,5,663,3315,3,9617,28851,2,6071,12142
2024-08-24,250000,0,0,2500,0,0,250,11,2750,25,34,850,10,687,6870,5,831,4155,3,12560,37680,2,8453,16906
2024-08-21,250000,0,0,2500,0,0,250,11,2750,25,33,825,10,685,6850,5,733,3665,3,11591,34773,2,6868,13736
2024-08-17,250000,0,0,2500,0,0,250,12,3000,25,32,800,10,907,9070,5,1039,5195,3,16065,48195,2,9617,19234
2024-08-14,250000,1,250000,2500,0,0,250,11,2750,25,16,400,10,629,6290,5,860,4300,3,10672,32016,2,8372,16744
2024-08-10,250000,0,0,2500,0,0,250,12,3000,25,43,1075,10,750,7500,5,992,4960,3,13570,40710,2,9855,19710
2024-08-07,250000,0,0,2500,0,0,250,21,5250,25,37,925,10,865,8650,5,833,4165,3,13420,40260,2,7479,14958
2024-08-03,250000,0,0,2500,0,0,250,16,4000,25,54,1350,10,846,8460,5,1376,6880,3,15346,46038,2,13528,27056
2024-07-31,250000,0,0,2500,0,0,250,9,2250,25,36,900,10,556,5560,5,733,3665,3,9845,29535,2,7871,15742
2024-07-27,250000,0,0,2500,0,0,250,22,5500,25,57,1425,10,1163,11630,5,1524,7620,3,16952,50856,2,12405,24810
2024-07-24,250000,0,0,2500,0,0,250,14,3500,25,28,700,10,507,5070,5,719,3595,3,9110,27330,2,6579,13158
2024-07-20,250000,0,0,2500,0,0,250,35,8750,25,37,925,10,1180,11800,5,1047,5235,3,17227,51681,2,9439,18878
2024-07-17,250000,0,0,2500,0,0,250,9,2250,25,11,275,10,531,5310,5,651,3255,3,8890,26670,2,7020,14040
2024-07-13,250000,1,250000,2500,1,2500,250,30,7500,25,55,1375,10,1176,11760,5,1458,7290,3,17691,53073,2,11707,23414
2024-07-10,250000,0,0,2500,2,5000,250,7,1750,25,24,600,10,530,5300,5,783,3915,3,9607,28821,2,7457,14914
2024-07-06,250000,0,0,2500,0,0,250,25,6250,25,57,1425,10,1012,10120,5,1352,6760,3,16738,50214,2,12467,24934
2024-07-03,250000,0,0,2500,0,0,250,7,1750,25,18,450,10,482,4820,5,597,2985,3,7646,22938,2,5743,11486
2024-06-29,250000,0,0,2500,2,5000,250,20,5000,25,49,1225,10,785,7850,5,1240,6200,3,14598,43794,2,12323,24646
2024-06-26,250000,0,0,2500,0,0,250,11,2750,25,37,925,10,542,5420,5,757,3785,3,10349,31047,2,7214,14428
2024-06-22,250000,0,0,2500,0,0,250,6,1500,25,36,900,10,746,7460,5,1023,5115,3,13180,39540,2,10728,21456
2024-06-19,250000,0,0,2500,0,0,250,11,2750,25,18,450,10,541,5410,5,811,4055,3,10124,30372,2,8365,16730
2024-06-15,250000,0,0,2500,0,0,250,17,4250,25,40,1000,10,922,9220,5,1144,5720,3,16850,50550,2,10244,20488
2024-06-12,250000,0,0,2500,1,2500,250,8,2000,25,43,1075,10,628,6280,5,1052,5260,3,11398,34194,2,10034,20068
2024-06-08,250000,0,0,2500,0,0,250,20,5000,25,35,875,10,701,7010,5,980,4900,3,13196,39588,2,9650,19300
2024-06-05,250000,0,0,2500,0,0,250,11,2750,25,26,650,10,533,5330,5,712,3560,3,9038,27114,2,6527,13054
2024-06-01,250000,1,250000,2500,0,0,250,11,2750,25,38,950,10,820,8200,5,1123,5615,3,14148,42444,2,10742,21484
2024-05-29,250000,0,0,2500,0,0,250,15,3750,25,47,1175,10,565,5650,5,921,4605,3,10372,31116,2,8991,17982
2024-05-25,250000,0,0,2500,0,0,250,12,3000,25,39,975,10,804,8040,5,1084,5420,3,13927,41781,2,9475,18950
2024-05-22,250000,0,0,2500,2,5000,250,29,7250,25,55,1375,10,949,9490,5,1431,7155,3,13507,40521,2,10656,21312
2024-05-18,250000,0,0,2500,0,0,250,13,3250,25,46,1150,10,786,7860,5,1139,5695,3,14160,42480,2,11058,22116
2024-05-15,250000,0,0,2500,0,0,250,10,2500,25,24,600,10,473,4730,5,564,2820,3,8185,24555,2,6064,12128
2024-05-11,250000,0,0,2500,0,0,250,12,3000,25,33,825,10,688,6880,5,1070,5350,3,12902,38706,2,10776,21552
2024-05-08,250000,0,0,2500,0,0,250,14,3500,25,31,775,10,833,8330,5,769,3845,3,12979,38937,2,6817,13634
2024-05-04,250000,0,0,2500,0,0,250,11,2750,25,40,1000,10,717,7170,5,1107,5535,3,13422,40266,2,11061,22122
2024-05-01,250000,0,0,2500,0,0,250,18,4500,25,30,750,10,782,7820,5,665,3325,3,13473,40419,2,6213,12426
2024-04-27,250000,0,0,2500,0,0,250,17,4250,25,36,900,10,697,6970,5,970,4850,3,12420,37260,2,10015,20030
2024-04-24,250000,0,0,2500,0,0,250,13,3250,25,33,825,10,485,4850,5,622,3110,3,8687,26061,2,7132,14264
2024-04-20,250000,0,0,2500,0,0,250,15,3750,25,45,1125,10,865,8650,5,1139,5695,3,15869,47607,2,11323,22646
2024-04-17,250000,0,0,2500,0,0,250,13,3250,25,15,375,10,667,6670,5,806,4030,3,9886,29658,2,7906,15812
2024-04-13,250000,0,0,2500,1,2500,250,14,3500,25,43,1075,10,808,8080,5,1122,5610,3,15013,45039,2,12196,24392
2024-04-10,250000,0,0,2500,0,0,250,8,2000,25,34,850,10,592,5920,5,838,4190,3,10280,30840,2,8608,17216
2024-04-06,250000,0,0,2500,1,2500,250,17,4250,25,52,1300,10,1021,10210,5,1749,8745,3,17055,51165,2,15727,31454
2024-04-03,250000,0,0,2500,0,0,250,11,2750,25,29,725,10,603,6030,5,860,4300,3,10046,30138,2,8633,17266
2024-03-30,250000,0,0,2500,0,0,250,22,5500,25,54,1350,10,961,9610,5,1322,6610,3,16912,50736,2,13142,26284
2024-03-27,250000,0,0,2500,0,0,250,17,4250,25,33,825,10,806,8060,5,1112,5560,3,12754,38262,2,9556,19112
2024-03-23,250000,0,0,2500,1,2500,250,28,7000,25,66,1650,10,1171,11710,5,2010,10050,3,18765,56295,2,15182,30364
2024-03-20,250000,0,0,2500,0,0,250,6,1500,25,35,875,10,632,6320,5,948,4740,3,10837,32511,2,8760,17520
2024-03-16,250000,0,0,2500,1,2500,250,17,4250,25,49,1225,10,853,8530,5,1192,5960,3,14105,42315,2,12308,24616
2024-03-13,250000,0,0,2500,0,0,250,16,4000,25,35,875,10,977,9770,5,856,4280,3,14444,43332,2,7519,15038
2024-03-09,250000,0,0,2500,0,0,250,17,4250,25,37,925,10,1051,10510,5,1213,6065,3,16660,49980,2,11750,23500
2024-03-06,250000,0,0,2500,0,0,250,11,2750,25,22,550,10,721,7210,5,662,3310,3,12181,36543,2,6389,12778
2024-03-02,250000,0,0,2500,0,0,250,26,6500,25,68,1700,10,1214,12140,5,1586,7930,3,18226,54678,2,13587,27174
2024-02-28,250000,0,0,2500,0,0,250,7,1750,25,26,650,10,548,5480,5,791,3955,3,9364,28092,2,8146,16292
2024-02-24,250000,0,0,2500,0,0,250,10,2500,25,46,1150,10,805,8050,5,1372,6860,3,14346,43038,2,12503,25006
2024-02-21,250000,0,0,2500,2,5000,250,21,5250,25,59,1475,10,800,8000,5,1102,5510,3,12335,37005,2,9048,18096
2024-02-17,250000,0,0,2500,0,0,250,16,4000,25,31,775,10,693,6930,5,965,4825,3,12915,38745,2,9934,19868
2024-02-14,250000,0,0,2500,0,0,250,6,1500,25,39,975,10,812,8120,5,1094,5470,3,13526,40578,2,9851,19702
2024-02-10,250000,0,0,2500,0,0,250,43,10750,25,97,2425,10,1326,13260,5,2129,10645,3,18925,56775,2,15477,30954
2024-02-07,250000,0,0,2500,0,0,250,8,2000,25,17,425,10,527,5270,5,695,3475,3,9486,28458,2,6618,13236
2024-02-03,250000,0,0,2500,0,0,250,16,4000,25,43,1075,10,837,8370,5,1187,5935,3,14960,44880,2,12636,25272
2024-01-31,250000,0,0,2500,0,0,250,11,2750,25,27,675,10,526,5260,5,913,4565,3,10166,30498,2,9376,18752
2024-01-27,250000,0,0,2500,1,2500,250,50,12500,25,129,3225,10,2117,21170,5,2317,11585,3,28915,86745,2,19038,38076
2024-01-24,250000,0,0,2500,0,0,250,19,4750,25,45,1125,10,817,8170,5,1195,5975,3,15564,46692,2,11730,23460
2024-01-20,250000,0,0,2500,0,0,250,28,7000,25,91,2275,10,1122,11220,5,1849,9245,3,20312,60936,2,16472,32944
2024-01-17,250000,0,0,2500,2,5000,250,10,2500,25,52,1300,10,795,7950,5,1231,6155,3,13919,41757,2,12280,24560
2024-01-13,250000,0,0,2500,1,2500,250,25,6250,25,39,975,10,1233,12330,5,1450,7250,3,21988,65964,2,13923,27846
2024-01-10,250000,0,0,2500,3,7500,250,23,5750,25,70,1750,10,1132,11320,5,1554,7770,3,17648,52944,2,13214,26428
2024-01-06,250000,0,0,2500,3,7500,250,20,5000,25,55,1375,10,1238,12380,5,1577,7885,3,19980,59940,2,13707,27414
2024-01-03,250000,0,0,2500,1,2500,250,14,3500,25,72,1800,10,863,8630,5,1420,7100,3,14152,42456,2,12740,25480
2023-12-30,250000,0,0,2500,1,2500,250,11,2750,25,42,1050,10,894,8940,5,1118,5590,3,15389,46167,2,11264,22528
2023-12-27,250000,0,0,2500,0,0,250,22,5500,25,37,925,10,702,7020,5,933,4665,3,11780,35340,2,9745,19490
2023-12-23,250000,0,0,2500,1,2500,250,23,5750,25,59,1475,10,1140,11400,5,1698,8490,3,20039,60117,2,16518,33036
2023-12-20,250000,0,0,2500,0,0,250,10,2500,25,35,875,10,663,6630,5,1007,5035,3,11873,35619,2,10723,21446
2023-12-16,250000,0,0,2500,0,0,250,22,5500,25,54,1350,10,889,8890,5,1168,5840,3,16094,48282,2,11460,22920
2023-12-13,250000,0,0,2500,0,0,250,13,3250,25,38,950,10,661,6610,5,950,4750,3,11237,33711,2,9750,19500
2023-12-09,250000,0,0,2500,0,0,250,14,3500,25,41,1025,10,847,8470,5,1092,5460,3,13806,41418,2,10657,21314
2023-12-06,250000,1,250000,2500,0,0,250,13,3250,25,32,800,10,724,7240,5,768,3840,3,12719,38157,2,7674,15348
2023-12-02,250000,0,0,2500,0,0,250,59,14750,25,47,1175,10,1787,17870,5,1235,6175,3,21577,64731,2,11100,22200
2023-11-29,250000,0,0,2500,0,0,250,20,5000,25,32,800,10,695,6950,5,979,4895,3,12075,36225,2,9243,18486
2023-11-25,250000,0,0,2500,0,0,250,34,8500,25,32,800,10,1257,12570,5,974,4870,3,19746,59238,2,9590,19180
2023-11-22,250000,0,0,2500,0,0,250,15,3750,25,46,1150,10,718,7180,5,1060,5300,3,12231,36693,2,9642,19284
2023-11-18,250000,0,0,2500,1,2500,250,14,3500,25,41,1025,10,885,8850,5,1175,5875,3,15264,45792,2,11554,23108
2023-11-15,250000,0,0,2500,0,0,250,14,3500,25,31,775,10,588,5880,5,949,4745,3,9859,29577,2,9616,19232
2023-11-11,250000,0,0,2500,1,2500,250,13,3250,25,27,675,10,931,9310,5,1104,5520,3,16625,49875,2,10291,20582
2023-11-08,250000,0,0,2500,0,0,250,13,3250,25,28,700,10,612,6120,5,937,4685,3,11260,33780,2,9122,18244
2023-11-04,250000,0,0,2500,0,0,250,11,2750,25,37,925,10,763,7630,5,1068,5340,3,13302,39906,2,10382,20764
2023-11-01,250000,0,0,2500,0,0,250,8,2000,25,35,875,10,614,6140,5,987,4935,3,10767,32301,2,9594,19188
2023-10-28,250000,0,0,2500,0,0,250,16,4000,25,29,725,10,997,9970,5,1088,5440,3,16505,49515,2,10289,20578
2023-10-25,250000,0,0,2500,0,0,250,16,4000,25,24,600,10,597,5970,5,858,4290,3,10432,31296,2,7937,15874
2023-10-21,250000,0,0,2500,1,2500,250,22,5500,25,30,750,10,725,7250,5,1130,5650,3,13320,39960,2,10571,21142
2023-10-18,250000,0,0,2500,0,0,250,5,1250,25,25,625,10,556,5560,5,722,3610,3,9728,29184,2,6365,12730
2023-10-14,250000,0,0,2500,2,5000,250,11,2750,25,33,825,10,720,7200,5,952,4760,3,12588,37764,2,8846,17692
2023-10-11,250000,0,0,2500,1,2500,250,15,3750,25,26,650,10,597,5970,5,644,3220,3,11560,34680,2,6041,12082
2023-10-07,250000,0,0,2500,1,2500,250,10,2500,25,41,1025,10,720,7200,5,970,4850,3,12247,36741,2,10972,21944
2023-10-04,250000,0,0,2500,1,2500,250,10,2500,25,35,875,10,657,6570,5,1122,5610,3,11868,35604,2,11204,22408
2023-09-30,250000,0,0,2500,0,0,250,17,4250,25,35,875,10,873,8730,5,1221,6105,3,15715,47145,2,10876,21752
2023-09-27,250000,0,0,2500,0,0,250,18,4500,25,41,1025,10,674,6740,5,1026,5130,3,12339,37017,2,9740,19480
2023-09-23,250000,0,0,2500,1,2500,250,19,4750,25,83,2075,10,1059,10590,5,1866,9330,3,17242,51726,2,15576,31152
2023-09-20,250000,0,0,2500,1,2500,250,17,4250,25,35,875,10,728,7280,5,813,4065,3,12180,36540,2,7551,15102
2023-09-16,250000,0,0,2500,1,2500,250,17,4250,25,40,1000,10,843,8430,5,1142,5710,3,14397,43191,2,11589,23178
2023-09-13,250000,0,0,2500,0,0,250,15,3750,25,21,525,10,646,6460,5,884,4420,3,11627,34881,2,7415,14830
2023-09-09,250000,0,0,2500,0,0,250,17,4250,25,38,950,10,981,9810,5,1076,5380,3,15876,47628,2,10429,20858
2023-09-06,250000,0,0,2500,1,2500,250,12,3000,25,22,550,10,516,5160,5,729,3645,3,9609,28827,2,8019,16038
2023-09-02,250000,1,250000,2500,0,0,250,23,5750,25,69,1725,10,986,9860,5,1492,7460,3,16001,48003,2,13577,27154
2023-08-30,250000,0,0,2500,0,0,250,12,3000,25,19,475,10,614,6140,5,800,4000,3,10661,31983,2,7346,14692
2023-08-26,250000,0,0,2500,2,5000,250,17,4250,25,42,1050,10,816,8160,5,1292,6460,3,14279,42837,2,13049,26098
2023-08-23,250000,0,0,2500,0,0,250,16,4000,25,38,950,10,631,6310,5,1122,5610,3,11351,34053,2,10256,20512
2023-08-19,250000,0,0,2500,0,0,250,14,3500,25,50,1250,10,868,8680,5,1320,6600,3,15133,45399,2,12498,24996
2023-08-16,250000,0,0,2500,0,0,250,16,4000,25,22,550,10,535,5350,5,706,3530,3,9273,27819,2,6906,13812
2023-08-12,250000,0,0,2500,0,0,250,24,6000,25,69,1725,10,963,9630,5,1689,8445,3,16197,48591,2,13739,27478
2023-08-09,250000,0,0,2500,0,0,250,11,2750,25,20,500,10,593,5930,5,792,3960,3,10033,30099,2,8251,16502
2023-08-05,250000,1,250000,2500,0,0,250,29,7250,25,46,1150,10,1230,12300,5,1109,5545,3,19007,57021,2,10127,20254
2023-08-02,250000,0,0,2500,0,0,250,5,1250,25,33,825,10,588,5880,5,951,4755,3,10933,32799,2,9476,18952
2023-07-29,250000,0,0,2500,2,5000,250,12,3000,25,57,1425,10,795,7950,5,1004,5020,3,13532,40596,2,11241,22482
2023-07-26,250000,0,0,2500,0,0,250,11,2750,25,32,800,10,582,5820,5,788,3940,3,10068,30204,2,8049,16098
2023-07-22,250000,0,0,2500,1,2500,250,31,7750,25,32,800,10,1274,12740,5,1066,5330,3,18912,56736,2,10052,20104
2023-07-19,250000,0,0,2500,1,2500,250,11,2750,25,26,650,10,605,6050,5,841,4205,3,10357,31071,2,8458,16916
2023-07-15,250000,0,0,2500,0,0,250,12,3000,25,48,1200,10,806,8060,5,1124,5620,3,13538,40614,2,10468,20936
2023-07-12,250000,0,0,2500,0,0,250,8,2000,25,20,500,10,516,5160,5,700,3500,3,10325,30975,2,6593,13186
2023-07-08,250000,0,0,2500,0,0,250,15,3750,25,39,975,10,797,7970,5,1102,5510,3,13925,41775,2,11990,23980
2023-07-05,250000,0,0,2500,0,0,250,15,3750,25,29,725,10,523,5230,5,683,3415,3,9411,28233,2,6707,13414
2023-07-01,250000,0,0,2500,3,7500,250,45,11250,25,128,3200,10,1497,14970,5,2365,11825,3,20336,61008,2,17744,35488
2023-06-28,250000,0,0,2500,0,0,250,12,3000,25,42,1050,10,782,7820,5,1109,5545,3,12596,37788,2,10307,20614
2023-06-24,250000,0,0,2500,0,0,250,20,5000,25,48,1200,10,711,7110,5,1027,5135,3,12966,38898,2,11055,22110
2023-06-21,250000,0,0,2500,0,0,250,9,2250,25,31,775,10,554,5540,5,793,3965,3,9858,29574,2,8135,16270
2023-06-17,250000,0,0,2500,3,7500,250,26,6500,25,72,1800,10,1330,13300,5,1818,9090,3,21990,65970,2,16669,33338
2023-06-14,250000,0,0,2500,0,0,250,20,5000,25,53,1325,10,889,8890,5,1180,5900,3,14684,44052,2,11615,23230
2023-06-10,250000,0,0,2500,1,2500,250,19,4750,25,51,1275,10,1038,10380,5,1428,7140,3,17877,53631,2,14311,28622
2023-06-07,250000,0,0,2500,1,2500,250,26,6500,25,46,1150,10,926,9260,5,1219,6095,3,15366,46098,2,11484,22968
2023-06-03,250000,0,0,2500,1,2500,250,27,6750,25,44,1100,10,1100,11000,5,1608,8040,3,19546,58638,2,14765,29530
2023-05-31,250000,0,0,2500,0,0,250,14,3500,25,37,925,10,856,8560,5,896,4480,3,15984,47952,2,8906,17812
2023-05-27,250000,1,250000,2500,0,0,250,39,9750,25,67,1675,10,1815,18150,5,1378,6890,3,23464,70392,2,11966,23932
2023-05-24,250000,0,0,2500,0,0,250,17,4250,25,37,925,10,684,6840,5,1125,5625,3,11984,35952,2,10639,21278
2023-05-20,250000,1,250000,2500,0,0,250,25,6250,25,43,1075,10,894,8940,5,1389,6945,3,16880,50640,2,14514,29028
2023-05-17,250000,0,0,2500,1,2500,250,14,3500,25,33,825,10,582,5820,5,850,4250,3,10930,32790,2,9721,19442
2023-05-13,250000,1,250000,2500,0,0,250,12,3000,25,38,950,10,853,8530,5,1260,6300,3,15045,45135,2,12217,24434
2023-05-10,250000,0,0,2500,1,2500,250,13,3250,25,37,925,10,615,6150,5,856,4280,3,10250,30750,2,8547,17094
2023-05-06,250000,0,0,2500,0,0,250,13,3250,25,46,1150,10,872,8720,5,1191,5955,3,15598,46794,2,12141,24282
2023-05-03,250000,0,0,2500,0,0,250,20,5000,25,35,875,10,796,7960,5,952,4760,3,13296,39888,2,9099,18198
2023-04-29,250000,0,0,2500,2,5000,250,14,3500,25,41,1025,10,1099,10990,5,1194,5970,3,18467,55401,2,10875,21750
2023-04-26,250000,0,0,2500,1,2500,250,12,3000,25,41,1025,10,609,6090,5,1024,5120,3,11087,33261,2,9976,19952
2023-04-22,250000,0,0,2500,0,0,250,19,4750,25,50,1250,10,906,9060,5,1301,6505,3,16103,48309,2,12240,24480
2023-04-19,250000,0,0,2500,0,0,250,9,2250,25,30,750,10,558,5580,5,843,4215,3,10980,32940,2,8437,16874
2023-04-15,250000,0,0,2500,1,2500,250,20,5000,25,47,1175,10,798,7980,5,1209,6045,3,14830,44490,2,11938,23876
2023-04-12,250000,0,0,2500,0,0,250,12,3000,25,25,625,10,528,5280,5,731,3655,3,10266,30798,2,6946,13892
2023-04-08,250000,0,0,2500,0,0,250,17,4250,25,47,1175,10,839,8390,5,1043,5215,3,15270,45810,2,10024,20048
2023-04-05,250000,0,0,2500,1,2500,250,13,3250,25,31,775,10,555,5550,5,919,4595,3,10508,31524,2,9324,18648
2023-04-01,250000,0,0,2500,0,0,250,19,4750,25,45,1125,10,781,7810,5,1050,5250,3,14061,42183,2,10173,20346
2023-03-29,250000,0,0,2500,1,2500,250,11,2750,25,29,725,10,534,5340,5,766,3830,3,9459,28377,2,6922,13844
2023-03-25,250000,0,0,2500,2,5000,250,24,6000,25,45,1125,10,882,8820,5,1151,5755,3,15344,46032,2,11019,22038
2023-03-22,250000,0,0,2500,0,0,250,8,2000,25,35,875,10,554,5540,5,900,4500,3,10460,31380,2,8873,17746
2023-03-18,250000,0,0,2500,0,0,250,17,4250,25,36,900,10,798,7980,5,1078,5390,3,13441,40323,2,10919,21838
2023-03-15,250000,0,0,2500,0,0,250,9,2250,25,15,375,10,553,5530,5,697,3485,3,9930,29790,2,7563,15126
2023-03-11,250000,0,0,2500,0,0,250,36,9000,25,46,1150,10,1083,10830,5,1000,5000,3,17630,52890,2,9904,19808
2023-03-08,250000,0,0,2500,1,2500,250,16,4000,25,36,900,10,850,8500,5,1079,5395,3,13566,40698,2,9529,19058
2023-03-04,250000,0,0,2500,0,0,250,18,4500,25,45,1125,10,849,8490,5,1144,5720,3,14457,43371,2,11617,23234
2023-03-01,250000,0,0,2500,0,0,250,17,4250,25,40,1000,10,630,6300,5,823,4115,3,10740,32220,2,8278,16556
2023-02-25,250000,0,0,2500,0,0,250,18,4500,25,47,1175,10,923,9230,5,1366,6830,3,16721,50163,2,13173,26346
2023-02-22,250000,0,0,2500,0,0,250,11,2750,25,41,1025,10,716,7160,5,988,4940,3,11834,35502,2,9917,19834
2023-02-18,250000,0,0,2500,0,0,250,16,4000,25,42,1050,10,898,8980,5,1292,6460,3,16373,49119,2,13130,26260
2023-02-15,250000,0,0,2500,0,0,250,25,6250,25,49,1225,10,792,7920,5,1241,6205,3,12901,38703,2,11207,22414
2023-02-11,250000,0,0,2500,0,0,250,26,6500,25,50,1250,10,1225,12250,5,1372,6860,3,18222,54666,2,12558,25116
2023-02-08,250000,0,0,2500,0,0,250,9,2250,25,26,650,10,589,5890,5,762,3810,3,10443,31329,2,8077,16154
2023-02-04,250000,0,0,2500,1,2500,250,21,5250,25,101,2525,10,1174,11740,5,1876,9380,3,18064,54192,2,15981,31962
2023-02-01,250000,1,250000,2500,1,2500,250,11,2750,25,23,575,10,719,7190,5,782,3910,3,12089,36267,2,8046,16092
2023-01-28,250000,0,0,2500,0,0,250,23,5750,25,51,1275,10,905,9050,5,1245,6225,3,15874,47622,2,12126,24252
2023-01-25,250000,0,0,2500,0,0,250,16,4000,25,33,825,10,480,4800,5,789,3945,3,9042,27126,2,8036,16072
2023-01-21,250000,0,0,2500,0,0,250,19,4750,25,49,1225,10,792,7920,5,1166,5830,3,14207,42621,2,11620,23240
2023-01-18,250000,0,0,2500,0,0,250,9,2250,25,29,725,10,523,5230,5,1012,5060,3,10075,30225,2,10378,20756
2023-01-14,250000,0,0,2500,0,0,250,18,4500,25,40,1000,10,807,8070,5,1001,5005,3,13823,41469,2,9626,19252
2023-01-11,250000,0,0,2500,0,0,250,9,2250,25,32,800,10,612,6120,5,874,4370,3,10492,31476,2,8917,17834
2023-01-07,250000,0,0,2500,0,0,250,27,6750,25,38,950,10,977,9770,5,927,4635,3,15792,47376,2,8697,17394
2023-01-04,250000,0,0,2500,0,0,250,23,5750,25,46,1150,10,1177,11770,5,1365,6825,3,17243,51729,2,11885,23770
2022-12-31,250000,0,0,2500,0,0,250,23,5750,25,46,1150,10,1073,10730,5,1471,7355,3,18683,56049,2,13987,27974
2022-12-28,250000,0,0,2500,0,0,250,19,4750,25,66,1650,10,1126,11260,5,1456,7280,3,16008,48024,2,11329,22658
2022-12-24,250000,0,0,2500,0,0,250,23,5750,25,61,1525,10,1236,12360,5,1733,8665,3,21086,63258,2,16369,32738
2022-12-21,250000,0,0,2500,1,2500,250,9,2250,25,35,875,10,748,7480,5,916,4580,3,12809,38427,2,9591,19182
2022-12-17,250000,0,0,2500,0,0,250,18,4500,25,44,1100,10,957,9570,5,1196,5980,3,17006,51018,2,10723,21446
2022-12-14,250000,0,0,2500,0,0,250,17,4250,25,36,900,10,592,5920,5,730,3650,3,10428,31284,2,7484,14968
2022-12-10,250000,0,0,2500,0,0,250,22,5500,25,38,950,10,914,9140,5,1063,5315,3,15652,46956,2,10344,20688
2022-12-07,250000,0,0,2500,0,0,250,12,3000,25,39,975,10,632,6320,5,860,4300,3,10909,32727,2,9403,18806
2022-12-03,250000,0,0,2500,1,2500,250,29,7250,25,70,1750,10,1169,11690,5,1791,8955,3,18609,55827,2,13852,27704
2022-11-30,250000,0,0,2500,0,0,250,10,2500,25,35,875,10,622,6220,5,829,4145,3,10055,30165,2,8572,17144
2022-11-26,250000,0,0,2500,0,0,250,11,2750,25,42,1050,10,845,8450,5,1239,6195,3,15026,45078,2,12320,24640
2022-11-23,250000,0,0,2500,0,0,250,6,1500,25,34,850,10,632,6320,5,879,4395,3,11626,34878,2,9236,18472
2022-11-19,250000,1,250000,2500,0,0,250,29,7250,25,43,1075,10,1154,11540,5,1122,5610,3,18668,56004,2,10121,20242
2022-11-16,250000,0,0,2500,0,0,250,9,2250,25,36,900,10,574,5740,5,796,3980,3,11569,34707,2,7208,14416
2022-11-12,250000,0,0,2500,0,0,250,13,3250,25,38,950,10,808,8080,5,1233,6165,3,14317,42951,2,12612,25224
2022-11-09,250000,0,0,2500,1,2500,250,12,3000,25,24,600,10,589,5890,5,767,3835,3,10317,30951,2,7136,14272
2022-11-05,250000,0,0,2500,1,2500,250,33,8250,25,67,1675,10,1176,11760,5,1658,8290,3,19179,57537,2,14211,28422
2022-11-02,250000,0,0,2500,0,0,250,20,5000,25,25,625,10,538,5380,5,848,4240,3,9491,28473,2,8688,17376
2022-10-29,250000,0,0,2500,0,0,250,35,8750,25,78,1950,10,1325,13250,5,1611,8055,3,19961,59883,2,13842,27684
2022-10-26,250000,0,0,2500,0,0,250,10,2500,25,25,625,10,576,5760,5,620,3100,3,10368,31104,2,7166,14332
2022-10-22,250000,0,0,2500,4,10000,250,23,5750,25,31,775,10,869,8690,5,1450,7250,3,15404,46212,2,13745,27490
2022-10-19,250000,0,0,2500,0,0,250,11,2750,25,38,950,10,593,5930,5,917,4585,3,10517,31551,2,8718,17436
2022-10-15,250000,0,0,2500,1,2500,250,18,4500,25,47,1175,10,909,9090,5,1261,6305,3,15645,46935,2,11815,23630
2022-10-12,250000,0,0,2500,1,2500,250,9,2250,25,25,625,10,548,5480,5,657,3285,3,8477,25431,2,6561,13122
2022-10-08,250000,0,0,2500,0,0,250,15,3750,25,38,950,10,756,7560,5,960,4800,3,14201,42603,2,9929,19858
2022-10-05,250000,0,0,2500,0,0,250,22,5500,25,42,1050,10,914,9140,5,1314,6570,3,14908,44724,2,11350,22700
2022-10-01,250000,0,0,2500,0,0,250,26,6500,25,42,1050,10,912,9120,5,1196,5980,3,16232,48696,2,11283,22566
2022-09-28,250000,0,0,2500,0,0,250,12,3000,25,33,825,10,579,5790,5,920,4600,3,10612,31836,2,9260,18520
2022-09-24,250000,0,0,2500,2,5000,250,28,7000,25,79,1975,10,1359,13590,5,1733,8665,3,20685,62055,2,15063,30126
2022-09-21,250000,1,250000,2500,0,0,250,13,3250,25,34,850,10,637,6370,5,896,4480,3,10885,32655,2,8973,17946
2022-09-17,250000,0,0,2500,0,0,250,20,5000,25,54,1350,10,1055,10550,5,1193,5965,3,17986,53958,2,11359,22718
2022-09-14,250000,0,0,2500,0,0,250,12,3000,25,30,750,10,605,6050,5,837,4185,3,10649,31947,2,8034,16068
2022-09-10,250000,0,0,2500,0,0,250,22,5500,25,36,900,10,816,8160,5,1255,6275,3,15098,45294,2,12167,24334
2022-09-07,250000,0,0,2500,0,0,250,14,3500,25,30,750,10,817,8170,5,856,4280,3,13650,40950,2,8454,16908
2022-09-03,250000,0,0,2500,0,0,250,21,5250,25,46,1150,10,815,8150,5,1250,6250,3,14624,43872,2,10876,21752
2022-08-31,250000,0,0,2500,0,0,250,9,2250,25,41,1025,10,704,7040,5,1368,6840,3,12439,37317,2,12144,24288
2022-08-27,250000,0,0,2500,0,0,250,8,2000,25,44,1100,10,863,8630,5,1074,5370,3,14626,43878,2,10923,21846
2022-08-24,250000,0,0,2500,0,0,250,11,2750,25,22,550,10,747,7470,5,737,3685,3,13620,40860,2,7017,14034
2022-08-20,250000,0,0,2500,0,0,250,28,7000,25,62,1550,10,1021,10210,5,1615,8075,3,16466,49398,2,15665,31330
2022-08-17,250000,0,0,2500,3,7500,250,32,8000,25,60,1500,10,1001,10010,5,1304,6520,3,13947,41841,2,10199,20398
2022-08-13,250000,0,0,2500,1,2500,250,28,7000,25,82,2050,10,1237,12370,5,1803,9015,3,17835,53505,2,14749,29498
2022-08-10,250000,0,0,2500,1,2500,250,10,2500,25,29,725,10,585,5850,5,671,3355,3,10121,30363,2,7045,14090
2022-08-06,250000,0,0,2500,0,0,250,16,4000,25,54,1350,10,900,9000,5,1380,6900,3,15722,47166,2,12816,25632
2022-08-03,250000,0,0,2500,0,0,250,12,3000,25,22,550,10,638,6380,5,860,4300,3,10829,32487,2,8707,17414
2022-07-31,,,,,,,,,,,,,,,,,,,,,,,,
2022-07-30,250000,0,0,2500,0,0,250,20,5000,25,55,1375,10,879,8790,5,1088,5440,3,15508,46524,2,10934,21868
2022-07-27,250000,0,0,2500,1,2500,250,15,3750,25,33,825,10,735,7350,5,1024,5120,3,12770,38310,2,9729,19458
2022-07-23,250000,0,0,2500,0,0,250,18,4500,25,44,1100,10,866,8660,5,1195,5975,3,15397,46191,2,11970,23940
2022-07-20,250000,0,0,2500,0,0,250,13,3250,25,27,675,10,642,6420,5,766,3830,3,11030,33090,2,7690,15380
2022-07-16,250000,0,0,2500,0,0,250,37,9250,25,92,2300,10,1344,13440,5,1883,9415,3,19947,59841,2,15175,30350
2022-07-13,250000,0,0,2500,0,0,250,14,3500,25,26,650,10,559,5590,5,732,3660,3,9468,28404,2,6955,13910
2022-07-09,250000,0,0,2500,0,0,250,18,4500,25,42,1050,10,940,9400,5,1300,6500,3,16969,50907,2,12364,24728
2022-07-06,250000,0,0,2500,0,0,250,21,5250,25,53,1325,10,870,8700,5,1210,6050,3,13879,41637,2,10089,20178
2022-07-02,250000,0,0,2500,1,2500,250,16,4000,25,47,1175,10,808,8080,5,1075,5375,3,14115,42345,2,10141,20282
2022-06-29,250000,0,0,2500,0,0,250,28,7000,25,36,900,10,994,9940,5,1221,6105,3,14738,44214,2,10441,20882
2022-06-25,250000,0,0,2500,2,5000,250,13,3250,25,47,1175,10,923,9230,5,1522,7610,3,16388,49164,2,14027,28054
2022-06-22,250000,1,250000,2500,0,0,250,17,4250,25,36,900,10,784,7840,5,1050,5250,3,13094,39282,2,9873,19746
2022-06-18,250000,0,0,2500,0,0,250,23,5750,25,65,1625,10,1256,12560,5,1125,5625,3,19951,59853,2,10915,21830
2022-06-15,250000,0,0,2500,0,0,250,18,4500,25,32,800,10,774,7740,5,686,3430,3,12857,38571,2,7199,14398
2022-06-12,,,,,,,,,,,,,,,,,,,,,,,,
2022-06-11,250000,0,0,2500,1,2500,250,16,4000,25,53,1325,10,847,8470,5,1355,6775,3,15471,46413,2,13721,27442
2022-06-08,250000,0,0,2500,0,0,250,19,4750,25,23,575,10,699,6990,5,888,4440,3,12750,38250,2,7905,15810
2022-06-05,,,,,,,,,,,,,,,,,,,,,,,,
2022-06-04,250000,0,0,2500,0,0,250,17,4250,25,34,850,10,858,8580,5,1155,5775,3,14498,43494,2,12180,24360
2022-06-01,250000,0,0,2500,1,2500,250,11,2750,25,29,725,10,626,6260,5,754,3770,3,11432,34296,2,7419,14838
2022-05-28,250000,0,0,2500,0,0,250,16,4000,25,46,1150,10,744,7440,5,1032,5160,3,14437,43311,2,10121,20242
2022-05-25,250000,0,0,2500,1,2500,250,12,3000,25,37,925,10,575,5750,5,813,4065,3,10729,32187,2,8902,17804
2022-05-21,250000,0,0,2500,2,5000,250,7,1750,25,39,975,10,809,8090,5,1122,5610,3,14090,42270,2,10680,21360
2022-05-18,250000,0,0,2500,3,7500,250,27,6750,25,47,1175,10,948,9480,5,1285,6425,3,14322,42966,2,11092,22184
2022-05-14,250000,0,0,2500,1,2500,250,13,3250,25,55,1375,10,812,8120,5,1157,5785,3,14545,43635,2,11837,23674
2022-05-11,250000,0,0,2500,0,0,250,14,3500,25,36,900,10,671,6710,5,874,4370,3,11894,35682,2,8623,17246
2022-05-07,250000,0,0,2500,0,0,250,44,11000,25,83,2075,10,1745,17450,5,2146,10730,3,24006,72018,2,16789,33578
2022-05-04,250000,0,0,2500,0,0,250,18,4500,25,45,1125,10,788,7880,5,955,4775,3,13527,40581,2,9555,19110
2022-04-30,250000,0,0,2500,0,0,250,25,6250,25,78,1950,10,980,9800,5,1521,7605,3,17038,51114,2,14584,29168
2022-04-27,250000,0,0,2500,1,2500,250,21,5250,25,44,1100,10,708,7080,5,1124,5620,3,13376,40128,2,11358,22716
2022-04-23,250000,0,0,2500,2,5000,250,22,5500,25,57,1425,10,1259,12590,5,1506,7530,3,19544,58632,2,14474,28948
2022-04-20,250000,0,0,2500,1,2500,250,13,3250,25,33,825,10,725,7250,5,1104,5520,3,12481,37443,2,9940,19880
2022-04-16,250000,1,250000,2500,0,0,250,13,3250,25,46,1150,10,915,9150,5,1423,7115,3,17080,51240,2,14440,28880
2022-04-13,250000,0,0,2500,1,2500,250,15,3750,25,43,1075,10,684,6840,5,1057,5285,3,11823,35469,2,10811,21622
2022-04-09,250000,0,0,2500,1,2500,250,17,4250,25,58,1450,10,970,9700,5,1464,7320,3,17169,51507,2,14192,28384
2022-04-06,250000,0,0,2500,0,0,250,11,2750,25,25,625,10,604,6040,5,859,4295,3,10521,31563,2,8737,17474
2022-04-02,250000,0,0,2500,2,5000,250,54,13500,25,79,1975,10,1603,16030,5,1716,8580,3,22158,66474,2,14003,28006
2022-03-30,250000,0,0,2500,0,0,250,23,5750,25,45,1125,10,854,8540,5,785,3925,3,13071,39213,2,7454,14908
2022-03-26,250000,0,0,2500,0,0,250,22,5500,25,50,1250,10,891,8910,5,1200,6000,3,16538,49614,2,11720,23440
2022-03-23,250000,0,0,2500,0,0,250,11,2750,25,27,675,10,504,5040,5,786,3930,3,9197,27591,2,7869,15738
2022-03-19,250000,0,0,2500,2,5000,250,9,2250,25,42,1050,10,732,7320,5,1112,5560,3,13425,40275,2,11275,22550
2022-03-16,250000,0,0,2500,1,2500,250,16,4000,25,36,900,10,602,6020,5,841,4205,3,11143,33429,2,7775,15550
2022-03-12,250000,0,0,2500,0,0,250,13,3250,25,52,1300,10,882,8820,5,1353,6765,3,16127,48381,2,13427,26854
2022-03-09,250000,0,0,2500,0,0,250,27,6750,25,27,675,10,1023,10230,5,925,4625,3,15669,47007,2,8333,16666
2022-03-05,250000,0,0,2500,1,2500,250,21,5250,25,51,1275,10,855,8550,5,1103,5515,3,14257,42771,2,11283,22566
2022-03-02,250000,0,0,2500,1,2500,250,11,2750,25,32,800,10,724,7240,5,893,4465,3,12213,36639,2,9009,18018
2022-02-26,250000,0,0,2500,0,0,250,24,6000,25,48,1200,10,1021,10210,5,1386,6930,3,16623,49869,2,14179,28358
2022-02-23,250000,0,0,2500,0,0,250,15,3750,25,45,1125,10,634,6340,5,994,4970,3,11571,34713,2,10210,20420
2022-02-19,250000,0,0,2500,0,0,250,22,5500,25,48,1200,10,973,9730,5,1511,7555,3,16997,50991,2,13803,27606
2022-02-16,250000,0,0,2500,0,0,250,21,5250,25,60,1500,10,912,9120,5,1329,6645,3,15203,45609,2,12339,24678
2022-02-12,250000,1,250000,2500,0,0,250,20,5000,25,46,1150,10,798,7980,5,1244,6220,3,14409,43227,2,12148,24296
2022-02-09,250000,0,0,2500,1,2500,250,17,4250,25,41,1025,10,756,7560,5,1017,5085,3,12653,37959,2,9879,19758
2022-02-05,250000,0,0,2500,0,0,250,23,5750,25,40,1000,10,955,9550,5,1221,6105,3,17489,52467,2,12434,24868
2022-02-02,250000,0,0,2500,0,0,250,28,7000,25,49,1225,10,1013,10130,5,1182,5910,3,15561,46683,2,10749,21498
2022-01-29,250000,1,250000,2500,1,2500,250,31,7750,25,54,1350,10,1356,13560,5,1428,7140,3,22755,68265,2,13360,26720
2022-01-26,250000,0,0,2500,1,2500,250,11,2750,25,66,1650,10,836,8360,5,1268,6340,3,14800,44400,2,11792,23584
2022-01-22,250000,0,0,2500,0,0,250,15,3750,25,42,1050,10,1018,10180,5,1166,5830,3,17628,52884,2,11670,23340
2022-01-19,250000,0,0,2500,0,0,250,15,3750,25,42,1050,10,634,6340,5,1018,5090,3,11208,33624,2,9545,19090
2022-01-15,250000,1,250000,2500,3,7500,250,162,40500,25,391,9775,10,8087,80870,5,11299,56495,3,134313,402939,2,100238,200476
2022-01-12,250000,0,0,2500,2,5000,250,20,5000,25,68,1700,10,1286,12860,5,1487,7435,3,22614,67842,2,14348,28696
2022-01-08,250000,0,0,2500,1,2500,250,27,6750,25,65,1625,10,1368,13680,5,1747,8735,3,23672,71016,2,17323,34646
2022-01-05,250000,0,0,2500,0,0,250,18,4500,25,54,1350,10,1061,10610,5,1433,7165,3,18508,55524,2,14803,29606
2022-01-01,250000,0,0,2500,0,0,250,32,8000,25,64,1600,10,1399,13990,5,1520,7600,3,25152,75456,2,15616,31232
2021-12-29,250000,0,0,2500,1,2500,250,38,9500,25,64,1600,10,1387,13870,5,2019,10095,3,24076,72228,2,19482,38964
2021-12-25,250000,0,0,2500,1,2500,250,41,10250,25,89,2225,10,1514,15140,5,2155,10775,3,26238,78714,2,20636,41272
2021-12-22,250000,1,250000,2500,2,5000,250,38,9500,25,53,1325,10,1635,16350,5,1920,9600,3,28012,84036,2,17859,35718
2021-12-18,250000,1,250000,2500,1,2500,250,40,10000,25,73,1825,10,1758,17580,5,2348,11740,3,30218,90654,2,24327,48654
2021-12-15,250000,0,0,2500,1,2500,250,26,6500,25,77,1925,10,1680,16800,5,2359,11795,3,27689,83067,2,22697,45394
2021-12-11,250000,0,0,2500,1,2500,250,26,6500,25,88,2200,10,1687,16870,5,2550,12750,3,30112,90336,2,24609,49218
2021-12-08,250000,0,0,2500,1,2500,250,36,9000,25,65,1625,10,1720,17200,5,1753,8765,3,27807,83421,2,15817,31634
2021-12-04,250000,0,0,2500,0,0,250,31,7750,25,81,2025,10,1655,16550,5,2234,11170,3,27407,82221,2,22879,45758
2021-12-01,250000,0,0,2500,0,0,250,22,5500,25,58,1450,10,1215,12150,5,1937,9685,3,22419,67257,2,19292,38584
2021-11-27,250000,0,0,2500,1,2500,250,29,7250,25,87,2175,10,1498,14980,5,2005,10025,3,26927,80781,2,19950,39900
2021-11-24,250000,0,0,2500,1,2500,250,30,7500,25,79,1975,10,1323,13230,5,1726,8630,3,21808,65424,2,17553,35106
2021-11-20,250000,0,0,2500,2,5000,250,34,8500,25,113,2825,10,1697,16970,5,2502,12510,3,30411,91233,2,25462,50924
2021-11-17,250000,0,0,2500,1,2500,250,24,6000,25,87,2175,10,1310,13100,5,2003,10015,3,22506,67518,2,19471,38942
2021-11-13,250000,0,0,2500,2,5000,250,43,10750,25,110,2750,10,1852,18520,5,2868,14340,3,30179,90537,2,26145,52290
2021-11-10,250000,0,0,2500,0,0,250,34,8500,25,89,2225,10,1960,19600,5,1937,9685,3,30625,91875,2,17490,34980
2021-11-06,250000,0,0,2500,2,5000,250,30,7500,25,78,1950,10,1625,16250,5,2134,10670,3,28553,85659,2,21363,42726
2021-11-03,250000,0,0,2500,2,5000,250,37,9250,25,81,2025,10,1545,15450,5,2168,10840,3,27120,81360,2,21102,42204
2021-10-30,250000,0,0,2500,1,2500,250,33,8250,25,76,1900,10,1864,18640,5,2319,11595,3,32414,97242,2,21968,43936
2021-10-27,250000,0,0,2500,0,0,250,25,6250,25,79,1975,10,1857,18570,5,2035,10175,3,30008,90024,2,18425,36850
2021-10-23,250000,0,0,2500,1,2500,250,37,9250,25,79,1975,10,1809,18090,5,2490,12450,3,31373,94119,2,25345,50690
2021-10-20,250000,0,0,2500,0,0,250,44,11000,25,92,2300,10,1369,13690,5,2017,10085,3,25860,77580,2,20206,40412
2021-10-16,250000,2,500000,2500,0,0,250,60,15000,25,157,3925,10,2474,24740,5,3886,19430,3,40243,120729,2,32246,64492
2021-10-13,250000,1,250000,2500,0,0,250,57,14250,25,115,2875,10,2162,21620,5,2508,12540,3,33374,100122,2,24654,49308
2021-10-09,250000,0,0,2500,0,0,250,45,11250,25,109,2725,10,2199,21990,5,3414,17070,3,38478,115434,2,33016,66032
2021-10-06,250000,1,250000,2500,1,2500,250,36,9000,25,92,2300,10,1864,18640,5,2502,12510,3,32671,98013,2,23745,47490
2021-10-02,250000,0,0,2500,1,2500,250,38,9500,25,113,2825,10,2342,23420,5,3034,15170,3,41454,124362,2,28142,56284
2021-09-29,250000,0,0,2500,1,2500,250,86,21500,25,179,4475,10,2591,25910,5,3562,17810,3,38583,115749,2,29602,59204
2021-09-25,250000,1,250000,2500,1,2500,250,50,12500,25,124,3100,10,2172,21720,5,2842,14210,3,35488,106464,2,26931,53862
2021-09-22,250000,0,0,2500,0,0,250,38,9500,25,84,2100,10,1632,16320,5,1773,8865,3,28182,84546,2,16946,33892
2021-09-18,250000,0,0,2500,2,5000,250,35,8750,25,109,2725,10,1628,16280,5,2403,12015,3,28276,84828,2,22769,45538
2021-09-15,250000,0,0,2500,1,2500,250,18,4500,25,66,1650,10,1184,11840,5,1701,8505,3,20980,62940,2,17126,34252
2021-09-11,250000,0,0,2500,0,0,250,34,8500,25,74,1850,10,1634,16340,5,1760,8800,3,27524,82572,2,16935,33870
2021-09-08,250000,0,0,2500,1,2500,250,21,5250,25,59,1475,10,1007,10070,5,1420,7100,3,17897,53691,2,13389,26778
2021-09-04,250000,0,0,2500,1,2500,250,28,7000,25,63,1575,10,1360,13600,5,1836,9180,3,22675,68025,2,17851,35702
2021-09-01,250000,0,0,2500,1,2500,250,19,4750,25,72,1800,10,1273,12730,5,1723,8615,3,20275,60825,2,14655,29310
2021-08-28,250000,0,0,2500,1,2500,250,21,5250,25,59,1475,10,1190,11900,5,1389,6945,3,21097,63291,2,13576,27152
2021-08-25,250000,0,0,2500,1,2500,250,27,6750,25,54,1350,10,1109,11090,5,1474,7370,3,18401,55203,2,13633,27266
2021-08-21,250000,0,0,2500,1,2500,250,18,4500,25,58,1450,10,1169,11690,5,1554,7770,3,20762,62286,2,14795,29590
2021-08-18,250000,0,0,2500,1,2500,250,21,5250,25,61,1525,10,1167,11670,5,1757,8785,3,18415,55245,2,14780,29560
2021-08-14,250000,0,0,2500,0,0,250,25,6250,25,89,2225,10,1255,12550,5,2061,10305,3,21239,63717,2,18980,37960
2021-08-11,250000,0,0,2500,0,0,250,22,5500,25,62,1550,10,894,8940,5,1547,7735,3,16515,49545,2,14449,28898
2021-08-07,250000,0,0,2500,1,2500,250,15,3750,25,55,1375,10,993,9930,5,1374,6870,3,18312,54936,2,13884,27768
2021-08-04,250000,0,0,2500,0,0,250,12,3000,25,36,900,10,745,7450,5,1066,5330,3,13253,39759,2,11298,22596
2021-07-31,250000,0,0,2500,1,2500,250,22,5500,25,49,1225,10,936,9360,5,1238,6190,3,16173,48519,2,12189,24378
2021-07-28,250000,1,250000,2500,0,0,250,14,3500,25,44,1100,10,802,8020,5,1111,5555,3,13519,40557,2,10857,21714
2021-07-24,250000,0,0,2500,0,0,250,17,4250,25,46,1150,10,836,8360,5,1209,6045,3,14596,43788,2,12555,25110
2021-07-21,250000,0,0,2500,0,0,250,8,2000,25,24,600,10,713,7130,5,870,4350,3,12697,38091,2,8600,17200
2021-07-17,250000,0,0,2500,0,0,250,24,6000,25,71,1775,10,1174,11740,5,1788,8940,3,19001,57003,2,16436,32872
2021-07-14,250000,0,0,2500,0,0,250,10,2500,25,39,975,10,775,7750,5,1103,5515,3,12993,38979,2,10223,20446
2021-07-10,250000,0,0,2500,1,2500,250,15,3750,25,32,800,10,870,8700,5,1181,5905,3,16011,48033,2,11405,22810
2021-07-07,250000,0,0,2500,1,2500,250,12,3000,25,46,1150,10,640,6400,5,1116,5580,3,12000,36000,2,10694,21388
2021-07-03,250000,0,0,2500,1,2500,250,12,3000,25,36,900,10,803,8030,5,1201,6005,3,14668,44004,2,11590,23180
2021-06-30,250000,0,0,2500,0,0,250,18,4500,25,50,1250,10,652,6520,5,1207,6035,3,12163,36489,2,10425,20850
2021-06-26,250000,0,0,2500,2,5000,250,20,5000,25,57,1425,10,992,9920,5,1214,6070,3,18735,56205,2,11029,22058
2021-06-23,250000,0,0,2500,0,0,250,9,2250,25,29,725,10,640,6400,5,830,4150,3,11732,35196,2,7781,15562
2021-06-19,250000,0,0,2500,0,0,250,14,3500,25,40,1000,10,941,9410,5,1150,5750,3,16443,49329,2,10625,21250
2021-06-16,250000,0,0,2500,0,0,250,8,2000,25,33,825,10,578,5780,5,904,4520,3,10616,31848,2,9232,18464
2021-06-12,250000,0,0,2500,1,2500,250,20,5000,25,37,925,10,897,8970,5,1342,6710,3,14888,44664,2,11460,22920
2021-06-09,250000,0,0,2500,0,0,250,11,2750,25,30,750,10,638,6380,5,837,4185,3,11206,33618,2,7748,15496
2021-06-05,250000,0,0,2500,1,2500,250,12,3000,25,47,1175,10,847,8470,5,1149,5745,3,14966,44898,2,12087,24174
2021-06-02,250000,0,0,2500,0,0,250,9,2250,25,29,725,10,608,6080,5,819,4095,3,11000,33000,2,8469,16938
2021-05-29,250000,0,0,2500,0,0,250,15,3750,25,35,875,10,875,8750,5,1359,6795,3,16220,48660,2,13321,26642
2021-05-26,250000,0,0,2500,1,2500,250,17,4250,25,26,650,10,588,5880,5,807,4035,3,10298,30894,2,7531,15062
2021-05-22,250000,0,0,2500,1,2500,250,20,5000,25,43,1075,10,983,9830,5,1249,6245,3,17497,52491,2,12100,24200
2021-05-19,250000,0,0,2500,0,0,250,22,5500,25,34,850,10,929,9290,5,851,4255,3,15074,45222,2,8428,16856
2021-05-15,250000,0,0,2500,1,2500,250,20,5000,25,42,1050,10,931,9310,5,1258,6290,3,16334,49002,2,13111,26222
2021-05-12,250000,0,0,2500,0,0,250,13,3250,25,23,575,10,761,7610,5,1066,5330,3,13191,39573,2,10783,21566
2021-05-08,250000,0,0,2500,0,0,250,19,4750,25,30,750,10,936,9360,5,1279,6395,3,16921,50763,2,13628,27256
2021-05-05,250000,0,0,2500,0,0,250,13,3250,25,36,900,10,626,6260,5,879,4395,3,11141,33423,2,8775,17550
2021-05-01,250000,0,0,2500,1,2500,250,16,4000,25,38,950,10,928,9280,5,1277,6385,3,16963,50889,2,13528,27056
2021-04-28,250000,0,0,2500,1,2500,250,17,4250,25,34,850,10,692,6920,5,1039,5195,3,13233,39699,2,10170,20340
2021-04-24,250000,0,0,2500,0,0,250,18,4500,25,33,825,10,823,8230,5,1207,6035,3,15102,45306,2,11358,22716
2021-04-21,250000,0,0,2500,0,0,250,15,3750,25,26,650,10,678,6780,5,805,4025,3,10132,30396,2,7306,14612
2021-04-17,250000,0,0,2500,0,0,250,17,4250,25,45,1125,10,903,9030,5,1169,5845,3,15706,47118,2,10681,21362
2021-04-14,250000,1,250000,2500,0,0,250,37,9250,25,72,1800,10,1589,15890,5,1747,8735,3,25384,76152,2,16035,32070
2021-04-10,250000,0,0,2500,1,2500,250,24,6000,25,57,1425,10,1255,12550,5,1987,9935,3,22546,67638,2,19302,38604
2021-04-07,250000,0,0,2500,0,0,250,16,4000,25,44,1100,10,839,8390,5,1264,6320,3,15804,47412,2,13258,26516
2021-04-03,250000,0,0,2500,0,0,250,23,5750,25,69,1725,10,1170,11700,5,1733,8665,3,21678,65034,2,17150,34300
2021-03-31,250000,0,0,2500,1,2500,250,17,4250,25,54,1350,10,864,8640,5,1216,6080,3,14866,44598,2,12094,24188
2021-03-27,250000,0,0,2500,0,0,250,28,7000,25,60,1500,10,1125,11250,5,1550,7750,3,21241,63723,2,16341,32682
2021-03-24,250000,0,0,2500,0,0,250,25,6250,25,51,1275,10,1182,11820,5,1039,5195,3,19308,57924,2,9910,19820
2021-03-20,250000,0,0,2500,0,0,250,22,5500,25,42,1050,10,1124,11240,5,1427,7135,3,19822,59466,2,13645,27290
2021-03-17,250000,0,0,2500,2,5000,250,20,5000,25,57,1425,10,984,9840,5,1407,7035,3,16744,50232,2,12983,25966
2021-03-13,250000,0,0,2500,0,0,250,32,8000,25,40,1000,10,1304,13040,5,1402,7010,3,23005,69015,2,13270,26540
2021-03-10,250000,0,0,2500,0,0,250,19,4750,25,40,1000,10,1011,10110,5,981,4905,3,17227,51681,2,9413,18826
2021-03-06,250000,0,0,2500,0,0,250,24,6000,25,64,1600,10,1129,11290,5,1604,8020,3,18318,54954,2,15728,31456
2021-03-03,250000,0,0,2500,1,2500,250,15,3750,25,43,1075,10,885,8850,5,1119,5595,3,15521,46563,2,11911,23822
2021-02-27,250000,0,0,2500,0,0,250,20,5000,25,57,1425,10,1033,10330,5,1342,6710,3,17144,51432,2,13721,27442
2021-02-24,250000,1,250000,2500,1,2500,250,17,4250,25,33,825,10,768,7680,5,947,4735,3,15001,45003,2,9423,18846
2021-02-20,250000,0,0,2500,2,5000,250,26,6500,25,60,1500,10,1062,10620,5,1535,7675,3,18727,56181,2,14669,29338
2021-02-17,250000,0,0,2500,0,0,250,16,4000,25,34,850,10,640,6400,5,877,4385,3,10542,31626,2,8425,16850
2021-02-13,250000,0,0,2500,0,0,250,25,6250,25,47,1175,10,1122,11220,5,1590,7950,3,18319,54957,2,15604,31208
2021-02-10,250000,0,0,2500,0,0,250,12,3000,25,44,1100,10,663,6630,5,993,4965,3,11939,35817,2,9957,19914
2021-02-06,250000,0,0,2500,0,0,250,26,6500,25,53,1325,10,1099,10990,5,1490,7450,3,18531,55593,2,13844,27688
2021-02-03,250000,0,0,2500,0,0,250,13,3250,25,35,875,10,588,5880,5,792,3960,3,10508,31524,2,8120,16240
2021-01-30,250000,0,0,2500,0,0,250,14,3500,25,57,1425,10,1084,10840,5,1488,7440,3,18319,54957,2,13811,27622
2021-01-27,250000,0,0,2500,0,0,250,19,4750,25,35,875,10,779,7790,5,929,4645,3,14051,42153,2,9796,19592
2021-01-23,250000,0,0,2500,0,0,250,21,5250,25,63,1575,10,1203,12030,5,1525,7625,3,20995,62985,2,13589,27178
2021-01-20,250000,0,0,2500,0,0,250,9,2250,25,40,1000,10,794,7940,5,1171,5855,3,13606,40818,2,12604,25208
2021-01-16,250000,0,0,2500,0,0,250,24,6000,25,60,1500,10,1029,10290,5,1440,7200,3,18102,54306,2,14457,28914
2021-01-13,250000,0,0,2500,0,0,250,13,3250,25,32,800,10,738,7380,5,1150,5750,3,14093,42279,2,10745,21490
2021-01-09,250000,0,0,2500,0,0,250,30,7500,25,77,1925,10,1222,12220,5,1630,8150,3,20550,61650,2,14983,29966
2021-01-06,250000,0,0,2500,0,0,250,12,3000,25,28,700,10,601,6010,5,1235,6175,3,11404,34212,2,12153,24306
2021-01-02,250000,0,0,2500,0,0,250,14,3500,25,46,1150,10,886,8860,5,1036,5180,3,15618,46854,2,9624,19248
2020-12-30,250000,0,0,2500,0,0,250,19,4750,25,34,850,10,725,7250,5,905,4525,3,12446,37338,2,9666,19332
2020-12-26,250000,0,0,2500,0,0,250,34,8500,25,45,1125,10,1120,11200,5,906,4530,3,17618,52854,2,8838,17676
2020-12-23,250000,0,0,2500,0,0,250,19,4750,25,41,1025,10,816,8160,5,1093,5465,3,14936,44808,2,10290,20580
2020-12-19,250000,1,250000,2500,0,0,250,19,4750,25,60,1500,10,1106,11060,5,1700,8500,3,18852,56556,2,15506,31012
2020-12-16,250000,0,0,2500,0,0,250,16,4000,25,32,800,10,560,5600,5,723,3615,3,9785,29355,2,7215,14430
2020-12-12,250000,0,0,2500,0,0,250,14,3500,25,38,950,10,999,9990,5,1077,5385,3,17876,53628,2,10245,20490
2020-12-09,250000,0,0,2500,2,5000,250,15,3750,25,26,650,10,515,5150,5,855,4275,3,10687,32061,2,8341,16682
2020-12-05,250000,0,0,2500,0,0,250,10,2500,25,45,1125,10,812,8120,5,1221,6105,3,14421,43263,2,12974,25948
2020-12-02,250000,0,0,2500,0,0,250,15,3750,25,52,1300,10,926,9260,5,1259,6295,3,16341,49023,2,12627,25254
2020-11-28,250000,0,0,2500,1,2500,250,36,9000,25,136,3400,10,1640,16400,5,2905,14525,3,25712,77136,2,23572,47144
2020-11-25,250000,0,0,2500,3,7500,250,30,7500,25,52,1300,10,1087,10870,5,1615,8075,3,18432,55296,2,14094,28188
2020-11-21,250000,0,0,2500,1,2500,250,34,8500,25,74,1850,10,1557,15570,5,1893,9465,3,23269,69807,2,16317,32634
2020-11-18,250000,0,0,2500,0,0,250,11,2750,25,43,1075,10,897,8970,5,1025,5125,3,15077,45231,2,10050,20100
2020-11-14,250000,0,0,2500,3,7500,250,40,10000,25,90,2250,10,1633,16330,5,1885,9425,3,24461,73383,2,16914,33828
2020-11-11,250000,0,0,2500,0,0,250,17,4250,25,42,1050,10,758,7580,5,1418,7090,3,14082,42246,2,12886,25772
2020-11-07,250000,0,0,2500,1,2500,250,34,8500,25,97,2425,10,1450,14500,5,2138,10690,3,23728,71184,2,18403,36806
2020-11-04,250000,0,0,2500,1,2500,250,10,2500,25,30,750,10,620,6200,5,830,4150,3,11207,33621,2,8659,17318
2020-10-31,250000,0,0,2500,0,0,250,18,4500,25,70,1750,10,1104,11040,5,1617,8085,3,18503,55509,2,15784,31568
2020-10-28,250000,0,0,2500,2,5000,250,13,3250,25,28,700,10,665,6650,5,851,4255,3,12033,36099,2,8298,16596
2020-10-24,250000,0,0,2500,2,5000,250,19,4750,25,46,1150,10,910,9100,5,1310,6550,3,16964,50892,2,13928,27856
2020-10-21,250000,0,0,2500,1,2500,250,7,1750,25,37,925,10,765,7650,5,1016,5080,3,12198,36594,2,9713,19426
2020-10-17,250000,0,0,2500,0,0,250,19,4750,25,49,1225,10,785,7850,5,1213,6065,3,14519,43557,2,12327,24654
2020-10-14,250000,0,0,2500,1,2500,250,14,3500,25,57,1425,10,707,7070,5,1575,7875,3,12396,37188,2,12189,24378
2020-10-10,250000,0,0,2500,0,0,250,23,5750,25,41,1025,10,916,9160,5,1264,6320,3,15302,45906,2,13204,26408
2020-10-07,250000,1,250000,2500,2,5000,250,20,5000,25,40,1000,10,789,7890,5,856,4280,3,13354,40062,2,8548,17096
2020-10-03,250000,0,0,2500,1,2500,250,26,6500,25,44,1100,10,971,9710,5,1306,6530,3,17048,51144,2,12846,25692
2020-09-30,250000,0,0,2500,2,5000,250,27,6750,25,52,1300,10,1075,10750,5,1352,6760,3,15872,47616,2,11474,22948
2020-09-26,250000,0,0,2500,0,0,250,14,3500,25,39,975,10,821,8210,5,1155,5775,3,14609,43827,2,12366,24732
2020-09-23,250000,0,0,2500,0,0,250,10,2500,25,17,425,10,590,5900,5,772,3860,3,11380,34140,2,8094,16188
2020-09-19,250000,0,0,2500,1,2500,250,21,5250,25,69,1725,10,1032,10320,5,1754,8770,3,18349,55047,2,15604,31208
2020-09-16,250000,0,0,2500,0,0,250,18,4500,25,28,700,10,843,8430,5,938,4690,3,13679,41037,2,8957,17914
2020-09-12,250000,0,0,2500,0,0,250,21,5250,25,58,1450,10,958,9580,5,1430,7150,3,17272,51816,2,13804,27608
2020-09-09,250000,0,0,2500,1,2500,250,13,3250,25,31,775,10,738,7380,5,1102,5510,3,13339,40017,2,10338,20676
2020-09-05,250000,0,0,2500,0,0,250,13,3250,25,48,1200,10,969,9690,5,1506,7530,3,16454,49362,2,14572,29144
2020-09-02,250000,0,0,2500,1,2500,250,16,4000,25,27,675,10,544,5440,5,803,4015,3,10727,32181,2,7810,15620
2020-08-29,250000,0,0,2500,0,0,250,19,4750,25,46,1150,10,870,8700,5,1292,6460,3,15975,47925,2,12879,25758
2020-08-26,250000,0,0,2500,0,0,250,19,4750,25,30,750,10,1013,10130,5,745,3725,3,15788,47364,2,7135,14270
2020-08-22,250000,0,0,2500,0,0,250,18,4500,25,52,1300,10,930,9300,5,1380,6900,3,16009,48027,2,11807,23614
2020-08-19,250000,1,250000,2500,0,0,250,5,1250,25,41,1025,10,680,6800,5,971,4855,3,12459,37377,2,9510,19020
2020-08-15,250000,0,0,2500,3,7500,250,19,4750,25,67,1675,10,1025,10250,5,1527,7635,3,18355,55065,2,16006,32012
2020-08-12,250000,0,0,2500,0,0,250,20,5000,25,29,725,10,731,7310,5,1147,5735,3,13783,41349,2,11468,22936
2020-08-08,250000,0,0,2500,0,0,250,19,4750,25,65,1625,10,1036,10360,5,1766,8830,3,18371,55113,2,16597,33194
2020-08-05,250000,0,0,2500,0,0,250,16,4000,25,26,650,10,660,6600,5,884,4420,3,12001,36003,2,9396,18792
2020-08-01,250000,0,0,2500,2,5000,250,32,8000,25,49,1225,10,1590,15900,5,1497,7485,3,23723,71169,2,13422,26844
2020-07-29,250000,0,0,2500,1,2500,250,18,4500,25,26,650,10,834,8340,5,815,4075,3,14806,44418,2,7978,15956
2020-07-25,250000,0,0,2500,0,0,250,28,7000,25,40,1000,10,956,9560,5,1163,5815,3,16577,49731,2,11505,23010
2020-07-22,250000,0,0,2500,0,0,250,15,3750,25,31,775,10,547,5470,5,827,4135,3,10245,30735,2,8617,17234
2020-07-18,250000,0,0,2500,2,5000,250,26,6500,25,72,1800,10,1158,11580,5,1548,7740,3,19085,57255,2,14159,28318
2020-07-15,250000,0,0,2500,0,0,250,14,3500,25,20,500,10,549,5490,5,773,3865,3,9888,29664,2,7832,15664
2020-07-11,250000,0,0,2500,0,0,250,15,3750,25,48,1200,10,731,7310,5,1025,5125,3,13844,41532,2,11127,22254
2020-07-08,250000,0,0,2500,0,0,250,25,6250,25,28,700,10,991,9910,5,854,4270,3,14743,44229,2,7922,15844
2020-07-04,250000,0,0,2500,0,0,250,22,5500,25,45,1125,10,866,8660,5,1443,7215,3,15837,47511,2,14115,28230
2020-07-01,250000,0,0,2500,2,5000,250,18,4500,25,42,1050,10,833,8330,5,1491,7455,3,13999,41997,2,13308,26616
2020-06-27,250000,0,0,2500,1,2500,250,17,4250,25,37,925,10,817,8170,5,1228,6140,3,15264,45792,2,12380,24760
2020-06-24,250000,0,0,2500,0,0,250,11,2750,25,24,600,10,736,7360,5,750,3750,3,12640,37920,2,7190,14380
2020-06-20,250000,1,250000,2500,0,0,250,19,4750,25,46,1150,10,1126,11260,5,1662,8310,3,20155,60465,2,16057,32114
2020-06-17,250000,0,0,2500,1,2500,250,28,7000,25,49,1225,10,883,8830,5,1261,6305,3,14992,44976,2,12093,24186
2020-06-13,250000,0,0,2500,1,2500,250,17,4250,25,66,1650,10,1139,11390,5,1676,8380,3,18751,56253,2,15614,31228
2020-06-10,250000,2,500000,2500,0,0,250,32,8000,25,36,900,10,1264,12640,5,960,4800,3,18279,54837,2,8556,17112
2020-06-06,250000,0,0,2500,0,0,250,24,6000,25,50,1250,10,1297,12970,5,1355,6775,3,22404,67212,2,13175,26350
2020-06-03,250000,0,0,2500,0,0,250,23,5750,25,56,1400,10,839,8390,5,1215,6075,3,14268,42804,2,11259,22518
2020-05-30,250000,1,250000,2500,0,0,250,13,3250,25,38,950,10,981,9810,5,1277,6385,3,16342,49026,2,12923,25846
2020-05-27,250000,0,0,2500,0,0,250,12,3000,25,35,875,10,632,6320,5,785,3925,3,11182,33546,2,7951,15902
2020-05-23,250000,0,0,2500,1,2500,250,14,3500,25,68,1700,10,975,9750,5,1676,8380,3,16890,50670,2,15831,31662
2020-05-20,250000,0,0,2500,2,5000,250,21,5250,25,46,1150,10,775,7750,5,1394,6970,3,13636,40908,2,11858,23716
2020-05-16,250000,0,0,2500,0,0,250,17,4250,25,54,1350,10,926,9260,5,1544,7720,3,16450,49350,2,13067,26134
2020-05-13,250000,0,0,2500,0,0,250,8,2000,25,28,700,10,554,5540,5,760,3800,3,9460,28380,2,8741,17482
2020-05-09,250000,1,250000,2500,1,2500,250,28,7000,25,53,1325,10,1055,10550,5,1155,5775,3,16973,50919,2,11323,22646
2020-05-06,250000,0,0,2500,0,0,250,12,3000,25,40,1000,10,588,5880,5,975,4875,3,11083,33249,2,9905,19810
2020-05-02,250000,0,0,2500,0,0,250,24,6000,25,56,1400,10,1027,10270,5,1573,7865,3,17788,53364,2,14765,29530
2020-04-29,250000,0,0,2500,0,0,250,9,2250,25,35,875,10,623,6230,5,790,3950,3,11247,33741,2,7577,15154
2020-04-25,250000,0,0,2500,1,2500,250,19,4750,25,44,1100,10,829,8290,5,1262,6310,3,15233,45699,2,11953,23906
2020-04-22,250000,1,250000,2500,1,2500,250,31,7750,25,65,1625,10,1220,12200,5,1308,6540,3,15977,47931,2,10343,20686
2020-04-18,250000,0,0,2500,0,0,250,23,5750,25,51,1275,10,999,9990,5,1248,6240,3,17691,53073,2,11904,23808
2020-04-15,250000,0,0,2500,0,0,250,26,6500,25,24,600,10,617,6170,5,938,4690,3,12143,36429,2,8845,17690
2020-04-11,250000,0,0,2500,0,0,250,15,3750,25,57,1425,10,931,9310,5,1181,5905,3,17216,51648,2,11507,23014
2020-04-08,250000,0,0,2500,1,2500,250,21,5250,25,26,650,10,882,8820,5,927,4635,3,14666,43998,2,8642,17284
2020-04-04,250000,0,0,2500,1,2500,250,15,3750,25,46,1150,10,838,8380,5,1027,5135,3,13080,39240,2,10441,20882
2020-04-01,250000,0,0,2500,1,2500,250,20,5000,25,70,1750,10,953,9530,5,1342,6710,3,14350,43050,2,10834,21668
2020-03-28,250000,0,0,2500,0,0,250,23,5750,25,52,1300,10,1052,10520,5,1229,6145,3,18227,54681,2,11137,22274
2020-03-25,250000,0,0,2500,0,0,250,7,1750,25,24,600,10,633,6330,5,769,3845,3,11437,34311,2,8011,16022
2020-03-21,250000,0,0,2500,0,0,250,19,4750,25,52,1300,10,806,8060,5,1297,6485,3,15891,47673,2,12595,25190
2020-03-18,250000,0,0,2500,0,0,250,23,5750,25,53,1325,10,1008,10080,5,1097,5485,3,13990,41970,2,9413,18826
2020-03-14,250000,0,0,2500,0,0,250,19,4750,25,69,1725,10,933,9330,5,1452,7260,3,16635,49905,2,14812,29624
2020-03-11,250000,0,0,2500,1,2500,250,16,4000,25,47,1175,10,724,7240,5,1195,5975,3,12659,37977,2,10862,21724
2020-03-07,250000,0,0,2500,1,2500,250,17,4250,25,75,1875,10,1038,10380,5,1557,7785,3,17041,51123,2,14949,29898
2020-03-04,250000,0,0,2500,0,0,250,19,4750,25,33,825,10,530,5300,5,680,3400,3,10052,30156,2,7028,14056
2020-02-29,250000,0,0,2500,0,0,250,21,5250,25,35,875,10,886,8860,5,1112,5560,3,14202,42606,2,10940,21880
2020-02-26,250000,0,0,2500,0,0,250,15,3750,25,49,1225,10,787,7870,5,992,4960,3,12783,38349,2,9438,18876
2020-02-22,250000,0,0,2500,2,5000,250,11,2750,25,53,1325,10,803,8030,5,1318,6590,3,15163,45489,2,13111,26222
2020-02-19,250000,0,0,2500,0,0,250,15,3750,25,33,825,10,582,5820,5,764,3820,3,10499,31497,2,7829,15658
2020-02-15,250000,0,0,2500,0,0,250,18,4500,25,43,1075,10,846,8460,5,1023,5115,3,15197,45591,2,9857,19714
2020-02-12,250000,0,0,2500,0,0,250,9,2250,25,29,725,10,561,5610,5,898,4490,3,9868,29604,2,8680,17360
2020-02-08,250000,0,0,2500,0,0,250,20,5000,25,40,1000,10,1093,10930,5,1219,6095,3,18323,54969,2,11096,22192
2020-02-05,250000,0,0,2500,0,0,250,10,2500,25,33,825,10,679,6790,5,1049,5245,3,11177,33531,2,9724,19448
2020-02-01,250000,0,0,2500,1,2500,250,17,4250,25,54,1350,10,921,9210,5,1362,6810,3,16208,48624,2,13488,26976
2020-01-29,250000,0,0,2500,0,0,250,17,4250,25,38,950,10,884,8840,5,892,4460,3,15262,45786,2,8612,17224
2020-01-25,250000,0,0,2500,0,0,250,21,5250,25,39,975,10,934,9340,5,1157,5785,3,16222,48666,2,11724,23448
2020-01-22,250000,0,0,2500,1,2500,250,14,3500,25,44,1100,10,920,9200,5,1191,5955,3,15028,45084,2,10869,21738
2020-01-18,250000,0,0,2500,0,0,250,17,4250,25,51,1275,10,904,9040,5,1307,6535,3,15661,46983,2,12959,25918
2020-01-15,250000,0,0,2500,0,0,250,16,4000,25,31,775,10,792,7920,5,883,4415,3,14003,42009,2,8439,16878
2020-01-11,250000,0,0,2500,0,0,250,12,3000,25,58,1450,10,1047,10470,5,1525,7625,3,17389,52167,2,13787,27574
2020-01-08,250000,0,0,2500,0,0,250,7,1750,25,45,1125,10,738,7380,5,1032,5160,3,13020,39060,2,9734,19468
2020-01-04,250000,0,0,2500,0,0,250,12,3000,25,34,850,10,746,7460,5,1045,5225,3,13440,40320,2,9957,19914
2020-01-01,250000,0,0,2500,0,0,250,17,4250,25,34,850,10,666,6660,5,947,4735,3,11792,35376,2,9083,18166
2019-12-28,250000,0,0,2500,0,0,250,14,3500,25,31,775,10,689,6890,5,1009,5045,3,12329,36987,2,9708,19416
2019-12-25,250000,0,0,2500,1,2500,250,17,4250,25,41,1025,10,902,9020,5,1226,6130,3,14237,42711,2,11780,23560
2019-12-21,250000,0,0,2500,1,2500,250,14,3500,25,47,1175,10,885,8850,5,1344,6720,3,16002,48006,2,13709,27418
2019-12-18,250000,0,0,2500,0,0,250,22,5500,25,25,625,10,760,7600,5,737,3685,3,13083,39249,2,7342,14684
2019-12-14,250000,0,0,2500,2,5000,250,54,13500,25,120,3000,10,1873,18730,5,2240,11200,3,20941,62823,2,16733,33466
2019-12-11,250000,0,0,2500,0,0,250,12,3000,25,24,600,10,654,6540,5,743,3715,3,11886,35658,2,7000,14000
2019-12-07,250000,0,0,2500,1,2500,250,20,5000,25,68,1700,10,1145,11450,5,1652,8260,3,19652,58956,2,14024,28048
2019-12-04,250000,0,0,2500,0,0,250,8,2000,25,25,625,10,582,5820,5,900,4500,3,11383,34149,2,9394,18788
2019-11-30,250000,0,0,2500,0,0,250,18,4500,25,63,1575,10,1003,10030,5,1558,7790,3,17979,53937,2,15453,30906
2019-11-27,250000,0,0,2500,0,0,250,16,4000,25,36,900,10,800,8000,5,1089,5445,3,12850,38550,2,9795,19590
2019-11-23,250000,0,0,2500,0,0,250,14,3500,25,36,900,10,859,8590,5,1216,6080,3,14644,43932,2,12152,24304
2019-11-20,250000,0,0,2500,0,0,250,19,4750,25,34,850,10,1066,10660,5,848,4240,3,16089,48267,2,7541,15082
2019-11-16,250000,0,0,2500,0,0,250,20,5000,25,43,1075,10,939,9390,5,1431,7155,3,16175,48525,2,12388,24776
2019-11-13,250000,0,0,2500,1,2500,250,11,2750,25,37,925,10,661,6610,5,896,4480,3,11591,34773,2,8568,17136
2019-11-09,250000,0,0,2500,0,0,250,8,2000,25,30,750,10,767,7670,5,1067,5335,3,14529,43587,2,10004,20008
2019-11-06,250000,0,0,2500,2,5000,250,9,2250,25,37,925,10,509,5090,5,726,3630,3,8774,26322,2,6513,13026
2019-11-02,250000,0,0,2500,1,2500,250,13,3250,25,38,950,10,691,6910,5,1045,5225,3,12903,38709,2,10086,20172
2019-10-30,250000,0,0,2500,0,0,250,15,3750,25,20,500,10,565,5650,5,645,3225,3,9637,28911,2,6510,13020
2019-10-26,250000,0,0,2500,0,0,250,13,3250,25,48,1200,10,926,9260,5,1267,6335,3,16155,48465,2,13079,26158
2019-10-23,250000,0,0,2500,0,0,250,10,2500,25,37,925,10,641,6410,5,893,4465,3,11775,35325,2,9370,18740
2019-10-19,250000,0,0,2500,0,0,250,29,7250,25,34,850,10,1072,10720,5,1110,5550,3,18254,54762,2,10230,20460
2019-10-16,250000,0,0,2500,0,0,250,14,3500,25,32,800,10,661,6610,5,778,3890,3,11770,35310,2,6977,13954
2019-10-12,250000,1,250000,2500,0,0,250,16,4000,25,44,1100,10,861,8610,5,1279,6395,3,15001,45003,2,12560,25120
2019-10-09,250000,0,0,2500,0,0,250,9,2250,25,22,550,10,562,5620,5,795,3975,3,10979,32937,2,7816,15632
2019-10-05,250000,0,0,2500,0,0,250,13,3250,25,33,825,10,856,8560,5,1169,5845,3,15215,45645,2,11353,22706
2019-10-02,250000,0,0,2500,0,0,250,14,3500,25,32,800,10,671,6710,5,804,4020,3,11450,34350,2,7662,15324
2019-09-29,,,,,,,,,,,,,,,,,,,,,,,,
2019-09-28,250000,0,0,2500,0,0,250,17,4250,25,41,1025,10,880,8800,5,1248,6240,3,15632,46896,2,12321,24642
2019-09-25,250000,0,0,2500,1,2500,250,8,2000,25,12,300,10,533,5330,5,656,3280,3,8970,26910,2,6367,12734
2019-09-21,250000,0,0,2500,1,2500,250,12,3000,25,62,1550,10,1092,10920,5,1689,8445,3,18607,55821,2,16836,33672
2019-09-18,250000,0,0,2500,0,0,250,14,3500,25,25,625,10,591,5910,5,788,3940,3,10951,32853,2,7502,15004
2019-09-14,250000,0,0,2500,2,5000,250,12,3000,25,46,1150,10,947,9470,5,1150,5750,3,15822,47466,2,11313,22626
2019-09-11,250000,0,0,2500,1,2500,250,11,2750,25,24,600,10,513,5130,5,769,3845,3,9801,29403,2,8126,16252
2019-09-07,250000,0,0,2500,0,0,250,24,6000,25,51,1275,10,835,8350,5,1218,6090,3,14806,44418,2,11924,23848
2019-09-04,250000,0,0,2500,0,0,250,14,3500,25,78,1950,10,943,9430,5,1447,7235,3,14926,44778,2,12094,24188
2019-08-31,250000,0,0,2500,1,2500,250,20,5000,25,45,1125,10,772,7720,5,1127,5635,3,13809,41427,2,10471,20942
2019-08-28,250000,0,0,2500,0,0,250,13,3250,25,32,800,10,528,5280,5,811,4055,3,10143,30429,2,8219,16438
2019-08-24,250000,1,250000,2500,0,0,250,13,3250,25,29,725,10,898,8980,5,940,4700,3,15821,47463,2,9143,18286
2019-08-21,250000,0,0,2500,0,0,250,17,4250,25,64,1600,10,975,9750,5,1542,7710,3,17352,52056,2,15155,30310
2019-08-17,250000,0,0,2500,0,0,250,25,6250,25,57,1425,10,1191,11910,5,1924,9620,3,20957,62871,2,17943,35886
2019-08-14,250000,0,0,2500,0,0,250,31,7750,25,46,1150,10,1161,11610,5,1271,6355,3,19979,59937,2,12150,24300
2019-08-10,250000,0,0,2500,1,2500,250,15,3750,25,71,1775,10,1247,12470,5,1775,8875,3,21156,63468,2,16423,32846
2019-08-07,250000,0,0,2500,0,0,250,9,2250,25,44,1100,10,781,7810,5,1055,5275,3,13858,41574,2,11025,22050
2019-08-03,250000,0,0,2500,1,2500,250,26,6500,25,61,1525,10,1371,13710,5,1546,7730,3,24021,72063,2,15156,30312
2019-07-31,250000,0,0,2500,1,2500,250,32,8000,25,101,2525,10,1325,13250,5,1758,8790,3,18210,54630,2,13159,26318
2019-07-27,250000,0,0,2500,0,0,250,13,3250,25,55,1375,10,934,9340,5,1258,6290,3,16601,49803,2,11885,23770
2019-07-24,250000,0,0,2500,2,5000,250,13,3250,25,49,1225,10,837,8370,5,1330,6650,3,13856,41568,2,12133,24266
2019-07-20,250000,0,0,2500,0,0,250,19,4750,25,61,1525,10,893,8930,5,1282,6410,3,16000,48000,2,13916,27832
2019-07-17,250000,0,0,2500,0,0,250,7,1750,25,25,625,10,582,5820,5,933,4665,3,12083,36249,2,9370,18740
2019-07-13,250000,0,0,2500,0,0,250,9,2250,25,45,1125,10,828,8280,5,1168,5840,3,14896,44688,2,13275,26550
2019-07-10,250000,0,0,2500,1,2500,250,25,6250,25,40,1000,10,992,9920,5,990,4950,3,15601,46803,2,8937,17874
2019-07-06,250000,0,0,2500,0,0,250,13,3250,25,39,975,10,884,8840,5,1248,6240,3,14836,44508,2,12778,25556
2019-07-03,250000,2,500000,2500,0,0,250,12,3000,25,33,825,10,687,6870,5,795,3975,3,12150,36450,2,8126,16252
2019-06-29,250000,0,0,2500,1,2500,250,24,6000,25,60,1500,10,1195,11950,5,1312,6560,3,18322,54966,2,11926,23852
2019-06-26,250000,0,0,2500,0,0,250,14,3500,25,33,825,10,551,5510,5,821,4105,3,10669,32007,2,8598,17196
2019-06-22,250000,0,0,2500,0,0,250,18,4500,25,50,1250,10,963,9630,5,1306,6530,3,16619,49857,2,12386,24772
2019-06-19,250000,0,0,2500,3,7500,250,27,6750,25,72,1800,10,1115,11150,5,1369,6845,3,15146,45438,2,10708,21416
2019-06-15,250000,0,0,2500,0,0,250,20,5000,25,49,1225,10,1172,11720,5,1276,6380,3,19251,57753,2,11305,22610
2019-06-12,250000,0,0,2500,0,0,250,8,2000,25,33,825,10,791,7910,5,743,3715,3,13319,39957,2,6876,13752
2019-06-08,250000,0,0,2500,0,0,250,11,2750,25,31,775,10,813,8130,5,1011,5055,3,14623,43869,2,10513,21026
2019-06-05,250000,0,0,2500,0,0,250,11,2750,25,23,575,10,533,5330,5,786,3930,3,9351,28053,2,8617,17234
2019-06-01,250000,0,0,2500,0,0,250,15,3750,25,43,1075,10,800,8000,5,1131,5655,3,14161,42483,2,11292,22584
2019-05-29,250000,0,0,2500,0,0,250,9,2250,25,24,600,10,656,6560,5,698,3490,3,11679,35037,2,6450,12900
2019-05-25,250000,0,0,2500,0,0,250,13,3250,25,65,1625,10,1010,10100,5,1493,7465,3,16477,49431,2,13967,27934
2019-05-22,250000,0,0,2500,0,0,250,10,2500,25,29,725,10,609,6090,5,663,3315,3,10357,31071,2,6435,12870
2019-05-18,250000,0,0,2500,1,2500,250,14,3500,25,47,1175,10,964,9640,5,1429,7145,3,15519,46557,2,13470,26940
2019-05-15,250000,0,0,2500,1,2500,250,12,3000,25,20,500,10,730,7300,5,880,4400,3,13166,39498,2,9016,18032
2019-05-11,250000,0,0,2500,1,2500,250,27,6750,25,45,1125,10,1017,10170,5,1434,7170,3,17878,53634,2,14268,28536
2019-05-08,250000,0,0,2500,1,2500,250,16,4000,25,27,675,10,560,5600,5,808,4040,3,9893,29679,2,8025,16050
2019-05-04,250000,1,250000,2500,0,0,250,19,4750,25,60,1500,10,1066,10660,5,1621,8105,3,17532,52596,2,15294,30588
2019-05-01,250000,0,0,2500,1,2500,250,31,7750,25,83,2075,10,1050,10500,5,1829,9145,3,15476,46428,2,13922,27844
2019-04-27,250000,0,0,2500,0,0,250,25,6250,25,62,1550,10,1125,11250,5,1742,8710,3,18440,55320,2,15522,31044
2019-04-24,250000,0,0,2500,0,0,250,15,3750,25,37,925,10,617,6170,5,930,4650,3,10602,31806,2,9885,19770
2019-04-20,250000,0,0,2500,0,0,250,20,5000,25,29,725,10,877,8770,5,1071,5355,3,14885,44655,2,10820,21640
2019-04-17,250000,0,0,2500,0,0,250,10,2500,25,27,675,10,617,6170,5,703,3515,3,10891,32673,2,7004,14008
2019-04-13,250000,0,0,2500,1,2500,250,15,3750,25,39,975,10,867,8670,5,1156,5780,3,14530,43590,2,12573,25146
2019-04-10,250000,0,0,2500,0,0,250,13,3250,25,39,975,10,865,8650,5,912,4560,3,15441,46323,2,8713,17426
2019-04-06,250000,0,0,2500,0,0,250,21,5250,25,34,850,10,935,9350,5,1381,6905,3,16308,48924,2,13272,26544
2019-04-03,250000,0,0,2500,2,5000,250,50,12500,25,57,1425,10,1150,11500,5,1802,9010,3,16980,50940,2,12871,25742
2019-03-30,250000,0,0,2500,0,0,250,14,3500,25,47,1175,10,950,9500,5,1252,6260,3,16425,49275,2,11973,23946
2019-03-27,250000,0,0,2500,0,0,250,13,3250,25,41,1025,10,681,6810,5,972,4860,3,12341,37023,2,9776,19552
2019-03-24,,,,,,,,,,,,,,,,,,,,,,,,
2019-03-23,250000,0,0,2500,1,2500,250,26,6500,25,44,1100,10,990,9900,5,1150,5750,3,18208,54624,2,10689,21378
2019-03-20,250000,0,0,2500,0,0,250,10,2500,25,40,1000,10,708,7080,5,1130,5650,3,12578,37734,2,10212,20424
2019-03-16,250000,0,0,2500,0,0,250,19,4750,25,67,1675,10,1271,12710,5,1661,8305,3,21250,63750,2,16099,32198
2019-03-13,250000,0,0,2500,1,2500,250,13,3250,25,24,600,10,739,7390,5,740,3700,3,12218,36654,2,6748,13496
2019-03-09,250000,0,0,2500,1,2500,250,17,4250,25,44,1100,10,999,9990,5,1487,7435,3,17770,53310,2,13841,27682
2019-03-06,250000,0,0,2500,0,0,250,13,3250,25,25,625,10,753,7530,5,933,4665,3,13052,39156,2,7753,15506
2019-03-02,250000,0,0,2500,1,2500,250,18,4500,25,45,1125,10,882,8820,5,1381,6905,3,14778,44334,2,12413,24826
2019-02-27,250000,0,0,2500,0,0,250,17,4250,25,53,1325,10,1014,10140,5,1276,6380,3,14642,43926,2,10873,21746
2019-02-23,250000,0,0,2500,1,2500,250,24,6000,25,54,1350,10,1367,13670,5,1910,9550,3,24680,74040,2,18729,37458
2019-02-20,250000,0,0,2500,0,0,250,21,5250,25,42,1050,10,1080,10800,5,1055,5275,3,19021,57063,2,10618,21236
2019-02-16,250000,0,0,2500,0,0,250,26,6500,25,50,1250,10,1039,10390,5,1417,7085,3,19361,58083,2,13698,27396
2019-02-13,250000,0,0,2500,1,2500,250,13,3250,25,48,1200,10,839,8390,5,1516,7580,3,15475,46425,2,14490,28980
2019-02-09,250000,0,0,2500,0,0,250,20,5000,25,53,1325,10,974,9740,5,1323,6615,3,17718,53154,2,14558,29116
2019-02-06,250000,0,0,2500,0,0,250,6,1500,25,25,625,10,691,6910,5,944,4720,3,13205,39615,2,9106,18212
2019-02-02,250000,0,0,2500,0,0,250,24,6000,25,44,1100,10,932,9320,5,1175,5875,3,17184,51552,2,11466,22932
2019-01-30,250000,0,0,2500,1,2500,250,14,3500,25,53,1325,10,764,7640,5,1209,6045,3,13509,40527,2,11388,22776
2019-01-26,250000,0,0,2500,0,0,250,21,5250,25,55,1375,10,966,9660,5,1494,7470,3,17939,53817,2,14340,28680
2019-01-23,250000,0,0,2500,0,0,250,7,1750,25,35,875,10,569,5690,5,776,3880,3,10436,31308,2,7827,15654
2019-01-19,250000,1,250000,2500,0,0,250,36,9000,25,72,1800,10,1183,11830,5,1756,8780,3,19714,59142,2,15526,31052
2019-01-16,250000,0,0,2500,0,0,250,16,4000,25,37,925,10,723,7230,5,1096,5480,3,13073,39219,2,11809,23618
2019-01-12,250000,0,0,2500,1,2500,250,39,9750,25,38,950,10,1387,13870,5,1323,6615,3,21341,64023,2,12444,24888
2019-01-09,250000,0,0,2500,0,0,250,18,4500,25,49,1225,10,801,8010,5,1073,5365,3,13517,40551,2,10102,20204
2019-01-05,250000,1,250000,2500,1,2500,250,20,5000,25,62,1550,10,975,9750,5,1548,7740,3,16471,49413,2,14890,29780
2019-01-02,250000,0,0,2500,0,0,250,10,2500,25,32,800,10,606,6060,5,875,4375,3,11466,34398,2,8828,17656
2018-12-29,250000,0,0,2500,0,0,250,19,4750,25,56,1400,10,876,8760,5,1562,7810,3,14733,44199,2,14434,28868
2018-12-26,250000,0,0,2500,1,2500,250,11,2750,25,37,925,10,523,5230,5,875,4375,3,10184,30552,2,8477,16954
2018-12-22,250000,0,0,2500,0,0,250,13,3250,25,46,1150,10,1126,11260,5,1618,8090,3,18493,55479,2,15371,30742
2018-12-19,250000,0,0,2500,0,0,250,30,7500,25,35,875,10,1188,11880,5,817,4085,3,16855,50565,2,7020,14040
2018-12-15,250000,0,0,2500,0,0,250,17,4250,25,45,1125,10,919,9190,5,1309,6545,3,15205,45615,2,12141,24282
2018-12-12,250000,0,0,2500,0,0,250,17,4250,25,43,1075,10,648,6480,5,978,4890,3,10660,31980,2,9024,18048
2018-12-08,250000,0,0,2500,1,2500,250,21,5250,25,46,1150,10,909,9090,5,1372,6860,3,16033,48099,2,14318,28636
2018-12-05,250000,0,0,2500,0,0,250,19,4750,25,61,1525,10,974,9740,5,1354,6770,3,15307,45921,2,11991,23982
2018-12-01,250000,1,250000,2500,0,0,250,10,2500,25,49,1225,10,894,8940,5,1312,6560,3,16075,48225,2,12535,25070
2018-11-28,250000,0,0,2500,0,0,250,25,6250,25,67,1675,10,906,9060,5,1239,6195,3,13920,41760,2,10096,20192
2018-11-24,250000,0,0,2500,0,0,250,18,4500,25,52,1300,10,782,7820,5,1144,5720,3,14898,44694,2,11967,23934
2018-11-21,250000,0,0,2500,1,2500,250,11,2750,25,34,850,10,606,6060,5,825,4125,3,10619,31857,2,8799,17598
2018-11-17,250000,0,0,2500,0,0,250,19,4750,25,61,1525,10,879,8790,5,1433,7165,3,15923,47769,2,13274,26548
2018-11-14,250000,0,0,2500,0,0,250,10,2500,25,42,1050,10,622,6220,5,956,4780,3,10629,31887,2,9944,19888
2018-11-10,250000,0,0,2500,2,5000,250,22,5500,25,53,1325,10,1171,11710,5,1529,7645,3,18593,55779,2,13028,26056
2018-11-07,250000,0,0,2500,1,2500,250,15,3750,25,38,950,10,658,6580,5,957,4785,3,12003,36009,2,9428,18856
2018-11-03,250000,0,0,2500,0,0,250,31,7750,25,74,1850,10,1047,10470,5,1474,7370,3,17768,53304,2,13645,27290
2018-10-31,250000,0,0,2500,0,0,250,15,3750,25,29,725,10,557,5570,5,772,3860,3,9901,29703,2,9120,18240
2018-10-27,250000,0,0,2500,0,0,250,12,3000,25,51,1275,10,827,8270,5,1229,6145,3,14300,42900,2,12088,24176
2018-10-24,250000,0,0,2500,1,2500,250,15,3750,25,33,825,10,691,6910,5,980,4900,3,12654,37962,2,9407,18814
2018-10-20,250000,0,0,2500,0,0,250,21,5250,25,49,1225,10,885,8850,5,1276,6380,3,15075,45225,2,12774,25548
2018-10-17,250000,0,0,2500,0,0,250,10,2500,25,33,825,10,594,5940,5,844,4220,3,10014,30042,2,8545,17090
2018-10-13,250000,0,0,2500,1,2500,250,17,4250,25,33,825,10,902,9020,5,1100,5500,3,15452,46356,2,10304,20608
2018-10-10,250000,0,0,2500,0,0,250,17,4250,25,36,900,10,726,7260,5,1056,5280,3,12096,36288,2,9605,19210
2018-10-06,250000,1,250000,2500,0,0,250,17,4250,25,169,4225,10,966,9660,5,1875,9375,3,16624,49872,2,15680,31360
2018-10-03,250000,0,0,2500,0,0,250,12,3000,25,47,1175,10,703,7030,5,880,4400,3,13179,39537,2,8992,17984
2018-09-29,250000,0,0,2500,0,0,250,18,4500,25,42,1050,10,958,9580,5,1224,6120,3,15663,46989,2,13204,26408
2018-09-26,250000,0,0,2500,1,2500,250,11,2750,25,42,1050,10,820,8200,5,1213,6065,3,13854,41562,2,10830,21660
2018-09-22,250000,0,0,2500,0,0,250,18,4500,25,37,925,10,765,7650,5,1205,6025,3,15598,46794,2,12082,24164
2018-09-19,250000,0,0,2500,1,2500,250,4,1000,25,37,925,10,510,5100,5,793,3965,3,9864,29592,2,7992,15984
2018-09-15,250000,0,0,2500,0,0,250,22,5500,25,33,825,10,961,9610,5,1113,5565,3,17311,51933,2,10299,20598
2018-09-12,250000,0,0,2500,1,2500,250,17,4250,25,37,925,10,664,6640,5,1055,5275,3,12356,37068,2,10591,21182
2018-09-08,250000,0,0,2500,1,2500,250,14,3500,25,38,950,10,835,8350,5,1082,5410,3,14245,42735,2,10652,21304
2018-09-05,250000,0,0,2500,0,0,250,7,1750,25,32,800,10,599,5990,5,779,3895,3,10558,31674,2,8696,17392
2018-09-01,250000,1,250000,2500,0,0,250,30,7500,25,54,1350,10,1116,11160,5,1604,8020,3,18178,54534,2,14737,29474
2018-08-29,250000,1,250000,2500,0,0,250,11,2750,25,28,700,10,703,7030,5,949,4745,,,,,,
2018-08-25,250000,0,0,2500,1,2500,250,39,9750,25,48,1200,10,1735,17350,5,1302,6510,,,,,,
2018-08-22,250000,1,250000,2500,0,0,250,18,4500,25,31,775,10,854,8540,5,848,4240,,,,,,
2018-08-18,250000,1,250000,2500,0,0,250,27,6750,25,70,1750,10,1056,10560,5,1603,8015,,,,,,
2018-08-15,250000,0,0,2500,1,2500,250,15,3750,25,33,825,10,783,7830,5,878,4390,,,,,,
2018-08-11,250000,0,0,2500,0,0,250,34,8500,25,74,1850,10,1414,14140,5,1325,6625,,,,,,
2018-08-08,250000,0,0,2500,0,0,250,17,4250,25,35,875,10,747,7470,5,1065,5325,,,,,,
2018-08-04,250000,0,0,2500,0,0,250,23,5750,25,56,1400,10,1141,11410,5,1782,8910,,,,,,
2018-08-01,250000,0,0,2500,0,0,250,18,4500,25,39,975,10,891,8910,5,1267,6335,,,,,,
2018-07-28,250000,0,0,2500,0,0,250,25,6250,25,61,1525,10,1092,10920,5,1817,9085,,,,,,
2018-07-25,250000,0,0,2500,0,0,250,17,4250,25,43,1075,10,1046,10460,5,1274,6370,,,,,,
2018-07-21,250000,0,0,2500,1,2500,250,21,5250,25,64,1600,10,1182,11820,5,1385,6925,,,,,,
2018-07-18,250000,1,250000,2500,0,0,250,21,5250,25,56,1400,10,1084,10840,5,1442,7210,,,,,,
2018-07-14,250000,0,0,2500,0,0,250,25,6250,25,53,1325,10,1180,11800,5,1544,7720,,,,,,
2018-07-11,250000,0,0,2500,0,0,250,19,4750,25,53,1325,10,790,7900,5,953,4765,,,,,,
2018-07-07,250000,0,0,2500,1,2500,250,20,5000,25,47,1175,10,1017,10170,5,1442,7210,,,,,,
2018-07-04,250000,0,0,2500,1,2500,250,15,3750,25,43,1075,10,777,7770,5,1138,5690,,,,,,
2018-06-30,250000,0,0,2500,0,0,250,17,4250,25,45,1125,10,1023,10230,5,1239,6195,,,,,,
2018-06-27,250000,0,0,2500,0,0,250,12,3000,25,36,900,10,653,6530,5,822,4110,,,,,,
2018-06-23,250000,0,0,2500,0,0,250,16,4000,25,34,850,10,1066,10660,5,1156,5780,,,,,,
2018-06-20,250000,0,0,2500,0,0,250,10,2500,25,37,925,10,662,6620,5,1048,5240,,,,,,
2018-06-16,250000,0,0,2500,0,0,250,13,3250,25,38,950,10,966,9660,5,1349,6745,,,,,,
2018-06-13,250000,0,0,2500,0,0,250,16,4000,25,27,675,10,780,7800,5,944,4720,,,,,,
2018-06-09,250000,0,0,2500,0,0,250,16,4000,25,42,1050,10,1059,10590,5,1320,6600,,,,,,
2018-06-06,250000,0,0,2500,0,0,250,10,2500,25,27,675,10,578,5780,5,901,4505,,,,,,
2018-06-02,250000,0,0,2500,1,2500,250,24,6000,25,47,1175,10,1038,10380,5,1459,7295,,,,,,
2018-05-30,250000,0,0,2500,1,2500,250,18,4500,25,49,1225,10,854,8540,5,1234,6170,,,,,,
2018-05-26,250000,0,0,2500,3,7500,250,39,9750,25,114,2850,10,1430,14300,5,2404,12020,,,,,,
2018-05-23,250000,0,0,2500,0,0,250,12,3000,25,30,750,10,600,6000,5,761,3805,,,,,,
2018-05-19,250000,0,0,2500,0,0,250,13,3250,25,48,1200,10,858,8580,5,1127,5635,,,,,,
2018-05-16,250000,0,0,2500,1,2500,250,23,5750,25,61,1525,10,1012,10120,5,1609,8045,,,,,,
2018-05-12,250000,0,0,2500,0,0,250,46,11500,25,81,2025,10,1494,14940,5,1681,8405,,,,,,
2018-05-09,250000,0,0,2500,0,0,250,23,5750,25,70,1750,10,1079,10790,5,1577,7885,,,,,,
2018-05-05,250000,0,0,2500,1,2500,250,18,4500,25,79,1975,10,1351,13510,5,2271,11355,,,,,,
2018-05-02,250000,0,0,2500,0,0,250,19,4750,25,50,1250,10,881,8810,5,1363,6815,,,,,,
2018-04-28,250000,0,0,2500,1,2500,250,24,6000,25,56,1400,10,1057,10570,5,1380,6900,,,,,,
2018-04-25,250000,0,0,2500,0,0,250,20,5000,25,48,1200,10,843,8430,5,1294,6470,,,,,,
2018-04-21,250000,0,0,2500,1,2500,250,9,2250,25,39,975,10,995,9950,5,1405,7025,,,,,,
2018-04-18,250000,0,0,2500,0,0,250,12,3000,25,42,1050,10,723,7230,5,1115,5575,,,,,,
2018-04-14,250000,0,0,2500,0,0,250,15,3750,25,56,1400,10,1062,10620,5,1440,7200,,,,,,
2018-04-11,250000,0,0,2500,1,2500,250,14,3500,25,40,1000,10,693,6930,5,1212,6060,,,,,,
2018-04-07,250000,0,0,2500,0,0,250,27,6750,25,48,1200,10,1396,13960,5,1414,7070,,,,,,
2018-04-04,250000,0,0,2500,1,2500,250,8,2000,25,52,1300,10,764,7640,5,1176,5880,,,,,,
2018-03-31,250000,1,250000,2500,0,0,250,27,6750,25,77,1925,10,1119,11190,5,1648,8240,,,,,,
2018-03-28,250000,0,0,2500,0,0,250,11,2750,25,34,850,10,684,6840,5,928,4640,,,,,,
2018-03-24,250000,0,0,2500,0,0,250,33,8250,25,82,2050,10,1313,13130,5,1840,9200,,,,,,
2018-03-21,250000,0,0,2500,2,5000,250,8,2000,25,19,475,10,625,6250,5,995,4975,,,,,,
2018-03-17,250000,1,250000,2500,1,2500,250,30,7500,25,35,875,10,1036,10360,5,1415,7075,,,,,,
2018-03-14,250000,0,0,2500,0,0,250,17,4250,25,39,975,10,1029,10290,5,921,4605,,,,,,
2018-03-10,250000,0,0,2500,1,2500,250,30,7500,25,53,1325,10,1060,10600,5,1448,7240,,,,,,
2018-03-07,250000,0,0,2500,0,0,250,7,1750,25,49,1225,10,674,6740,5,955,4775,,,,,,
2018-03-03,250000,0,0,2500,1,2500,250,13,3250,25,44,1100,10,772,7720,5,1172,5860,,,,,,
2018-02-28,250000,0,0,2500,0,0,250,12,3000,25,44,1100,10,719,7190,5,1202,6010,,,,,,
2018-02-24,250000,1,250000,2500,0,0,250,26,6500,25,47,1175,10,1314,13140,5,1514,7570,,,,,,
2018-02-21,250000,0,0,2500,1,2500,250,21,5250,25,42,1050,10,805,8050,5,1151,5755,,,,,,
2018-02-17,250000,1,250000,2500,1,2500,250,17,4250,25,62,1550,10,1229,12290,5,1786,8930,,,,,,
2018-02-14,250000,0,0,2500,0,0,250,20,5000,25,37,925,10,922,9220,5,1168,5840,,,,,,
2018-02-10,250000,0,0,2500,1,2500,250,45,11250,25,96,2400,10,1768,17680,5,2446,12230,,,,,,
2018-02-07,250000,0,0,2500,1,2500,250,29,7250,25,87,2175,10,1573,15730,5,1886,9430,,,,,,
2018-02-03,250000,0,0,2500,0,0,250,20,5000,25,47,1175,10,1177,11770,5,1364,6820,,,,,,
2018-01-31,250000,0,0,2500,0,0,250,13,3250,25,44,1100,10,701,7010,5,1162,5810,,,,,,
2018-01-27,250000,0,0,2500,0,0,250,23,5750,25,87,2175,10,1132,11320,5,2060,10300,,,,,,
2018-01-24,250000,1,250000,2500,0,0,250,21,5250,25,40,1000,10,797,7970,5,795,3975,,,,,,
2018-01-20,250000,0,0,2500,0,0,250,22,5500,25,53,1325,10,977,9770,5,1143,5715,,,,,,
2018-01-17,250000,0,0,2500,0,0,250,22,5500,25,49,1225,10,957,9570,5,1228,6140,,,,,,
2018-01-13,250000,0,0,2500,1,2500,250,31,7750,25,89,2225,10,1518,15180,5,2082,10410,,,,,,
2018-01-10,250000,0,0,2500,1,2500,250,14,3500,25,43,1075,10,696,6960,5,1066,5330,,,,,,
2018-01-06,250000,0,0,2500,1,2500,250,30,7500,25,67,1675,10,1182,11820,5,1938,9690,,,,,,
2018-01-03,250000,0,0,2500,0,0,250,16,4000,25,36,900,10,623,6230,5,984,4920,,,,,,
2017-12-30,250000,0,0,2500,0,0,250,22,5500,25,48,1200,10,939,9390,5,1195,5975,,,,,,
2017-12-27,250000,0,0,2500,0,0,250,4,1000,25,36,900,10,539,5390,5,829,4145,,,,,,
2017-12-23,250000,0,0,2500,2,5000,250,20,5000,25,60,1500,10,1100,11000,5,1690,8450,,,,,,
2017-12-20,250000,0,0,2500,2,5000,250,14,3500,25,35,875,10,749,7490,5,1187,5935,,,,,,
2017-12-16,250000,0,0,2500,1,2500,250,43,10750,25,61,1525,10,1510,15100,5,1650,8250,,,,,,
2017-12-13,250000,0,0,2500,0,0,250,18,4500,25,40,1000,10,932,9320,5,979,4895,,,,,,
2017-12-09,250000,0,0,2500,1,2500,250,22,5500,25,67,1675,10,1095,10950,5,1839,9195,,,,,,
2017-12-06,250000,0,0,2500,0,0,250,15,3750,25,27,675,10,829,8290,5,761,3805,,,,,,
2017-12-02,250000,0,0,2500,2,5000,250,23,5750,25,70,1750,10,1129,11290,5,1523,7615,,,,,,
2017-11-29,250000,0,0,2500,0,0,250,11,2750,25,32,800,10,636,6360,5,1047,5235,,,,,,
2017-11-25,250000,0,0,2500,2,5000,250,25,6250,25,63,1575,10,1372,13720,5,1604,8020,,,,,,
2017-11-22,250000,0,0,2500,0,0,250,13,3250,25,43,1075,10,757,7570,5,1345,6725,,,,,,
2017-11-18,250000,0,0,2500,0,0,250,13,3250,25,58,1450,10,1175,11750,5,2096,10480,,,,,,
2017-11-15,250000,0,0,2500,1,2500,250,13,3250,25,61,1525,10,962,9620,5,1457,7285,,,,,,
2017-11-11,250000,0,0,2500,1,2500,250,22,5500,25,46,1150,10,1140,11400,5,1184,5920,,,,,,
2017-11-08,250000,0,0,2500,0,0,250,26,6500,25,31,775,10,1435,14350,5,803,4015,,,,,,
2017-11-04,250000,0,0,2500,0,0,250,35,8750,25,90,2250,10,1361,13610,5,1869,9345,,,,,,
2017-11-01,250000,1,250000,2500,0,0,250,24,6000,25,26,650,10,771,7710,5,941,4705,,,,,,
2013-12-28,,,,,,,,,,,,,,,,,,,,,,,,
2013-12-26,,,,,,,,,,,,,,,,,,,,,,,,
2013-12-21,,,,,,,,,,,,,,,,,,,,,,,,
2013-12-18,,,,,,,,,,,,,,,,,,,,,,,,
2013-12-14,,,,,,,,,,,,,,,,,,,,,,,,
2013-12-11,,,,,,,,,,,,,,,,,,,,,,,,
2013-12-07,,,,,,,,,,,,,,,,,,,,,,,,
2013-12-04,,,,,,,,,,,,,,,,,,,,,,,,
2013-11-30,,,,,,,,,,,,,,,,,,,,,,,,
2013-11-27,,,,,,,,,,,,,,,,,,,,,,,,
2013-11-23,,,,,,,,,,,,,,,,,,,,,,,,
2013-11-20,,,,,,,,,,,,,,,,,,,,,,,,
2013-11-16,,,,,,,,,,,,,,,,,,,,,,,,
2013-11-13,,,,,,,,,,,,,,,,,,,,,,,,
2013-11-09,,,,,,,,,,,,,,,,,,,,,,,,
2013-11-06,,,,,,,,,,,,,,,,,,,,,,,,
2013-11-02,,,,,,,,,,,,,,,,,,,,,,,,
2013-10-30,,,,,,,,,,,,,,,,,,,,,,,,
2013-10-26,,,,,,,,,,,,,,,,,,,,,,,,
2013-10-23,,,,,,,,,,,,,,,,,,,,,,,,
2013-10-19,,,,,,,,,,,,,,,,,,,,,,,,
2013-10-16,,,,,,,,,,,,,,,,,,,,,,,,
2013-10-12,,,,,,,,,,,,,,,,,,,,,,,,
2013-10-09,,,,,,,,,,,,,,,,,,,,,,,,
2013-10-05,,,,,,,,,,,,,,,,,,,,,,,,
2013-10-02,,,,,,,,,,,,,,,,,,,,,,,,
2013-09-28,,,,,,,,,,,,,,,,,,,,,,,,
2013-09-25,,,,,,,,,,,,,,,,,,,,,,,,
2013-09-21,,,,,,,,,,,,,,,,,,,,,,,,
2013-09-18,,,,,,,,,,,,,,,,,,,,,,,,
2013-09-14,,,,,,,,,,,,,,,,,,,,,,,,
2013-09-11,,,,,,,,,,,,,,,,,,,,,,,,
2013-09-07,,,,,,,,,,,,,,,,,,,,,,,,
2013-09-04,,,,,,,,,,,,,,,,,,,,,,,,
2012-12-29,,,,,,,,,,,,,,,,,,,,,,,,
2012-12-26,,,,,,,,,,,,,,,,,,,,,,,,
2012-12-22,,,,,,,,,,,,,,,,,,,,,,,,
2012-12-19,,,,,,,,,,,,,,,,,,,,,,,,
2012-12-15,,,,,,,,,,,,,,,,,,,,,,,,
2012-12-12,,,,,,,,,,,,,,,,,,,,,,,,
2012-12-08,,,,,,,,,,,,,,,,,,,,,,,,
2012-12-05,,,,,,,,,,,,,,,,,,,,,,,,
2012-12-01,,,,,,,,,,,,,,,,,,,,,,,,
