DrawDate,Day,DD,MMM,YYYY,N1,N2,N3,N4,N5,N6,BN
2026-08-22,Sat,22,Aug,2026,13,17,23,29,35,47,43
2026-08-19,Wed,19,Aug,2026,2,6,13,16,33,46,28
2026-08-15,Sat,15,Aug,2026,3,4,15,20,32,43,42
2026-08-12,Wed,12,Aug,2026,19,22,27,37,40,43,21
2026-08-08,Sat,8,Aug,2026,12,15,20,25,38,41,16
2026-08-05,Wed,5,Aug,2026,5,9,11,19,32,35,27
2026-08-01,Sat,1,Aug,2026,4,10,26,30,31,39,21
2026-07-29,Wed,29,Jul,2026,4,12,13,23,29,36,41
2026-07-25,Sat,25,Jul,2026,5,12,19,20,37,39,15
2026-07-22,Wed,22,Jul,2026,14,16,18,39,42,44,37
2026-07-18,Sat,18,Jul,2026,11,21,22,23,37,46,31
2026-07-15,Wed,15,Jul,2026,17,18,19,20,23,26,46
2026-07-11,Sat,11,Jul,2026,1,3,11,12,31,47,23
2026-07-08,Wed,8,Jul,2026,19,25,38,39,40,43,44
2026-07-04,Sat,4,Jul,2026,4,6,26,28,33,41,20
2026-07-01,Wed,1,Jul,2026,6,7,25,27,30,41,39
2026-06-27,Sat,27,Jun,2026,2,3,17,19,35,47,15
2026-06-24,Wed,24,Jun,2026,6,8,16,27,28,47,35
2026-06-20,Sat,20,Jun,2026,11,18,30,32,37,43,20
2026-06-17,Wed,17,Jun,2026,10,14,16,21,31,32,8
2026-06-13,Sat,13,Jun,2026,4,7,27,28,45,46,33
2026-06-10,Wed,10,Jun,2026,12,16,17,18,24,43,34
2026-06-06,Sat,6,Jun,2026,2,14,16,17,31,33,32
2026-06-03,Wed,3,Jun,2026,3,5,19,29,36,43,30
2026-05-30,Sat,30,May,2026,6,21,27,28,32,47,37
2026-05-27,Wed,27,May,2026,1,9,12,16,19,31,13
2026-05-23,Sat,23,May,2026,8,20,34,42,45,46,31
2026-05-20,Wed,20,May,2026,1,6,24,32,46,47,7
2026-05-16,Sat,16,May,2026,24,25,26,27,35,36,19
2026-05-13,Wed,13,May,2026,8,12,13,19,30,43,9
2026-05-09,Sat,9,May,2026,4,6,12,24,37,47,32
2026-05-06,Wed,6,May,2026,8,23,24,35,36,44,18
2026-05-02,Sat,2,May,2026,2,3,10,12,16,44,4
2026-04-29,Wed,29,Apr,2026,4,8,10,28,30,37,20
2026-04-25,Sat,25,Apr,2026,2,13,31,33,34,39,23
2026-04-22,Wed,22,Apr,2026,5,7,9,15,18,40,16
2026-04-18,Sat,18,Apr,2026,7,23,41,42,43,45,40
2026-04-15,Wed,15,Apr,2026,1,3,11,25,35,38,31
2026-04-11,Sat,11,Apr,2026,6,16,23,29,46,47,36
2026-04-08,Wed,8,Apr,2026,4,10,12,20,41,44,14
2026-04-04,Sat,4,Apr,2026,4,5,14,40,41,45,3
2026-04-01,Wed,1,Apr,2026,5,6,18,21,37,42,3
2026-03-28,Sat,28,Mar,2026,7,19,36,39,41,47,21
2026-03-25,Wed,25,Mar,2026,15,17,29,36,37,46,4
2026-03-21,Sat,21,Mar,2026,4,8,12,16,26,44,38
2026-03-18,Wed,18,Mar,2026,4,6,8,27,37,42,38
2026-03-14,Sat,14,Mar,2026,11,28,30,34,36,44,7
2026-03-11,Wed,11,Mar,2026,6,20,22,29,30,32,15
2026-03-07,Sat,7,Mar,2026,4,14,15,31,40,47,32
2026-03-04,Wed,4,Mar,2026,4,21,37,41,43,45,12
2026-02-28,Sat,28,Feb,2026,3,5,17,20,26,47,1
2026-02-25,Wed,25,Feb,2026,21,28,31,33,37,40,45
2026-02-21,Sat,21,Feb,2026,14,18,20,28,41,42,16
2026-02-18,Wed,18,Feb,2026,6,7,10,17,23,36,39
2026-02-14,Sat,14,Feb,2026,8,16,33,35,38,44,2
2026-02-11,Wed,11,Feb,2026,20,23,24,31,40,46,11
2026-02-07,Sat,7,Feb,2026,2,4,5,6,11,37,43
2026-02-04,Wed,4,Feb,2026,7,13,17,30,35,37,28
2026-01-31,Sat,31,Jan,2026,5,23,27,37,41,46,3
2026-01-28,Wed,28,Jan,2026,2,4,12,19,24,28,31
2026-01-24,Sat,24,Jan,2026,3,21,23,34,37,38,2
2026-01-21,Wed,21,Jan,2026,7,8,12,37,41,43,47
2026-01-17,Sat,17,Jan,2026,8,11,12,13,19,47,25
2026-01-14,Wed,14,Jan,2026,2,6,7,38,43,46,1
2026-01-10,Sat,10,Jan,2026,5,13,14,22,28,40,2
2026-01-07,Wed,7,Jan,2026,1,6,14,15,31,34,17
2026-01-03,Sat,3,Jan,2026,12,18,25,41,46,47,32
2025-12-31,Wed,31,Dec,2025,7,18,20,24,26,35,16
2025-12-27,Sat,27,Dec,2025,2,4,10,23,26,39,38
2025-12-24,Wed,24,Dec,2025,5,12,13,31,38,46,20
2025-12-20,Sat,20,Dec,2025,13,14,25,42,44,45,11
2025-12-17,Wed,17,Dec,2025,12,23,27,29,39,46,40
2025-12-13,Sat,13,Dec,2025,5,26,32,34,39,45,15
2025-12-10,Wed,10,Dec,2025,5,26,27,41,43,46,47
2025-12-06,Sat,6,Dec,2025,2,8,20,30,32,47,38
2025-12-03,Wed,3,Dec,2025,9,11,16,19,29,42,38
2025-11-29,Sat,29,Nov,2025,15,21,34,42,43,44,16
2025-11-26,Wed,26,Nov,2025,2,3,7,21,23,34,37
2025-11-22,Sat,22,Nov,2025,7,18,21,38,42,44,13
2025-11-19,Wed,19,Nov,2025,5,10,23,42,45,46,21
2025-11-15,Sat,15,Nov,2025,8,15,20,29,35,44,46
2025-11-12,Wed,12,Nov,2025,21,22,23,31,35,46,45
2025-11-08,Sat,8,Nov,2025,2,5,35,38,40,45,41
2025-11-05,Wed,5,Nov,2025,4,10,13,24,27,30,33
2025-11-01,Sat,1,Nov,2025,6,18,24,31,44,46,27
2025-10-29,Wed,29,Oct,2025,1,7,9,11,25,46,40
2025-10-25,Sat,25,Oct,2025,1,2,25,35,37,38,27
2025-10-22,Wed,22,Oct,2025,10,17,25,41,45,47,4
2025-10-18,Sat,18,Oct,2025,7,11,13,19,33,43,38
2025-10-15,Wed,15,Oct,2025,2,11,15,31,34,40,38
2025-10-11,Sat,11,Oct,2025,8,13,17,26,29,45,10
2025-10-08,Wed,8,Oct,2025,3,19,27,30,31,47,34
2025-10-04,Sat,4,Oct,2025,1,19,24,29,30,45,17
2025-10-01,Wed,1,Oct,2025,1,5,6,21,22,33,23
2025-09-27,Sat,27,Sep,2025,6,7,30,31,36,41,8
2025-09-24,Wed,24,Sep,2025,8,12,20,31,43,47,34
2025-09-20,Sat,20,Sep,2025,2,10,13,16,23,25,42
2025-09-17,Wed,17,Sep,2025,2,12,16,17,22,28,35
2025-09-13,Sat,13,Sep,2025,2,6,9,19,27,38,24
2025-09-10,Wed,10,Sep,2025,12,19,32,35,37,47,4
2025-09-06,Sat,6,Sep,2025,3,26,32,33,35,38,12
2025-09-03,Wed,3,Sep,2025,6,8,18,31,37,46,5
2025-08-30,Sat,30,Aug,2025,1,25,27,37,38,47,28
2025-08-27,Wed,27,Aug,2025,2,3,18,27,36,37,35
2025-08-23,Sat,23,Aug,2025,1,3,9,12,33,45,2
2025-08-20,Wed,20,Aug,2025,2,8,13,25,35,37,27
2025-08-16,Sat,16,Aug,2025,2,4,11,14,30,40,16
2025-08-13,Wed,13,Aug,2025,11,14,15,16,27,44,18
2025-08-09,Sat,9,Aug,2025,11,13,22,25,29,32,42
2025-08-06,Wed,6,Aug,2025,6,11,14,32,42,45,36
2025-08-02,Sat,2,Aug,2025,3,12,23,25,28,44,1
2025-07-30,Wed,30,Jul,2025,3,5,13,28,32,34,17
2025-07-26,Sat,26,Jul,2025,5,6,24,30,42,44,16
2025-07-23,Wed,23,Jul,2025,3,19,30,33,35,42,25
2025-07-19,Sat,19,Jul,2025,5,8,10,17,19,27,45
2025-07-16,Wed,16,Jul,2025,3,11,12,19,26,37,46
2025-07-12,Sat,12,Jul,2025,2,7,33,37,42,46,20
2025-07-09,Wed,9,Jul,2025,3,19,28,31,41,44,17
2025-07-05,Sat,5,Jul,2025,4,20,42,43,45,46,14
2025-07-02,Wed,2,Jul,2025,6,14,16,24,26,36,39
2025-06-28,Sat,28,Jun,2025,2,11,13,15,25,35,41
2025-06-25,Wed,25,Jun,2025,3,15,16,20,23,40,25
2025-06-21,Sat,21,Jun,2025,10,15,16,21,29,36,34
2025-06-18,Wed,18,Jun,2025,9,11,12,28,33,44,19
2025-06-14,Sat,14,Jun,2025,7,11,13,14,21,45,2
2025-06-11,Wed,11,Jun,2025,4,11,16,25,32,46,17
2025-06-07,Sat,7,Jun,2025,3,8,14,30,34,35,6
2025-06-04,Wed,4,Jun,2025,1,4,19,24,33,42,41
2025-05-31,Sat,31,May,2025,14,16,18,23,27,45,29
2025-05-28,Wed,28,May,2025,3,11,20,42,43,46,32
2025-05-24,Sat,24,May,2025,4,6,27,31,33,45,37
2025-05-21,Wed,21,May,2025,6,15,22,23,40,44,7
2025-05-17,Sat,17,May,2025,18,24,27,39,45,46,36
2025-05-14,Wed,14,May,2025,24,25,35,37,39,43,7
2025-05-10,Sat,10,May,2025,3,7,13,16,39,44,24
2025-05-07,Wed,7,May,2025,21,23,24,31,33,35,30
2025-05-03,Sat,3,May,2025,5,7,9,18,19,39,12
2025-04-30,Wed,30,Apr,2025,12,15,24,33,38,47,25
2025-04-26,Sat,26,Apr,2025,6,23,31,35,37,41,46
2025-04-23,Wed,23,Apr,2025,2,9,17,19,23,24,28
2025-04-19,Sat,19,Apr,2025,8,10,13,39,43,44,5
2025-04-16,Wed,16,Apr,2025,7,32,33,35,39,46,6
2025-04-12,Sat,12,Apr,2025,22,32,35,36,37,42,14
2025-04-09,Wed,9,Apr,2025,6,7,8,13,43,47,40
2025-04-05,Sat,5,Apr,2025,5,15,16,28,30,40,22
2025-04-02,Wed,2,Apr,2025,1,7,20,29,34,42,31
2025-03-29,Sat,29,Mar,2025,1,9,17,23,31,33,15
2025-03-26,Wed,26,Mar,2025,4,25,27,32,38,42,30
2025-03-22,Sat,22,Mar,2025,1,18,30,31,34,45,8
2025-03-19,Wed,19,Mar,2025,8,9,15,26,27,33,35
2025-03-15,Sat,15,Mar,2025,4,15,29,33,40,41,36
2025-03-12,Wed,12,Mar,2025,6,10,26,32,41,42,45
2025-03-08,Sat,8,Mar,2025,7,14,15,22,32,46,1
2025-03-05,Wed,5,Mar,2025,11,15,29,38,41,43,40
2025-03-01,Sat,1,Mar,2025,1,2,18,25,32,42,15
2025-02-26,Wed,26,Feb,2025,19,21,24,27,32,39,35
2025-02-22,Sat,22,Feb,2025,13,23,24,29,37,47,9
2025-02-19,Wed,19,Feb,2025,1,5,13,14,16,20,35
2025-02-15,Sat,15,Feb,2025,8,16,35,36,43,44,46
2025-02-12,Wed,12,Feb,2025,18,19,31,41,42,45,28
2025-02-08,Sat,8,Feb,2025,16,19,21,26,30,40,13
2025-02-05,Wed,5,Feb,2025,7,25,32,41,43,47,3
2025-02-01,Sat,1,Feb,2025,9,12,15,33,39,41,31
2025-01-29,Wed,29,Jan,2025,6,7,23,27,29,41,37
2025-01-25,Sat,25,Jan,2025,1,6,11,31,35,40,33
2025-01-22,Wed,22,Jan,2025,15,16,19,30,32,41,47
2025-01-18,Sat,18,Jan,2025,8,12,19,25,29,39,47
2025-01-15,Wed,15,Jan,2025,10,17,25,31,33,38,12
2025-01-11,Sat,11,Jan,2025,6,7,15,38,39,46,19
2025-01-08,Wed,8,Jan,2025,4,22,28,30,31,45,17
2025-01-04,Sat,4,Jan,2025,9,15,24,26,38,41,2
2025-01-01,Wed,1,Jan,2025,1,17,27,30,42,44,2
2024-12-28,Sat,28,Dec,2024,19,23,26,27,33,44,2
2024-12-25,Wed,25,Dec,2024,13,24,33,37,42,44,20
2024-12-21,Sat,21,Dec,2024,23,28,29,39,40,47,2
2024-12-18,Wed,18,Dec,2024,8,16,27,30,39,42,29
2024-12-14,Sat,14,Dec,2024,1,3,6,32,37,45,35
2024-12-11,Wed,11,Dec,2024,2,9,12,17,21,43,13
2024-12-07,Sat,7,Dec,2024,8,11,17,18,27,41,20
2024-12-04,Wed,4,Dec,2024,11,15,27,29,31,43,42
2024-11-30,Sat,30,Nov,2024,6,22,31,37,41,43,45
2024-11-27,Wed,27,Nov,2024,3,4,11,13,46,47,15
2024-11-23,Sat,23,Nov,2024,8,25,28,34,37,42,39
2024-11-20,Wed,20,Nov,2024,2,7,17,26,29,40,8
2024-11-16,Sat,16,Nov,2024,5,10,11,28,33,39,40
2024-11-13,Wed,13,Nov,2024,1,10,12,23,31,38,33
2024-11-09,Sat,9,Nov,2024,5,13,15,20,25,36,17
2024-11-06,Wed,6,Nov,2024,16,28,29,30,45,47,25
2024-11-02,Sat,2,Nov,2024,2,11,20,34,41,45,3
2024-10-30,Wed,30,Oct,2024,6,15,25,32,41,46,3
2024-10-26,Sat,26,Oct,2024,6,7,16,17,20,23,45
2024-10-23,Wed,23,Oct,2024,5,9,14,15,38,40,20
2024-10-19,Sat,19,Oct,2024,4,15,18,24,41,44,40
2024-10-16,Wed,16,Oct,2024,1,10,17,18,43,46,27
2024-10-12,Sat,12,Oct,2024,6,17,24,26,36,47,16
2024-10-09,Wed,9,Oct,2024,25,27,31,37,44,46,28
2024-10-05,Sat,5,Oct,2024,9,11,18,22,34,38,24
2024-10-02,Wed,2,Oct,2024,6,9,10,11,40,46,2
2024-09-28,Sat,28,Sep,2024,1,20,28,32,34,38,9
2024-09-25,Wed,25,Sep,2024,23,26,29,30,40,42,39
2024-09-21,Sat,21,Sep,2024,2,10,32,33,39,47,5
2024-09-18,Wed,18,Sep,2024,21,24,31,33,39,47,35
2024-09-14,Sat,14,Sep,2024,7,8,11,26,41,42,30
2024-09-11,Wed,11,Sep,2024,9,10,12,34,42,45,47
2024-09-07,Sat,7,Sep,2024,3,9,13,22,32,39,34
2024-09-04,Wed,4,Sep,2024,4,9,13,18,39,42,5
2024-08-31,Sat,31,Aug,2024,13,17,18,19,35,39,3
2024-08-28,Wed,28,Aug,2024,5,15,18,26,42,45,41
2024-08-24,Sat,24,Aug,2024,2,10,11,38,41,45,43
2024-08-21,Wed,21,Aug,2024,2,7,11,12,35,37,42
2024-08-17,Sat,17,Aug,2024,2,4,20,24,32,33,45
2024-08-14,Wed,14,Aug,2024,6,18,24,33,35,39,23
2024-08-10,Sat,10,Aug,2024,4,19,31,39,42,47,38
2024-08-07,Wed,7,Aug,2024,1,8,9,10,30,38,40
2024-08-03,Sat,3,Aug,2024,10,21,22,28,30,40,5
2024-07-31,Wed,31,Jul,2024,11,21,28,32,40,43,12
2024-07-27,Sat,27,Jul,2024,3,10,16,25,30,31,15
2024-07-24,Wed,24,Jul,2024,8,19,21,32,43,44,34
2024-07-20,Sat,20,Jul,2024,2,6,14,19,29,31,47
2024-07-17,Wed,17,Jul,2024,15,17,24,34,38,45,28
2024-07-13,Sat,13,Jul,2024,3,6,10,19,28,33,30
2024-07-10,Wed,10,Jul,2024,4,9,20,36,39,40,29
2024-07-06,Sat,6,Jul,2024,3,10,13,14,25,34,30
2024-07-03,Wed,3,Jul,2024,22,29,41,45,46,47,37
2024-06-29,Sat,29,Jun,2024,3,22,26,29,35,47,13
2024-06-26,Wed,26,Jun,2024,18,19,23,38,39,42,41
2024-06-22,Sat,22,Jun,2024,3,12,37,39,40,45,4
2024-06-19,Wed,19,Jun,2024,8,14,20,27,37,46,18
2024-06-15,Sat,15,Jun,2024,9,17,19,20,25,42,40
2024-06-12,Wed,12,Jun,2024,3,5,27,31,33,42,10
2024-06-08,Sat,8,Jun,2024,7,10,23,38,43,44,36
2024-06-05,Wed,5,Jun,2024,16,17,21,33,34,43,42
2024-06-01,Sat,1,Jun,2024,3,18,24,34,35,42,31
2024-05-29,Wed,29,May,2024,5,8,17,29,34,44,2
2024-05-25,Sat,25,May,2024,11,13,19,29,41,43,35
2024-05-22,Wed,22,May,2024,1,8,9,21,24,28,19
2024-05-18,Sat,18,May,2024,3,19,24,27,33,44,16
2024-05-15,Wed,15,May,2024,19,25,26,32,33,47,39
2024-05-11,Sat,11,May,2024,3,15,31,35,39,42,27
2024-05-08,Wed,8,May,2024,2,4,9,15,24,33,35
2024-05-04,Sat,4,May,2024,12,15,16,25,41,47,20
2024-05-01,Wed,1,May,2024,2,8,11,12,16,42,45
2024-04-27,Sat,27,Apr,2024,17,19,24,35,38,47,14
2024-04-24,Wed,24,Apr,2024,4,9,22,34,39,43,21
2024-04-20,Sat,20,Apr,2024,8,14,18,21,36,43,35
2024-04-17,Wed,17,Apr,2024,3,20,44,45,46,47,21
2024-04-13,Sat,13,Apr,2024,4,12,25,35,38,47,20
2024-04-10,Wed,10,Apr,2024,1,21,25,34,37,44,15
2024-04-06,Sat,6,Apr,2024,9,12,13,18,30,41,3
2024-04-03,Wed,3,Apr,2024,10,22,29,38,39,45,6
2024-03-30,Sat,30,Mar,2024,2,21,29,32,36,45,26
2024-03-27,Wed,27,Mar,2024,5,10,13,22,23,41,16
2024-03-23,Sat,23,Mar,2024,2,3,6,11,22,41,5
2024-03-20,Wed,20,Mar,2024,5,15,19,31,35,39,27
2024-03-16,Sat,16,Mar,2024,6,22,27,31,38,44,17
2024-03-13,Wed,13,Mar,2024,3,9,12,19,26,34,35
2024-03-09,Sat,9,Mar,2024,10,15,16,18,19,32,31
2024-03-06,Wed,6,Mar,2024,5,11,22,27,28,45,46
2024-03-02,Sat,2,Mar,2024,2,7,10,18,20,33,17
2024-02-28,Wed,28,Feb,2024,6,7,18,39,40,47,19
2024-02-24,Sat,24,Feb,2024,7,14,23,32,35,36,3
2024-02-21,Wed,21,Feb,2024,5,10,12,18,20,47,24
2024-02-17,Sat,17,Feb,2024,16,17,30,33,40,44,15
2024-02-14,Wed,14,Feb,2024,1,11,17,18,27,45,14
2024-02-10,Sat,10,Feb,2024,2,5,8,14,24,29,9
2024-02-07,Wed,7,Feb,2024,23,27,28,30,32,45,35
2024-02-03,Sat,3,Feb,2024,3,4,25,32,35,45,21
2024-01-31,Wed,31,Jan,2024,7,10,16,27,39,44,5
2024-01-27,Sat,27,Jan,2024,1,4,6,7,25,27,29
2024-01-24,Wed,24,Jan,2024,7,12,28,30,35,38,26
2024-01-20,Sat,20,Jan,2024,1,10,14,28,33,47,19
2024-01-17,Wed,17,Jan,2024,12,25,26,27,34,35,8
2024-01-13,Sat,13,Jan,2024,6,7,9,11,39,46,35
2024-01-10,Wed,10,Jan,2024,1,11,12,14,15,24,22
2024-01-06,Sat,6,Jan,2024,4,6,12,23,27,46,31
2024-01-03,Wed,3,Jan,2024,2,14,19,24,26,36,4
2023-12-30,Sat,30,Dec,2023,7,12,15,34,39,42,36
2023-12-27,Wed,27,Dec,2023,9,12,14,20,38,45,17
2023-12-23,Sat,23,Dec,2023,3,9,25,31,41,45,13
2023-12-20,Wed,20,Dec,2023,8,21,29,42,44,45,7
2023-12-16,Sat,16,Dec,2023,5,7,17,36,40,43,42
2023-12-13,Wed,13,Dec,2023,8,24,29,32,40,46,11
2023-12-09,Sat,9,Dec,2023,12,34,35,37,46,47,14
2023-12-06,Wed,6,Dec,2023,3,7,12,29,37,43,38
2023-12-02,Sat,2,Dec,2023,3,7,11,21,32,35,38
2023-11-29,Wed,29,Nov,2023,3,8,10,23,36,44,22
2023-11-25,Sat,25,Nov,2023,4,7,13,14,27,36,46
2023-11-22,Wed,22,Nov,2023,11,15,24,29,30,31,12
2023-11-18,Sat,18,Nov,2023,2,16,25,26,28,44,29
2023-11-15,Wed,15,Nov,2023,10,14,19,25,43,46,7
2023-11-11,Sat,11,Nov,2023,2,3,23,28,29,41,38
2023-11-08,Wed,8,Nov,2023,7,15,17,18,29,44,22
2023-11-04,Sat,4,Nov,2023,7,30,36,39,42,45,25
2023-11-01,Wed,1,Nov,2023,13,15,16,17,27,41,1
2023-10-28,Sat,28,Oct,2023,2,3,8,23,33,47,34
2023-10-25,Wed,25,Oct,2023,8,11,22,32,36,40,29
2023-10-21,Sat,21,Oct,2023,6,19,30,31,34,46,20
2023-10-18,Wed,18,Oct,2023,11,13,20,27,38,47,39
2023-10-14,Sat,14,Oct,2023,17,24,32,37,41,43,45
2023-10-11,Wed,11,Oct,2023,1,4,5,20,33,41,43
2023-10-07,Sat,7,Oct,2023,2,28,37,42,44,45,7
2023-10-04,Wed,4,Oct,2023,7,15,25,28,45,47,5
2023-09-30,Sat,30,Sep,2023,1,13,14,21,44,47,39
2023-09-27,Wed,27,Sep,2023,7,8,10,26,31,45,20
2023-09-23,Sat,23,Sep,2023,1,9,12,29,30,37,5
2023-09-20,Wed,20,Sep,2023,1,4,24,29,31,33,35
2023-09-16,Sat,16,Sep,2023,1,15,27,32,39,41,13
2023-09-13,Wed,13,Sep,2023,12,16,24,30,32,34,40
2023-09-09,Sat,9,Sep,2023,3,10,19,23,34,47,42
2023-09-06,Wed,6,Sep,2023,12,19,27,41,44,46,24
2023-09-02,Sat,2,Sep,2023,9,16,25,28,30,40,6
2023-08-30,Wed,30,Aug,2023,11,13,24,33,37,41,39
2023-08-26,Sat,26,Aug,2023,1,7,12,37,46,47,9
2023-08-23,Wed,23,Aug,2023,3,6,15,16,28,46,10
2023-08-19,Sat,19,Aug,2023,6,10,15,29,36,41,27
2023-08-16,Wed,16,Aug,2023,7,16,25,42,43,45,36
2023-08-12,Sat,12,Aug,2023,6,12,17,20,21,32,2
2023-08-09,Wed,9,Aug,2023,8,14,29,36,39,40,23
2023-08-05,Sat,5,Aug,2023,1,2,12,15,24,31,47
2023-08-02,Wed,2,Aug,2023,11,23,27,30,32,43,2
2023-07-29,Sat,29,Jul,2023,4,6,15,38,40,45,17
2023-07-26,Wed,26,Jul,2023,4,6,19,36,37,43,14
2023-07-22,Sat,22,Jul,2023,10,11,16,19,24,30,38
2023-07-19,Wed,19,Jul,2023,11,21,22,27,37,46,13
2023-07-15,Sat,15,Jul,2023,12,23,30,33,39,41,29
2023-07-12,Wed,12,Jul,2023,8,19,28,30,39,40,41
2023-07-08,Sat,8,Jul,2023,16,20,23,33,35,45,8
2023-07-05,Wed,5,Jul,2023,20,28,30,33,44,46,43
2023-07-01,Sat,1,Jul,2023,4,5,9,18,23,27,11
2023-06-28,Wed,28,Jun,2023,4,12,16,18,23,40,5
2023-06-24,Sat,24,Jun,2023,1,12,16,37,39,45,21
2023-06-21,Wed,21,Jun,2023,15,21,22,26,38,40,16
2023-06-17,Sat,17,Jun,2023,2,13,16,22,27,38,29
2023-06-14,Wed,14,Jun,2023,6,19,23,33,41,47,14
2023-06-10,Sat,10,Jun,2023,9,28,36,37,40,44,8
2023-06-07,Wed,7,Jun,2023,2,10,17,27,40,42,20
2023-06-03,Sat,3,Jun,2023,1,3,22,24,30,47,20
2023-05-31,Wed,31,May,2023,6,7,12,29,31,32,46
2023-05-27,Sat,27,May,2023,3,6,10,19,20,26,41
2023-05-24,Wed,24,May,2023,23,25,29,31,39,43,7
2023-05-20,Sat,20,May,2023,6,11,23,25,38,43,5
2023-05-17,Wed,17,May,2023,13,18,19,40,43,47,9
2023-05-13,Sat,13,May,2023,1,18,19,36,38,44,13
2023-05-10,Wed,10,May,2023,25,31,36,38,41,46,17
2023-05-06,Sat,6,May,2023,6,21,23,28,40,44,30
2023-05-03,Wed,3,May,2023,11,14,17,20,26,32,31
2023-04-29,Sat,29,Apr,2023,11,19,22,27,30,44,45
2023-04-26,Wed,26,Apr,2023,16,20,25,26,31,39,11
2023-04-22,Sat,22,Apr,2023,3,12,13,29,36,37,26
2023-04-19,Wed,19,Apr,2023,12,13,19,32,33,42,15
2023-04-15,Sat,15,Apr,2023,16,19,21,22,34,39,24
2023-04-12,Wed,12,Apr,2023,14,21,27,28,41,45,34
2023-04-08,Sat,8,Apr,2023,21,24,27,28,32,46,43
2023-04-05,Wed,5,Apr,2023,9,13,15,18,44,45,11
2023-04-01,Sat,1,Apr,2023,5,14,25,34,41,45,39
2023-03-29,Wed,29,Mar,2023,7,14,39,41,42,45,40
2023-03-25,Sat,25,Mar,2023,7,13,26,29,38,42,33
2023-03-22,Wed,22,Mar,2023,6,7,23,28,37,47,27
2023-03-18,Sat,18,Mar,2023,15,24,34,45,46,47,3
2023-03-15,Wed,15,Mar,2023,19,26,27,32,33,43,31
2023-03-11,Sat,11,Mar,2023,4,13,18,21,24,40,44
2023-03-08,Wed,8,Mar,2023,1,3,10,15,26,37,29
2023-03-04,Sat,4,Mar,2023,2,3,15,32,33,46,24
2023-03-01,Wed,1,Mar,2023,9,11,16,24,35,46,20
2023-02-25,Sat,25,Feb,2023,1,10,13,18,34,45,20
2023-02-22,Wed,22,Feb,2023,3,14,18,28,33,34,2
2023-02-18,Sat,18,Feb,2023,4,5,21,25,32,38,23
2023-02-15,Wed,15,Feb,2023,8,12,18,27,29,41,10
2023-02-11,Sat,11,Feb,2023,1,19,21,23,28,31,22
2023-02-08,Wed,8,Feb,2023,9,15,23,34,41,42,22
2023-02-04,Sat,4,Feb,2023,8,12,14,15,27,28,3
2023-02-01,Wed,1,Feb,2023,12,17,18,21,30,42,33
2023-01-28,Sat,28,Jan,2023,12,19,21,24,26,46,27
2023-01-25,Wed,25,Jan,2023,3,28,29,40,41,45,1
2023-01-21,Sat,21,Jan,2023,3,12,18,37,43,45,24
2023-01-18,Wed,18,Jan,2023,7,8,28,30,41,45,11
2023-01-14,Sat,14,Jan,2023,18,22,23,36,42,47,44
2023-01-11,Wed,11,Jan,2023,2,9,11,35,36,44,12
2023-01-07,Sat,7,Jan,2023,1,10,16,22,27,47,43
2023-01-04,Wed,4,Jan,2023,8,10,17,21,25,27,22
2022-12-31,Sat,31,Dec,2022,3,7,20,23,35,46,26
2022-12-28,Wed,28,Dec,2022,1,4,19,21,23,29,15
2022-12-24,Sat,24,Dec,2022,6,12,14,26,31,40,27
2022-12-21,Wed,21,Dec,2022,24,28,31,32,33,36,25
2022-12-17,Sat,17,Dec,2022,1,4,20,26,27,46,38
2022-12-14,Wed,14,Dec,2022,1,29,30,35,45,47,38
2022-12-10,Sat,10,Dec,2022,3,11,20,30,43,47,45
2022-12-07,Wed,7,Dec,2022,4,13,24,37,42,45,17
2022-12-03,Sat,3,Dec,2022,6,14,20,24,25,30,15
2022-11-30,Wed,30,Nov,2022,1,18,29,32,43,46,16
2022-11-26,Sat,26,Nov,2022,5,12,13,36,40,47,20
2022-11-23,Wed,23,Nov,2022,3,15,21,29,34,47,23
2022-11-19,Sat,19,Nov,2022,1,2,8,18,31,36,44
2022-11-16,Wed,16,Nov,2022,4,7,16,30,43,45,44
2022-11-12,Sat,12,Nov,2022,1,13,22,38,39,43,3
2022-11-09,Wed,9,Nov,2022,9,20,25,36,37,44,38
2022-11-05,Sat,5,Nov,2022,4,5,15,24,29,30,17
2022-11-02,Wed,2,Nov,2022,9,21,33,35,37,44,11
2022-10-29,Sat,29,Oct,2022,2,3,5,17,22,31,28
2022-10-26,Wed,26,Oct,2022,4,24,29,30,36,47,40
2022-10-22,Sat,22,Oct,2022,5,9,20,24,36,47,1
2022-10-19,Wed,19,Oct,2022,3,16,22,26,28,46,13
2022-10-15,Sat,15,Oct,2022,13,17,19,20,25,32,14
2022-10-12,Wed,12,Oct,2022,26,33,40,41,43,45,28
2022-10-08,Sat,8,Oct,2022,4,17,29,31,36,47,37
2022-10-05,Wed,5,Oct,2022,2,4,9,21,32,42,27
2022-10-01,Sat,1,Oct,2022,2,9,32,38,42,43,46
2022-09-28,Wed,28,Sep,2022,14,18,20,39,45,46,11
2022-09-24,Sat,24,Sep,2022,10,11,13,16,20,22,15
2022-09-21,Wed,21,Sep,2022,10,18,19,40,46,47,22
2022-09-17,Sat,17,Sep,2022,2,9,15,16,31,37,38
2022-09-14,Wed,14,Sep,2022,12,17,28,40,44,45,32
2022-09-10,Sat,10,Sep,2022,10,27,31,33,36,46,14
2022-09-07,Wed,7,Sep,2022,11,13,19,21,33,40,35
2022-09-03,Sat,3,Sep,2022,14,18,29,37,39,42,32
2022-08-31,Wed,31,Aug,2022,1,3,20,22,26,39,9
2022-08-27,Sat,27,Aug,2022,2,7,16,41,43,46,33
2022-08-24,Wed,24,Aug,2022,4,10,24,27,29,38,46
2022-08-20,Sat,20,Aug,2022,2,4,15,20,26,41,7
2022-08-17,Wed,17,Aug,2022,3,10,13,25,29,31,18
2022-08-13,Sat,13,Aug,2022,8,9,14,15,16,23,2
2022-08-10,Wed,10,Aug,2022,1,15,17,38,41,42,34
2022-08-06,Sat,6,Aug,2022,1,13,20,21,28,41,2
2022-08-03,Wed,3,Aug,2022,13,20,23,31,42,43,29
2022-07-31,Sun,31,Jul,2022,14,17,21,24,44,47,38
2022-07-30,Sat,30,Jul,2022,14,17,21,24,44,47,38
2022-07-27,Wed,27,Jul,2022,5,7,14,23,42,45,29
2022-07-23,Sat,23,Jul,2022,5,23,25,41,42,47,22
2022-07-20,Wed,20,Jul,2022,17,19,23,33,41,47,34
2022-07-16,Sat,16,Jul,2022,5,10,13,21,22,27,6
2022-07-13,Wed,13,Jul,2022,11,15,33,43,45,46,32
2022-07-09,Sat,9,Jul,2022,1,5,6,22,36,42,23
2022-07-06,Wed,6,Jul,2022,7,18,19,20,22,29,14
2022-07-02,Sat,2,Jul,2022,8,19,26,32,38,44,42
2022-06-29,Wed,29,Jun,2022,12,14,16,21,24,29,22
2022-06-25,Sat,25,Jun,2022,3,16,17,31,35,37,10
2022-06-22,Wed,22,Jun,2022,15,18,20,24,30,40,21
2022-06-18,Sat,18,Jun,2022,2,7,15,20,21,32,45
2022-06-15,Wed,15,Jun,2022,5,8,13,25,36,42,47
2022-06-12,Sun,12,Jun,2022,9,24,25,30,38,40,6
2022-06-11,Sat,11,Jun,2022,9,24,25,30,38,40,6
2022-06-08,Wed,8,Jun,2022,10,13,18,20,25,41,32
2022-06-05,Sun,5,Jun,2022,10,24,33,35,40,41,1
2022-06-04,Sat,4,Jun,2022,10,24,33,35,40,41,1
2022-06-01,Wed,1,Jun,2022,1,20,24,27,33,42,38
2022-05-28,Sat,28,May,2022,1,14,20,26,38,43,36
2022-05-25,Wed,25,May,2022,5,23,27,39,40,45,4
2022-05-21,Sat,21,May,2022,8,29,33,37,43,44,47
2022-05-18,Wed,18,May,2022,3,9,15,21,28,42,2
2022-05-14,Sat,14,May,2022,8,10,26,32,35,46,14
2022-05-11,Wed,11,May,2022,2,11,18,31,32,33,30
2022-05-07,Sat,7,May,2022,5,9,10,16,18,24,13
2022-05-04,Wed,4,May,2022,9,15,17,20,31,44,33
2022-04-30,Sat,30,Apr,2022,12,22,27,33,37,40,17
2022-04-27,Wed,27,Apr,2022,3,5,21,27,38,44,2
2022-04-23,Sat,23,Apr,2022,3,10,16,23,31,35,22
2022-04-20,Wed,20,Apr,2022,8,17,24,27,37,39,21
2022-04-16,Sat,16,Apr,2022,13,14,16,27,34,35,6
2022-04-13,Wed,13,Apr,2022,12,13,14,24,32,41,8
2022-04-09,Sat,9,Apr,2022,11,18,26,27,31,44,8
2022-04-06,Wed,6,Apr,2022,6,15,30,37,41,43,23
2022-04-02,Sat,2,Apr,2022,1,4,12,15,17,19,31
2022-03-30,Wed,30,Mar,2022,5,7,17,28,37,47,46
2022-03-26,Sat,26,Mar,2022,10,14,30,31,32,38,42
2022-03-23,Wed,23,Mar,2022,14,26,32,40,45,46,11
2022-03-19,Sat,19,Mar,2022,8,15,34,37,41,42,5
2022-03-16,Wed,16,Mar,2022,2,17,26,33,35,45,38
2022-03-12,Sat,12,Mar,2022,8,16,21,29,41,44,19
2022-03-09,Wed,9,Mar,2022,2,5,9,23,27,40,39
2022-03-05,Sat,5,Mar,2022,26,35,40,41,45,47,19
2022-03-02,Wed,2,Mar,2022,2,4,8,32,35,38,29
2022-02-26,Sat,26,Feb,2022,15,18,23,28,36,44,6
2022-02-23,Wed,23,Feb,2022,6,13,26,33,34,39,7
2022-02-19,Sat,19,Feb,2022,10,15,18,27,39,47,23
2022-02-16,Wed,16,Feb,2022,3,6,11,15,16,40,2
2022-02-12,Sat,12,Feb,2022,4,28,31,41,45,46,16
2022-02-09,Wed,9,Feb,2022,8,12,17,29,37,40,14
2022-02-05,Sat,5,Feb,2022,2,4,25,30,37,43,32
2022-02-02,Wed,2,Feb,2022,9,13,19,26,30,33,20
2022-01-29,Sat,29,Jan,2022,8,9,17,19,21,42,39
2022-01-26,Wed,26,Jan,2022,3,8,9,14,29,47,27
2022-01-22,Sat,22,Jan,2022,4,13,24,31,34,45,47
2022-01-19,Wed,19,Jan,2022,14,15,16,20,31,41,2
2022-01-15,Sat,15,Jan,2022,6,11,19,23,26,44,16
2022-01-12,Wed,12,Jan,2022,3,6,12,29,36,44,34
2022-01-08,Sat,8,Jan,2022,11,15,31,35,43,44,47
2022-01-05,Wed,5,Jan,2022,15,25,30,32,43,46,19
2022-01-01,Sat,1,Jan,2022,15,19,21,22,23,35,43
2021-12-29,Wed,29,Dec,2021,3,6,26,27,28,42,4
2021-12-25,Sat,25,Dec,2021,3,11,22,32,37,44,18
2021-12-22,Wed,22,Dec,2021,9,11,14,15,25,36,34
2021-12-18,Sat,18,Dec,2021,10,13,29,35,37,42,11
2021-12-15,Wed,15,Dec,2021,4,7,27,28,32,46,2
2021-12-11,Sat,11,Dec,2021,4,5,7,30,32,45,8
2021-12-08,Wed,8,Dec,2021,1,3,10,11,15,40,42
2021-12-04,Sat,4,Dec,2021,6,24,29,39,41,46,11
2021-12-01,Wed,1,Dec,2021,13,15,17,35,38,43,3
2021-11-27,Sat,27,Nov,2021,5,13,23,37,44,47,32
2021-11-24,Wed,24,Nov,2021,8,12,27,33,43,46,20
2021-11-20,Sat,20,Nov,2021,6,7,18,32,34,37,2
2021-11-17,Wed,17,Nov,2021,4,18,23,26,40,46,10
2021-11-13,Sat,13,Nov,2021,1,4,16,22,32,40,9
2021-11-10,Wed,10,Nov,2021,5,9,11,13,28,35,41
2021-11-06,Sat,6,Nov,2021,19,22,29,34,39,43,32
2021-11-03,Wed,3,Nov,2021,3,10,11,14,35,40,22
2021-10-30,Sat,30,Oct,2021,1,9,21,29,42,46,40
2021-10-27,Wed,27,Oct,2021,5,6,9,13,20,38,42
2021-10-23,Sat,23,Oct,2021,3,27,30,34,44,46,4
2021-10-20,Wed,20,Oct,2021,3,16,18,37,43,45,17
2021-10-16,Sat,16,Oct,2021,1,3,5,24,25,39,6
2021-10-13,Wed,13,Oct,2021,3,11,26,27,35,42,25
2021-10-09,Sat,9,Oct,2021,16,19,22,23,39,40,9
2021-10-06,Wed,6,Oct,2021,9,28,32,34,36,43,38
2021-10-02,Sat,2,Oct,2021,12,13,14,20,31,44,43
2021-09-29,Wed,29,Sep,2021,1,3,5,15,24,26,19
2021-09-25,Sat,25,Sep,2021,2,7,17,24,39,42,29
2021-09-22,Wed,22,Sep,2021,4,20,23,28,29,31,43
2021-09-18,Sat,18,Sep,2021,5,13,23,30,35,38,18
2021-09-15,Wed,15,Sep,2021,5,12,14,36,42,47,27
2021-09-11,Sat,11,Sep,2021,1,4,15,20,23,43,46
2021-09-08,Wed,8,Sep,2021,5,26,33,35,40,46,37
2021-09-04,Sat,4,Sep,2021,6,16,22,27,34,35,24
2021-09-01,Wed,1,Sep,2021,1,5,6,16,23,38,20
2021-08-28,Sat,28,Aug,2021,4,7,16,28,44,47,39
2021-08-25,Wed,25,Aug,2021,6,8,15,17,27,32,14
2021-08-21,Sat,21,Aug,2021,8,11,23,25,37,38,42
2021-08-18,Wed,18,Aug,2021,1,3,6,16,28,41,19
2021-08-14,Sat,14,Aug,2021,6,12,25,27,31,36,9
2021-08-11,Wed,11,Aug,2021,10,11,16,22,23,45,8
2021-08-07,Sat,7,Aug,2021,1,4,20,25,45,46,22
2021-08-04,Wed,4,Aug,2021,1,12,26,30,39,43,2
2021-07-31,Sat,31,Jul,2021,9,10,32,34,43,47,42
2021-07-28,Wed,28,Jul,2021,5,12,27,30,33,40,24
2021-07-24,Sat,24,Jul,2021,2,29,30,39,43,47,10
2021-07-21,Wed,21,Jul,2021,1,14,20,25,28,46,33
2021-07-17,Sat,17,Jul,2021,3,11,12,20,25,42,10
2021-07-14,Wed,14,Jul,2021,9,16,18,22,25,46,17
2021-07-10,Sat,10,Jul,2021,3,13,14,36,39,45,35
2021-07-07,Wed,7,Jul,2021,3,22,28,31,35,42,10
2021-07-03,Sat,3,Jul,2021,4,17,35,36,46,47,25
2021-06-30,Wed,30,Jun,2021,10,16,19,23,35,42,8
2021-06-26,Sat,26,Jun,2021,2,3,6,12,38,40,39
2021-06-23,Wed,23,Jun,2021,2,12,23,30,40,45,34
2021-06-19,Sat,19,Jun,2021,9,13,20,30,34,35,41
2021-06-16,Wed,16,Jun,2021,19,24,26,31,36,41,2
2021-06-12,Sat,12,Jun,2021,7,23,25,35,41,42,28
2021-06-09,Wed,9,Jun,2021,7,19,26,27,34,44,36
2021-06-05,Sat,5,Jun,2021,14,20,31,32,33,41,16
2021-06-02,Wed,2,Jun,2021,13,17,22,33,34,35,12
2021-05-29,Sat,29,May,2021,9,21,29,31,39,41,2
2021-05-26,Wed,26,May,2021,12,23,29,34,38,39,41
2021-05-22,Sat,22,May,2021,1,16,21,30,39,43,40
2021-05-19,Wed,19,May,2021,5,13,17,26,30,32,45
2021-05-15,Sat,15,May,2021,8,19,37,38,42,46,24
2021-05-12,Wed,12,May,2021,8,12,13,25,38,40,17
2021-05-08,Sat,8,May,2021,14,22,26,31,42,47,27
2021-05-05,Wed,5,May,2021,19,23,27,44,45,47,14
2021-05-01,Sat,1,May,2021,3,17,20,38,44,45,30
2021-04-28,Wed,28,Apr,2021,1,6,18,19,37,38,20
2021-04-24,Sat,24,Apr,2021,16,17,23,38,41,46,34
2021-04-21,Wed,21,Apr,2021,34,38,41,45,46,47,35
2021-04-17,Sat,17,Apr,2021,2,17,19,32,38,43,45
2021-04-14,Wed,14,Apr,2021,5,11,15,23,27,38,35
2021-04-10,Sat,10,Apr,2021,8,22,24,26,34,41,4
2021-04-07,Wed,7,Apr,2021,11,12,32,34,37,47,8
2021-04-03,Sat,3,Apr,2021,12,18,21,31,45,47,16
2021-03-31,Wed,31,Mar,2021,6,21,29,34,37,41,15
2021-03-27,Sat,27,Mar,2021,6,11,28,35,36,38,25
2021-03-24,Wed,24,Mar,2021,1,3,13,15,24,32,46
2021-03-20,Sat,20,Mar,2021,15,19,27,30,32,47,40
2021-03-17,Wed,17,Mar,2021,2,11,14,29,30,34,20
2021-03-13,Sat,13,Mar,2021,1,9,16,29,31,40,46
2021-03-10,Wed,10,Mar,2021,8,9,10,18,25,43,44
2021-03-06,Sat,6,Mar,2021,9,12,33,39,42,45,19
2021-03-03,Wed,3,Mar,2021,6,11,12,28,33,40,14
2021-02-27,Sat,27,Feb,2021,8,34,36,37,38,42,19
2021-02-24,Wed,24,Feb,2021,4,11,13,15,40,41,34
2021-02-20,Sat,20,Feb,2021,2,11,15,27,32,46,29
2021-02-17,Wed,17,Feb,2021,29,33,34,37,44,47,15
2021-02-13,Sat,13,Feb,2021,4,6,15,24,33,45,5
2021-02-10,Wed,10,Feb,2021,1,21,29,31,37,42,16
2021-02-06,Sat,6,Feb,2021,6,10,13,21,31,44,30
2021-02-03,Wed,3,Feb,2021,3,20,34,39,41,47,31
2021-01-30,Sat,30,Jan,2021,3,14,16,17,18,35,20
2021-01-27,Wed,27,Jan,2021,23,24,27,29,40,44,41
2021-01-23,Sat,23,Jan,2021,3,7,12,33,39,47,40
2021-01-20,Wed,20,Jan,2021,4,8,10,35,40,46,7
2021-01-16,Sat,16,Jan,2021,1,8,10,34,35,45,28
2021-01-13,Wed,13,Jan,2021,6,11,12,27,41,45,28
2021-01-09,Sat,9,Jan,2021,6,11,14,17,20,32,26
2021-01-06,Wed,6,Jan,2021,1,2,27,32,35,47,7
2021-01-02,Sat,2,Jan,2021,2,10,16,26,37,44,45
2020-12-30,Wed,30,Dec,2020,8,11,27,32,37,47,25
2020-12-26,Sat,26,Dec,2020,5,6,7,10,12,38,39
2020-12-23,Wed,23,Dec,2020,1,11,20,21,35,40,33
2020-12-19,Sat,19,Dec,2020,11,16,24,25,29,34,19
2020-12-16,Wed,16,Dec,2020,7,12,31,43,44,46,35
2020-12-12,Sat,12,Dec,2020,6,17,20,26,27,36,45
2020-12-09,Wed,9,Dec,2020,3,16,17,26,37,43,15
2020-12-05,Sat,5,Dec,2020,10,14,15,31,34,46,3
2020-12-02,Wed,2,Dec,2020,6,10,13,32,34,41,15
2020-11-28,Sat,28,Nov,2020,1,6,7,16,23,32,11
2020-11-25,Wed,25,Nov,2020,5,6,7,15,30,36,13
2020-11-21,Sat,21,Nov,2020,12,14,18,19,22,26,31
2020-11-18,Wed,18,Nov,2020,10,18,23,25,31,46,32
2020-11-14,Sat,14,Nov,2020,1,6,9,16,24,33,22
2020-11-11,Wed,11,Nov,2020,2,22,23,29,30,38,9
2020-11-07,Sat,7,Nov,2020,5,6,7,10,21,38,27
2020-11-04,Wed,4,Nov,2020,2,13,32,39,44,46,31
2020-10-31,Sat,31,Oct,2020,6,12,13,20,33,37,19
2020-10-28,Wed,28,Oct,2020,13,17,25,30,40,44,36
2020-10-24,Sat,24,Oct,2020,3,28,32,36,38,47,4
2020-10-21,Wed,21,Oct,2020,2,10,14,22,39,44,24
2020-10-17,Sat,17,Oct,2020,14,15,18,39,40,45,2
2020-10-14,Wed,14,Oct,2020,4,5,6,13,33,34,3
2020-10-10,Sat,10,Oct,2020,13,26,31,33,36,37,11
2020-10-07,Wed,7,Oct,2020,13,16,23,24,25,26,32
2020-10-03,Sat,3,Oct,2020,10,11,17,22,37,39,30
2020-09-30,Wed,30,Sep,2020,1,7,9,11,33,37,10
2020-09-26,Sat,26,Sep,2020,16,27,30,37,38,42,4
2020-09-23,Wed,23,Sep,2020,3,9,31,36,40,43,32
2020-09-19,Sat,19,Sep,2020,5,12,14,23,25,45,8
2020-09-16,Wed,16,Sep,2020,5,9,18,19,35,42,33
2020-09-12,Sat,12,Sep,2020,10,18,20,27,33,45,23
2020-09-09,Wed,9,Sep,2020,11,14,15,18,28,35,27
2020-09-05,Sat,5,Sep,2020,1,16,21,31,38,40,10
2020-09-02,Wed,2,Sep,2020,10,26,30,32,33,47,40
2020-08-29,Sat,29,Aug,2020,5,14,29,32,35,38,24
2020-08-26,Wed,26,Aug,2020,1,3,11,13,29,34,44
2020-08-22,Sat,22,Aug,2020,6,12,18,32,39,44,36
2020-08-19,Wed,19,Aug,2020,6,9,10,30,34,47,29
2020-08-15,Sat,15,Aug,2020,3,12,19,39,43,47,5
2020-08-12,Wed,12,Aug,2020,4,19,25,30,38,39,13
2020-08-08,Sat,8,Aug,2020,11,19,29,33,35,45,4
2020-08-05,Wed,5,Aug,2020,2,20,23,39,42,46,21
2020-08-01,Sat,1,Aug,2020,6,10,15,20,29,31,41
2020-07-29,Wed,29,Jul,2020,1,7,18,26,32,36,45
2020-07-25,Sat,25,Jul,2020,9,18,22,31,35,45,39
2020-07-22,Wed,22,Jul,2020,16,18,31,32,44,47,2
2020-07-18,Sat,18,Jul,2020,2,4,19,26,27,39,22
2020-07-15,Wed,15,Jul,2020,11,28,32,37,43,44,20
2020-07-11,Sat,11,Jul,2020,15,16,17,35,45,46,26
2020-07-08,Wed,8,Jul,2020,4,16,21,23,25,30,35
2020-07-04,Sat,4,Jul,2020,1,26,27,28,31,45,6
2020-07-01,Wed,1,Jul,2020,2,4,5,16,24,37,11
2020-06-27,Sat,27,Jun,2020,14,15,18,31,34,45,26
2020-06-24,Wed,24,Jun,2020,14,16,20,26,27,36,45
2020-06-20,Sat,20,Jun,2020,11,15,18,30,32,37,22
2020-06-17,Wed,17,Jun,2020,4,6,15,26,31,40,17
2020-06-13,Sat,13,Jun,2020,8,14,25,29,31,34,12
2020-06-10,Wed,10,Jun,2020,1,6,9,11,33,36,45
2020-06-06,Sat,6,Jun,2020,1,3,11,20,21,45,42
2020-06-03,Wed,3,Jun,2020,3,6,16,27,31,34,24
2020-05-30,Sat,30,May,2020,8,25,29,34,41,42,28
2020-05-27,Wed,27,May,2020,4,27,31,33,42,47,32
2020-05-23,Sat,23,May,2020,2,4,13,27,42,45,9
2020-05-20,Wed,20,May,2020,6,8,12,22,23,39,1
2020-05-16,Sat,16,May,2020,3,12,17,31,36,42,24
2020-05-13,Wed,13,May,2020,2,14,19,40,43,46,10
2020-05-09,Sat,9,May,2020,14,17,21,22,24,34,33
2020-05-06,Wed,6,May,2020,18,20,24,31,34,39,11
2020-05-02,Sat,2,May,2020,1,4,18,24,27,47,2
2020-04-29,Wed,29,Apr,2020,11,13,23,28,39,46,35
2020-04-25,Sat,25,Apr,2020,2,4,20,25,35,37,30
2020-04-22,Wed,22,Apr,2020,3,10,17,18,19,23,30
2020-04-18,Sat,18,Apr,2020,12,19,23,33,40,44,47
2020-04-15,Wed,15,Apr,2020,6,12,31,37,41,45,35
2020-04-11,Sat,11,Apr,2020,11,17,23,28,40,46,37
2020-04-08,Wed,8,Apr,2020,2,8,11,28,30,43,35
2020-04-04,Sat,4,Apr,2020,14,22,25,38,42,45,29
2020-04-01,Wed,1,Apr,2020,5,6,9,13,24,32,27
2020-03-28,Sat,28,Mar,2020,6,7,11,28,30,41,32
2020-03-25,Wed,25,Mar,2020,1,5,23,24,34,44,33
2020-03-21,Sat,21,Mar,2020,9,10,19,28,38,47,15
2020-03-18,Wed,18,Mar,2020,3,9,22,27,29,36,14
2020-03-14,Sat,14,Mar,2020,3,20,26,30,32,41,9
2020-03-11,Wed,11,Mar,2020,4,7,13,26,32,38,1
2020-03-07,Sat,7,Mar,2020,6,12,13,26,31,32,4
2020-03-04,Wed,4,Mar,2020,1,21,23,38,40,44,47
2020-02-29,Sat,29,Feb,2020,21,23,25,28,41,43,26
2020-02-26,Wed,26,Feb,2020,6,12,25,27,30,42,14
2020-02-22,Sat,22,Feb,2020,18,21,26,28,35,41,3
2020-02-19,Wed,19,Feb,2020,12,14,17,21,41,47,33
2020-02-15,Sat,15,Feb,2020,4,19,20,31,34,45,43
2020-02-12,Wed,12,Feb,2020,5,19,24,32,42,47,6
2020-02-08,Sat,8,Feb,2020,1,13,19,21,24,34,42
2020-02-05,Wed,5,Feb,2020,11,14,24,27,40,42,19
2020-02-01,Sat,1,Feb,2020,9,16,22,25,28,39,8
2020-01-29,Wed,29,Jan,2020,2,7,27,29,32,38,45
2020-01-25,Sat,25,Jan,2020,3,14,24,38,39,44,35
2020-01-22,Wed,22,Jan,2020,1,4,6,8,32,47,25
2020-01-18,Sat,18,Jan,2020,17,21,30,35,36,37,14
2020-01-15,Wed,15,Jan,2020,9,15,17,18,30,32,35
2020-01-11,Sat,11,Jan,2020,7,22,24,28,32,42,16
2020-01-08,Wed,8,Jan,2020,9,11,12,21,36,40,15
2020-01-04,Sat,4,Jan,2020,5,25,31,33,37,46,35
2020-01-01,Wed,1,Jan,2020,5,11,16,19,34,45,22
2019-12-28,Sat,28,Dec,2019,7,14,23,39,42,43,29
2019-12-25,Wed,25,Dec,2019,1,22,26,28,30,35,2
2019-12-21,Sat,21,Dec,2019,19,22,23,40,42,44,2
2019-12-18,Wed,18,Dec,2019,2,8,10,27,29,45,35
2019-12-14,Sat,14,Dec,2019,4,5,8,10,20,25,11
2019-12-11,Wed,11,Dec,2019,3,9,19,20,36,47,34
2019-12-07,Sat,7,Dec,2019,1,4,7,28,36,38,20
2019-12-04,Wed,4,Dec,2019,8,11,30,31,39,46,12
2019-11-30,Sat,30,Nov,2019,1,3,6,14,35,39,19
2019-11-27,Wed,27,Nov,2019,5,8,13,16,32,35,28
2019-11-23,Sat,23,Nov,2019,5,29,31,32,36,47,23
2019-11-20,Wed,20,Nov,2019,2,7,10,19,29,32,38
2019-11-16,Sat,16,Nov,2019,6,12,13,24,38,41,30
2019-11-13,Wed,13,Nov,2019,8,22,24,27,31,39,26
2019-11-09,Sat,9,Nov,2019,12,20,21,28,39,43,37
2019-11-06,Wed,6,Nov,2019,5,36,37,40,41,46,47
2019-11-02,Sat,2,Nov,2019,16,17,34,40,45,47,42
2019-10-30,Wed,30,Oct,2019,6,15,27,33,41,46,34
2019-10-26,Sat,26,Oct,2019,6,8,9,28,39,42,15
2019-10-23,Wed,23,Oct,2019,7,8,14,15,42,43,13
2019-10-19,Sat,19,Oct,2019,2,12,22,28,30,39,47
2019-10-16,Wed,16,Oct,2019,11,16,28,31,33,42,47
2019-10-12,Sat,12,Oct,2019,5,12,20,33,42,43,15
2019-10-09,Wed,9,Oct,2019,12,17,20,24,42,43,33
2019-10-05,Sat,5,Oct,2019,6,16,30,33,40,47,36
2019-10-02,Wed,2,Oct,2019,4,16,26,30,32,38,33
2019-09-29,Sun,29,Sep,2019,9,11,27,33,45,47,22
2019-09-28,Sat,28,Sep,2019,9,11,27,33,45,47,22
2019-09-25,Wed,25,Sep,2019,10,11,31,42,43,46,45
2019-09-21,Sat,21,Sep,2019,18,19,23,28,30,42,5
2019-09-18,Wed,18,Sep,2019,2,10,26,33,43,45,37
2019-09-14,Sat,14,Sep,2019,2,13,15,20,32,47,33
2019-09-11,Wed,11,Sep,2019,10,14,36,37,40,43,12
2019-09-07,Sat,7,Sep,2019,16,23,26,34,38,39,12
2019-09-04,Wed,4,Sep,2019,4,7,14,26,28,33,19
2019-08-31,Sat,31,Aug,2019,14,19,30,40,44,46,32
2019-08-28,Wed,28,Aug,2019,10,21,24,31,45,46,30
2019-08-24,Sat,24,Aug,2019,15,17,24,30,31,42,46
2019-08-21,Wed,21,Aug,2019,1,4,13,31,34,41,10
2019-08-17,Sat,17,Aug,2019,4,7,30,35,37,43,27
2019-08-14,Wed,14,Aug,2019,13,15,20,21,28,33,44
2019-08-10,Sat,10,Aug,2019,7,19,23,25,31,44,21
2019-08-07,Wed,7,Aug,2019,12,16,21,30,35,44,22
2019-08-03,Sat,3,Aug,2019,8,11,20,23,27,33,32
2019-07-31,Wed,31,Jul,2019,4,8,16,18,19,22,24
2019-07-27,Sat,27,Jul,2019,2,26,31,34,37,39,35
2019-07-24,Wed,24,Jul,2019,10,12,13,27,33,38,4
2019-07-20,Sat,20,Jul,2019,15,20,24,31,34,47,3
2019-07-17,Wed,17,Jul,2019,6,8,20,28,37,44,29
2019-07-13,Sat,13,Jul,2019,11,12,16,39,40,46,1
2019-07-10,Wed,10,Jul,2019,1,5,8,17,28,35,32
2019-07-06,Sat,6,Jul,2019,8,11,13,37,39,46,23
2019-07-03,Wed,3,Jul,2019,3,7,14,20,42,44,36
2019-06-29,Sat,29,Jun,2019,3,8,19,22,30,38,33
2019-06-26,Wed,26,Jun,2019,2,4,10,32,37,46,25
2019-06-22,Sat,22,Jun,2019,3,6,21,23,34,37,26
2019-06-19,Wed,19,Jun,2019,2,10,16,18,21,25,27
2019-06-15,Sat,15,Jun,2019,2,4,9,20,30,38,40
2019-06-12,Wed,12,Jun,2019,3,5,15,23,28,40,38
2019-06-08,Sat,8,Jun,2019,1,20,25,35,38,42,34
2019-06-05,Wed,5,Jun,2019,16,22,30,40,42,43,7
2019-06-01,Sat,1,Jun,2019,21,25,30,35,37,43,29
2019-05-29,Wed,29,May,2019,4,18,20,26,29,47,43
2019-05-25,Sat,25,May,2019,4,19,23,27,30,44,2
2019-05-22,Wed,22,May,2019,2,12,13,33,38,42,47
2019-05-18,Sat,18,May,2019,10,17,35,37,39,43,27
2019-05-15,Wed,15,May,2019,1,11,12,19,38,46,32
2019-05-11,Sat,11,May,2019,3,5,14,26,41,46,24
2019-05-08,Wed,8,May,2019,16,29,34,39,41,44,2
2019-05-04,Sat,4,May,2019,3,10,17,30,34,42,5
2019-05-01,Wed,1,May,2019,2,9,10,14,24,29,7
2019-04-27,Sat,27,Apr,2019,6,7,14,24,26,42,19
2019-04-24,Wed,24,Apr,2019,16,18,22,29,35,36,6
2019-04-20,Sat,20,Apr,2019,11,16,20,36,38,45,34
2019-04-17,Wed,17,Apr,2019,1,11,20,22,42,46,41
2019-04-13,Sat,13,Apr,2019,25,26,29,31,34,35,17
2019-04-10,Wed,10,Apr,2019,4,5,7,21,39,40,41
2019-04-06,Sat,6,Apr,2019,24,25,33,36,38,40,19
2019-04-03,Wed,3,Apr,2019,2,3,5,13,23,32,4
2019-03-30,Sat,30,Mar,2019,3,18,23,40,46,47,34
2019-03-27,Wed,27,Mar,2019,1,9,26,30,36,43,20
2019-03-24,Sun,24,Mar,2019,6,8,20,24,31,44,46
2019-03-23,Sat,23,Mar,2019,6,8,20,24,31,44,46
2019-03-20,Wed,20,Mar,2019,9,11,17,30,35,37,23
2019-03-16,Sat,16,Mar,2019,12,14,17,21,27,43,13
2019-03-13,Wed,13,Mar,2019,1,8,14,28,35,39,46
2019-03-09,Sat,9,Mar,2019,1,4,13,22,36,38,21
2019-03-06,Wed,6,Mar,2019,11,19,24,26,29,43,35
2019-03-02,Sat,2,Mar,2019,1,33,34,35,37,41,17
2019-02-27,Wed,27,Feb,2019,2,7,18,19,21,45,14
2019-02-23,Sat,23,Feb,2019,5,13,26,33,37,47,28
2019-02-20,Wed,20,Feb,2019,2,5,7,25,36,39,47
2019-02-16,Sat,16,Feb,2019,14,20,23,27,43,45,40
2019-02-13,Wed,13,Feb,2019,3,12,16,17,32,45,9
2019-02-09,Sat,9,Feb,2019,5,9,32,35,38,43,10
2019-02-06,Wed,6,Feb,2019,3,16,28,30,37,45,34
2019-02-02,Sat,2,Feb,2019,3,14,25,37,40,42,44
2019-01-30,Wed,30,Jan,2019,5,9,11,33,36,43,27
2019-01-26,Sat,26,Jan,2019,6,8,27,30,33,47,16
2019-01-23,Wed,23,Jan,2019,8,23,35,40,44,47,37
2019-01-19,Sat,19,Jan,2019,1,4,17,21,28,37,13
2019-01-16,Wed,16,Jan,2019,6,7,20,26,31,35,5
2019-01-12,Sat,12,Jan,2019,4,6,15,20,24,25,32
2019-01-09,Wed,9,Jan,2019,1,3,10,22,29,46,25
2019-01-05,Sat,5,Jan,2019,2,5,12,15,34,37,8
2019-01-02,Wed,2,Jan,2019,3,11,12,13,45,47,30
2018-12-29,Sat,29,Dec,2018,2,5,19,20,36,37,9
2018-12-26,Wed,26,Dec,2018,8,10,13,30,38,47,25
2018-12-22,Sat,22,Dec,2018,9,12,19,23,35,43,8
2018-12-19,Wed,19,Dec,2018,3,8,16,18,19,24,45
2018-12-15,Sat,15,Dec,2018,16,19,20,29,31,39,25
2018-12-12,Wed,12,Dec,2018,9,13,19,33,34,39,27
2018-12-08,Sat,8,Dec,2018,1,15,18,21,46,47,6
2018-12-05,Wed,5,Dec,2018,1,7,17,25,26,37,6
2018-12-01,Sat,1,Dec,2018,7,9,15,41,42,45,29
2018-11-28,Wed,28,Nov,2018,5,13,16,20,29,31,22
2018-11-24,Sat,24,Nov,2018,6,15,17,34,36,44,14
2018-11-21,Wed,21,Nov,2018,13,21,30,33,34,41,1
2018-11-17,Sat,17,Nov,2018,6,16,23,30,35,42,2
2018-11-14,Wed,14,Nov,2018,4,12,16,30,34,46,11
2018-11-10,Sat,10,Nov,2018,5,11,16,18,24,41,31
2018-11-07,Wed,7,Nov,2018,4,10,11,28,41,44,13
2018-11-03,Sat,3,Nov,2018,5,10,13,24,26,41,30
2018-10-31,Wed,31,Oct,2018,6,11,31,32,33,38,21
2018-10-27,Sat,27,Oct,2018,16,19,31,41,43,44,27
2018-10-24,Wed,24,Oct,2018,3,16,24,30,31,34,22
2018-10-20,Sat,20,Oct,2018,7,22,25,37,38,42,10
2018-10-17,Wed,17,Oct,2018,18,27,31,36,38,39,1
2018-10-13,Sat,13,Oct,2018,16,24,28,29,36,40,39
2018-10-10,Wed,10,Oct,2018,3,12,20,23,32,42,27
2018-10-06,Sat,6,Oct,2018,3,6,19,21,35,43,11
2018-10-03,Wed,3,Oct,2018,3,4,10,32,33,46,35
2018-09-29,Sat,29,Sep,2018,19,26,33,34,38,40,8
2018-09-26,Wed,26,Sep,2018,1,5,23,24,26,34,16
2018-09-22,Sat,22,Sep,2018,7,25,27,34,41,46,20
2018-09-19,Wed,19,Sep,2018,10,19,34,36,39,46,29
2018-09-15,Sat,15,Sep,2018,1,16,17,26,30,45,44
2018-09-12,Wed,12,Sep,2018,3,12,19,30,32,43,2
2018-09-08,Sat,8,Sep,2018,20,27,33,37,41,46,36
2018-09-05,Wed,5,Sep,2018,11,13,16,36,39,43,29
2018-09-01,Sat,1,Sep,2018,3,14,24,26,30,33,1
2018-08-29,Wed,29,Aug,2018,8,19,30,33,36,47,31
2018-08-25,Sat,25,Aug,2018,1,4,7,8,12,41,46
2018-08-22,Wed,22,Aug,2018,11,18,20,28,30,38,47
2018-08-18,Sat,18,Aug,2018,12,18,33,34,36,42,3
2018-08-15,Wed,15,Aug,2018,13,15,19,28,29,43,39
2018-08-11,Sat,11,Aug,2018,4,7,18,19,29,47,40
2018-08-08,Wed,8,Aug,2018,11,19,33,35,37,41,5
2018-08-04,Sat,4,Aug,2018,4,9,25,32,35,43,19
2018-08-01,Wed,1,Aug,2018,6,20,24,29,31,44,28
2018-07-28,Sat,28,Jul,2018,1,4,23,28,40,43,12
2018-07-25,Wed,25,Jul,2018,3,5,22,25,27,41,26
2018-07-21,Sat,21,Jul,2018,2,5,11,12,38,44,39
2018-07-18,Wed,18,Jul,2018,8,12,22,23,24,26,27
2018-07-14,Sat,14,Jul,2018,4,12,15,27,31,46,26
2018-07-11,Wed,11,Jul,2018,7,9,13,25,41,43,38
2018-07-07,Sat,7,Jul,2018,6,10,27,28,37,47,25
2018-07-04,Wed,4,Jul,2018,6,7,23,32,36,40,2
2018-06-30,Sat,30,Jun,2018,6,13,21,25,29,47,34
2018-06-27,Wed,27,Jun,2018,15,27,30,31,36,39,42
2018-06-23,Sat,23,Jun,2018,2,4,12,15,32,37,43
2018-06-20,Wed,20,Jun,2018,14,22,25,30,33,43,17
2018-06-16,Sat,16,Jun,2018,1,8,9,21,44,47,36
2018-06-13,Wed,13,Jun,2018,1,4,11,23,46,47,40
2018-06-09,Sat,9,Jun,2018,8,14,16,26,27,41,36
2018-06-06,Wed,6,Jun,2018,18,26,27,28,39,40,22
2018-06-02,Sat,2,Jun,2018,1,16,24,36,39,42,33
2018-05-30,Wed,30,May,2018,4,10,18,23,25,43,27
2018-05-26,Sat,26,May,2018,1,3,6,8,29,47,11
2018-05-23,Wed,23,May,2018,12,13,30,43,45,46,14
2018-05-19,Sat,19,May,2018,15,24,30,31,34,44,39
2018-05-16,Wed,16,May,2018,1,6,10,23,24,33,2
2018-05-12,Sat,12,May,2018,5,9,15,23,31,42,37
2018-05-09,Wed,9,May,2018,1,11,12,13,17,41,31
2018-05-05,Sat,5,May,2018,5,6,13,22,27,45,3
2018-05-02,Wed,2,May,2018,5,21,22,23,30,39,15
2018-04-28,Sat,28,Apr,2018,22,29,33,35,38,44,40
2018-04-25,Wed,25,Apr,2018,8,9,18,26,32,39,16
2018-04-21,Sat,21,Apr,2018,8,23,31,33,43,46,18
2018-04-18,Wed,18,Apr,2018,9,14,24,25,41,42,13
2018-04-14,Sat,14,Apr,2018,5,6,16,17,35,40,36
2018-04-11,Wed,11,Apr,2018,8,19,25,27,41,43,2
2018-04-07,Sat,7,Apr,2018,2,6,15,16,26,33,35
2018-04-04,Wed,4,Apr,2018,5,20,23,24,31,39,17
2018-03-31,Sat,31,Mar,2018,10,11,26,31,40,42,9
2018-03-28,Wed,28,Mar,2018,1,10,34,35,39,42,27
2018-03-24,Sat,24,Mar,2018,9,17,22,24,26,40,14
2018-03-21,Wed,21,Mar,2018,2,24,30,33,43,44,4
2018-03-17,Sat,17,Mar,2018,5,14,18,21,34,42,22
2018-03-14,Wed,14,Mar,2018,14,17,18,23,24,30,41
2018-03-10,Sat,10,Mar,2018,7,8,31,34,35,42,32
2018-03-07,Wed,7,Mar,2018,6,15,31,40,41,44,24
2018-03-03,Sat,3,Mar,2018,11,13,18,27,42,46,25
2018-02-28,Wed,28,Feb,2018,5,12,25,26,40,47,2
2018-02-24,Sat,24,Feb,2018,7,11,26,29,32,41,36
2018-02-21,Wed,21,Feb,2018,20,22,31,34,45,46,13
2018-02-17,Sat,17,Feb,2018,1,2,3,20,38,44,23
2018-02-14,Wed,14,Feb,2018,4,8,28,31,39,45,36
2018-02-10,Sat,10,Feb,2018,1,7,15,16,22,28,19
2018-02-07,Wed,7,Feb,2018,1,3,13,19,23,24,2
2018-02-03,Sat,3,Feb,2018,20,21,28,35,42,44,32
2018-01-31,Wed,31,Jan,2018,1,12,29,33,41,45,5
2018-01-27,Sat,27,Jan,2018,2,3,7,12,43,45,1
2018-01-24,Wed,24,Jan,2018,7,11,20,24,40,43,46
2018-01-20,Sat,20,Jan,2018,5,24,25,36,45,46,37
2018-01-17,Wed,17,Jan,2018,2,3,6,23,26,38,25
2018-01-13,Sat,13,Jan,2018,1,10,11,22,30,36,15
2018-01-10,Wed,10,Jan,2018,8,21,23,27,42,44,1
2018-01-06,Sat,6,Jan,2018,1,5,7,13,34,46,4
2018-01-03,Wed,3,Jan,2018,1,12,30,33,43,45,8
2017-12-30,Sat,30,Dec,2017,22,32,38,39,42,45,44
2017-12-27,Wed,27,Dec,2017,22,23,27,33,34,45,16
2017-12-23,Sat,23,Dec,2017,4,14,15,21,44,46,17
2017-12-20,Wed,20,Dec,2017,5,8,27,34,37,39,15
2017-12-16,Sat,16,Dec,2017,3,7,21,33,36,39,22
2017-12-13,Wed,13,Dec,2017,1,12,16,17,30,36,34
2017-12-09,Sat,9,Dec,2017,1,12,22,23,24,40,2
2017-12-06,Wed,6,Dec,2017,3,9,10,23,35,37,46
2017-12-02,Sat,2,Dec,2017,11,13,20,22,30,35,26
2017-11-29,Wed,29,Nov,2017,4,5,16,29,43,44,7
2017-11-25,Sat,25,Nov,2017,3,13,19,22,24,38,32
2017-11-22,Wed,22,Nov,2017,3,15,16,30,35,37,9
2017-11-18,Sat,18,Nov,2017,1,6,8,25,36,44,3
2017-11-15,Wed,15,Nov,2017,3,8,9,26,27,44,18
2017-11-11,Sat,11,Nov,2017,2,16,17,28,33,46,43
2017-11-08,Wed,8,Nov,2017,3,10,11,19,23,36,46
2017-11-04,Sat,4,Nov,2017,8,13,19,23,24,33,30
2017-11-01,Wed,1,Nov,2017,5,10,13,28,33,43,36
2017-10-28,Sat,28,Oct,2017,4,18,22,23,30,42,20
2017-10-25,Wed,25,Oct,2017,3,5,7,11,22,32,36
2017-10-21,Sat,21,Oct,2017,2,3,14,16,29,30,33
2017-10-18,Wed,18,Oct,2017,18,34,40,41,45,46,21
2017-10-14,Sat,14,Oct,2017,1,4,12,31,38,47,42
2017-10-11,Wed,11,Oct,2017,1,31,32,40,41,45,26
2017-10-07,Sat,7,Oct,2017,18,32,34,42,45,47,27
2017-10-04,Wed,4,Oct,2017,1,4,23,26,41,43,46
2017-09-30,Sat,30,Sep,2017,20,24,27,44,45,46,40
2017-09-27,Wed,27,Sep,2017,1,22,27,33,36,40,39
2017-09-23,Sat,23,Sep,2017,1,3,7,23,26,42,28
2017-09-20,Wed,20,Sep,2017,4,11,13,20,21,22,47
2017-09-16,Sat,16,Sep,2017,9,10,25,33,45,46,1
2017-09-13,Wed,13,Sep,2017,1,24,32,37,40,46,21
2017-09-09,Sat,9,Sep,2017,3,12,19,20,22,39,4
2017-09-06,Wed,6,Sep,2017,11,19,23,36,41,44,45
2017-09-02,Sat,2,Sep,2017,7,21,24,34,37,39,46
2017-08-30,Wed,30,Aug,2017,3,6,12,30,37,39,31
2017-08-26,Sat,26,Aug,2017,7,16,30,31,34,42,46
2017-08-23,Wed,23,Aug,2017,2,6,7,10,14,16,3
2017-08-19,Sat,19,Aug,2017,2,4,22,37,39,41,25
2017-08-16,Wed,16,Aug,2017,7,8,13,17,19,32,31
2017-08-12,Sat,12,Aug,2017,16,19,31,34,42,45,2
2017-08-09,Wed,9,Aug,2017,9,11,21,29,33,38,1
2017-08-05,Sat,5,Aug,2017,2,9,15,25,32,45,38
2017-08-02,Wed,2,Aug,2017,2,22,23,44,45,46,20
2017-07-29,Sat,29,Jul,2017,8,19,34,35,43,47,38
2017-07-26,Wed,26,Jul,2017,3,14,15,30,32,39,11
2017-07-22,Sat,22,Jul,2017,6,17,18,23,42,46,33
2017-07-19,Wed,19,Jul,2017,7,9,12,25,36,38,45
2017-07-15,Sat,15,Jul,2017,7,12,22,34,40,44,41
2017-07-12,Wed,12,Jul,2017,1,12,13,15,25,35,43
2017-07-08,Sat,8,Jul,2017,3,7,32,35,36,40,18
2017-07-05,Wed,5,Jul,2017,3,10,35,40,41,45,37
2017-07-01,Sat,1,Jul,2017,1,4,10,11,40,45,33
2017-06-28,Wed,28,Jun,2017,18,33,36,38,40,46,45
2017-06-24,Sat,24,Jun,2017,3,5,22,26,34,36,2
2017-06-21,Wed,21,Jun,2017,9,14,17,21,25,27,1
2017-06-17,Sat,17,Jun,2017,1,17,30,33,35,43,2
2017-06-14,Wed,14,Jun,2017,5,12,20,25,33,40,38
2017-06-10,Sat,10,Jun,2017,6,12,13,14,39,41,45
2017-06-07,Wed,7,Jun,2017,1,7,11,20,32,39,46
2017-06-03,Sat,3,Jun,2017,3,9,15,20,25,28,37
2017-05-31,Wed,31,May,2017,9,10,19,29,40,42,4
2017-05-27,Sat,27,May,2017,3,4,19,32,36,37,22
2017-05-24,Wed,24,May,2017,2,16,26,40,46,47,33
2017-05-20,Sat,20,May,2017,4,8,11,12,20,41,47
2017-05-17,Wed,17,May,2017,22,23,26,32,41,46,40
2017-05-13,Sat,13,May,2017,5,11,13,24,31,36,30
2017-05-10,Wed,10,May,2017,8,9,24,29,33,36,12
2017-05-06,Sat,6,May,2017,6,19,23,25,32,34,9
2017-05-03,Wed,3,May,2017,1,13,22,30,34,39,11
2017-04-29,Sat,29,Apr,2017,16,21,22,24,29,33,44
2017-04-26,Wed,26,Apr,2017,18,21,25,29,36,37,30
2017-04-22,Sat,22,Apr,2017,2,19,24,28,34,35,14
2017-04-19,Wed,19,Apr,2017,9,21,23,36,38,44,29
2017-04-15,Sat,15,Apr,2017,5,7,32,36,40,41,20
2017-04-12,Wed,12,Apr,2017,9,17,24,30,34,44,12
2017-04-08,Sat,8,Apr,2017,1,15,19,30,32,35,41
2017-04-05,Wed,5,Apr,2017,1,14,17,18,22,46,44
2017-04-01,Sat,1,Apr,2017,5,10,12,29,30,47,36
2017-03-29,Wed,29,Mar,2017,11,12,17,19,24,42,39
2017-03-25,Sat,25,Mar,2017,8,11,14,15,24,38,10
2017-03-22,Wed,22,Mar,2017,4,16,20,25,30,39,42
2017-03-18,Sat,18,Mar,2017,12,18,24,26,31,43,32
2017-03-15,Wed,15,Mar,2017,9,14,25,26,41,43,15
2017-03-11,Sat,11,Mar,2017,3,10,31,39,41,43,28
2017-03-08,Wed,8,Mar,2017,3,11,16,27,35,43,5
2017-03-04,Sat,4,Mar,2017,19,23,26,30,37,43,31
2017-03-01,Wed,1,Mar,2017,2,10,18,30,31,42,23
2017-02-25,Sat,25,Feb,2017,17,20,29,32,37,46,10
2017-02-22,Wed,22,Feb,2017,4,10,11,21,40,42,20
2017-02-18,Sat,18,Feb,2017,18,19,20,28,39,46,43
2017-02-15,Wed,15,Feb,2017,10,13,17,21,40,43,27
2017-02-11,Sat,11,Feb,2017,3,11,24,26,29,38,35
2017-02-08,Wed,8,Feb,2017,28,31,35,39,43,47,17
2017-02-04,Sat,4,Feb,2017,12,17,21,22,25,39,34
2017-02-01,Wed,1,Feb,2017,2,8,10,12,29,44,24
2017-01-28,Sat,28,Jan,2017,1,7,8,20,29,43,12
2017-01-25,Wed,25,Jan,2017,20,23,26,28,41,45,42
2017-01-21,Sat,21,Jan,2017,7,13,23,28,31,42,30
2017-01-18,Wed,18,Jan,2017,1,7,18,22,42,47,37
2017-01-14,Sat,14,Jan,2017,7,11,12,36,37,40,26
2017-01-11,Wed,11,Jan,2017,2,10,12,14,16,23,20
2017-01-07,Sat,7,Jan,2017,2,12,14,17,28,39,19
2017-01-04,Wed,4,Jan,2017,14,21,26,29,33,38,11
2016-12-31,Sat,31,Dec,2016,2,13,14,32,36,39,7
2016-12-28,Wed,28,Dec,2016,11,19,20,34,36,45,47
2016-12-24,Sat,24,Dec,2016,1,9,10,17,32,47,26
2016-12-21,Wed,21,Dec,2016,6,17,18,25,31,35,26
2016-12-17,Sat,17,Dec,2016,1,2,4,17,27,44,21
2016-12-14,Wed,14,Dec,2016,2,9,11,31,37,46,12
2016-12-10,Sat,10,Dec,2016,1,8,14,15,17,19,5
2016-12-07,Wed,7,Dec,2016,7,13,27,31,34,37,6
2016-12-03,Sat,3,Dec,2016,8,17,24,30,36,43,12
2016-11-30,Wed,30,Nov,2016,7,15,26,32,44,46,17
2016-11-26,Sat,26,Nov,2016,15,18,28,29,41,47,17
2016-11-23,Wed,23,Nov,2016,2,7,11,28,35,41,45
2016-11-19,Sat,19,Nov,2016,3,23,26,34,35,47,5
2016-11-16,Wed,16,Nov,2016,8,24,27,28,34,46,26
2016-11-12,Sat,12,Nov,2016,11,23,25,28,37,47,45
2016-11-09,Wed,9,Nov,2016,6,12,19,26,43,46,41
2016-11-05,Sat,5,Nov,2016,7,10,12,19,45,47,30
2016-11-02,Wed,2,Nov,2016,3,5,12,24,37,43,23
2016-10-29,Sat,29,Oct,2016,8,9,19,36,39,45,44
2016-10-26,Wed,26,Oct,2016,3,14,26,27,34,40,25
2016-10-22,Sat,22,Oct,2016,3,6,9,12,18,46,29
2016-10-19,Wed,19,Oct,2016,3,9,20,35,42,43,30
2016-10-15,Sat,15,Oct,2016,19,24,27,29,30,31,10
2016-10-12,Wed,12,Oct,2016,6,13,17,26,42,45,28
2016-10-08,Sat,8,Oct,2016,9,13,19,29,37,46,33
2016-10-05,Wed,5,Oct,2016,6,13,17,28,29,39,24
2016-10-01,Sat,1,Oct,2016,9,15,23,35,39,47,31
2016-09-28,Wed,28,Sep,2016,5,12,20,29,44,46,40
2016-09-24,Sat,24,Sep,2016,6,9,19,37,40,44,16
2016-09-21,Wed,21,Sep,2016,2,15,17,32,38,43,8
2016-09-17,Sat,17,Sep,2016,7,10,14,18,20,46,6
2016-09-14,Wed,14,Sep,2016,13,16,24,25,39,47,5
2016-09-10,Sat,10,Sep,2016,6,11,25,30,32,38,9
2016-09-07,Wed,7,Sep,2016,21,26,32,36,39,43,14
2016-09-03,Sat,3,Sep,2016,18,23,32,35,36,47,12
2016-08-31,Wed,31,Aug,2016,12,22,26,31,32,38,9
2016-08-27,Sat,27,Aug,2016,5,16,25,26,29,31,43
2016-08-24,Wed,24,Aug,2016,5,7,18,24,30,38,6
2016-08-20,Sat,20,Aug,2016,17,27,29,30,34,43,9
2016-08-17,Wed,17,Aug,2016,6,14,18,23,30,43,42
2016-08-13,Sat,13,Aug,2016,3,4,32,37,43,47,17
2016-08-10,Wed,10,Aug,2016,1,9,10,15,23,30,2
2016-08-06,Sat,6,Aug,2016,5,19,36,40,41,46,9
2016-08-03,Wed,3,Aug,2016,5,17,24,35,38,47,30
2016-07-30,Sat,30,Jul,2016,4,9,11,21,36,43,45
2016-07-27,Wed,27,Jul,2016,16,24,31,32,40,41,46
2016-07-23,Sat,23,Jul,2016,8,12,15,21,34,40,24
2016-07-20,Wed,20,Jul,2016,20,30,32,33,37,43,40
2016-07-16,Sat,16,Jul,2016,4,7,11,21,32,47,6
2016-07-13,Wed,13,Jul,2016,12,22,28,31,37,40,10
2016-07-09,Sat,9,Jul,2016,13,16,21,25,36,44,19
2016-07-06,Wed,6,Jul,2016,4,9,11,26,31,46,24
2016-07-02,Sat,2,Jul,2016,2,10,14,17,26,40,41
2016-06-29,Wed,29,Jun,2016,1,3,10,18,20,42,5
2016-06-25,Sat,25,Jun,2016,1,6,8,14,27,31,13
2016-06-22,Wed,22,Jun,2016,2,17,23,37,39,47,13
2016-06-18,Sat,18,Jun,2016,10,11,23,27,41,47,8
2016-06-15,Wed,15,Jun,2016,5,12,24,25,39,41,34
2016-06-11,Sat,11,Jun,2016,3,7,19,24,36,47,5
2016-06-08,Wed,8,Jun,2016,3,4,9,14,23,39,36
2016-06-04,Sat,4,Jun,2016,21,26,27,29,40,43,1
2016-06-01,Wed,1,Jun,2016,3,14,18,25,41,44,42
2016-05-28,Sat,28,May,2016,12,14,29,32,36,44,19
2016-05-25,Wed,25,May,2016,2,8,30,40,42,47,6
2016-05-21,Sat,21,May,2016,1,18,28,29,32,35,33
2016-05-18,Wed,18,May,2016,4,28,33,34,43,45,19
2016-05-14,Sat,14,May,2016,4,28,32,34,39,40,30
2016-05-11,Wed,11,May,2016,4,7,21,32,46,47,8
2016-05-07,Sat,7,May,2016,10,24,27,29,32,38,35
2016-05-04,Wed,4,May,2016,8,10,27,42,43,44,33
2016-04-30,Sat,30,Apr,2016,4,11,36,42,45,47,44
2016-04-27,Wed,27,Apr,2016,10,19,21,30,35,42,33
2016-04-23,Sat,23,Apr,2016,10,21,23,26,32,35,41
2016-04-20,Wed,20,Apr,2016,5,9,11,13,30,46,12
2016-04-16,Sat,16,Apr,2016,3,9,23,38,41,43,24
2016-04-13,Wed,13,Apr,2016,1,26,32,33,40,46,45
2016-04-09,Sat,9,Apr,2016,4,18,19,22,39,42,5
2016-04-06,Wed,6,Apr,2016,1,5,6,16,24,35,39
2016-04-02,Sat,2,Apr,2016,14,18,34,41,46,47,9
2016-03-30,Wed,30,Mar,2016,4,13,18,21,27,39,47
2016-03-26,Sat,26,Mar,2016,9,15,23,38,39,45,14
2016-03-23,Wed,23,Mar,2016,3,6,15,17,18,41,26
2016-03-19,Sat,19,Mar,2016,13,14,17,18,26,33,43
2016-03-16,Wed,16,Mar,2016,3,14,21,24,31,35,23
2016-03-12,Sat,12,Mar,2016,2,4,8,29,41,47,42
2016-03-09,Wed,9,Mar,2016,7,11,12,26,31,45,8
2016-03-05,Sat,5,Mar,2016,6,16,25,28,40,45,30
2016-03-02,Wed,2,Mar,2016,2,5,10,12,43,46,18
2016-02-27,Sat,27,Feb,2016,2,18,21,27,30,45,26
2016-02-24,Wed,24,Feb,2016,16,22,23,25,34,36,4
2016-02-20,Sat,20,Feb,2016,1,2,13,15,24,38,27
2016-02-17,Wed,17,Feb,2016,5,7,18,25,40,43,10
2016-02-13,Sat,13,Feb,2016,4,18,20,22,35,41,10
2016-02-10,Wed,10,Feb,2016,4,10,37,42,45,47,5
2016-02-06,Sat,6,Feb,2016,8,10,14,25,27,28,3
2016-02-03,Wed,3,Feb,2016,30,34,39,40,41,44,6
2016-01-30,Sat,30,Jan,2016,25,32,33,35,39,43,4
2016-01-27,Wed,27,Jan,2016,7,14,19,21,30,38,17
2016-01-23,Sat,23,Jan,2016,4,8,29,40,41,42,44
2016-01-20,Wed,20,Jan,2016,2,16,26,28,33,45,32
2016-01-16,Sat,16,Jan,2016,11,18,34,38,45,46,35
2016-01-13,Wed,13,Jan,2016,4,6,25,40,42,46,24
2016-01-09,Sat,9,Jan,2016,6,7,20,25,29,34,22
2016-01-06,Wed,6,Jan,2016,2,19,26,33,42,47,20
2016-01-02,Sat,2,Jan,2016,7,17,22,28,30,36,41
2015-12-30,Wed,30,Dec,2015,2,8,10,19,36,44,42
2015-12-26,Sat,26,Dec,2015,2,9,17,37,39,41,47
2015-12-23,Wed,23,Dec,2015,3,15,16,20,34,42,32
2015-12-19,Sat,19,Dec,2015,11,13,20,37,38,45,3
2015-12-16,Wed,16,Dec,2015,3,5,18,19,40,46,29
2015-12-12,Sat,12,Dec,2015,5,10,15,24,34,35,3
2015-12-09,Wed,9,Dec,2015,6,15,23,25,30,42,29
2015-12-05,Sat,5,Dec,2015,17,19,25,30,37,43,27
2015-12-02,Wed,2,Dec,2015,5,11,27,30,37,40,10
2015-11-28,Sat,28,Nov,2015,4,13,30,33,38,46,23
2015-11-25,Wed,25,Nov,2015,4,5,28,31,35,42,21
2015-11-21,Sat,21,Nov,2015,4,10,19,24,36,38,35
2015-11-18,Wed,18,Nov,2015,8,20,29,38,42,46,44
2015-11-14,Sat,14,Nov,2015,4,11,28,32,41,45,12
2015-11-11,Wed,11,Nov,2015,4,10,14,19,23,38,9
2015-11-07,Sat,7,Nov,2015,15,17,23,37,43,47,40
2015-11-04,Wed,4,Nov,2015,2,7,11,16,27,41,44
2015-10-31,Sat,31,Oct,2015,10,26,30,38,41,45,11
2015-10-28,Wed,28,Oct,2015,4,12,13,30,42,46,31
2015-10-24,Sat,24,Oct,2015,1,2,6,12,29,41,7
2015-10-21,Wed,21,Oct,2015,6,8,10,23,33,47,31
2015-10-17,Sat,17,Oct,2015,10,18,19,29,41,47,12
2015-10-14,Wed,14,Oct,2015,9,16,29,32,42,47,30
2015-10-10,Sat,10,Oct,2015,7,17,39,42,43,47,27
2015-10-07,Wed,7,Oct,2015,1,10,14,15,18,20,4
2015-10-03,Sat,3,Oct,2015,9,12,13,17,38,47,6
2015-09-30,Wed,30,Sep,2015,2,7,22,23,29,30,27
2015-09-26,Sat,26,Sep,2015,1,4,16,30,35,41,23
2015-09-23,Wed,23,Sep,2015,2,10,13,39,41,43,3
2015-09-19,Sat,19,Sep,2015,6,14,29,34,35,38,26
2015-09-16,Wed,16,Sep,2015,4,6,9,15,19,35,14
2015-09-12,Sat,12,Sep,2015,9,10,12,14,26,32,21
2015-09-09,Wed,9,Sep,2015,12,17,42,43,45,47,20
2015-09-05,Sat,5,Sep,2015,4,8,10,21,33,38,30
2015-09-02,Wed,2,Sep,2015,3,7,23,34,35,43,11
2015-08-29,Sat,29,Aug,2015,4,5,19,25,31,32,28
2015-08-26,Wed,26,Aug,2015,1,6,17,25,27,33,21
2015-08-22,Sat,22,Aug,2015,3,7,18,21,31,35,23
2015-08-19,Wed,19,Aug,2015,1,11,24,29,31,36,16
2015-08-15,Sat,15,Aug,2015,3,9,13,21,41,43,23
2015-08-12,Wed,12,Aug,2015,2,13,15,20,27,31,30
2015-08-08,Sat,8,Aug,2015,2,4,20,22,28,36,29
2015-08-05,Wed,5,Aug,2015,1,3,4,6,11,32,38
2015-08-01,Sat,1,Aug,2015,4,6,7,11,33,36,30
2015-07-29,Wed,29,Jul,2015,7,11,14,20,38,45,34
2015-07-25,Sat,25,Jul,2015,3,14,15,27,30,38,40
2015-07-22,Wed,22,Jul,2015,10,12,18,20,37,39,42
2015-07-18,Sat,18,Jul,2015,12,21,23,31,41,44,14
2015-07-15,Wed,15,Jul,2015,3,14,15,20,36,42,27
2015-07-11,Sat,11,Jul,2015,2,9,19,33,34,40,7
2015-07-08,Wed,8,Jul,2015,5,10,13,26,35,36,32
2015-07-04,Sat,4,Jul,2015,4,6,18,31,35,37,33
2015-07-01,Wed,1,Jul,2015,3,13,15,36,38,43,45
2015-06-27,Sat,27,Jun,2015,1,3,5,8,10,25,40
2015-06-24,Wed,24,Jun,2015,6,8,11,25,31,35,21
2015-06-20,Sat,20,Jun,2015,8,31,36,40,41,42,17
2015-06-17,Wed,17,Jun,2015,15,22,34,35,39,43,19
2015-06-13,Sat,13,Jun,2015,7,14,16,26,33,39,29
2015-06-10,Wed,10,Jun,2015,4,11,14,39,41,45,19
2015-06-06,Sat,6,Jun,2015,10,23,35,37,41,45,30
2015-06-03,Wed,3,Jun,2015,20,24,30,34,40,43,10
2015-05-30,Sat,30,May,2015,5,9,14,29,39,45,16
2015-05-27,Wed,27,May,2015,9,17,22,31,34,44,33
2015-05-23,Sat,23,May,2015,11,26,34,35,39,42,28
2015-05-20,Wed,20,May,2015,3,9,13,22,30,36,45
2015-05-16,Sat,16,May,2015,2,17,19,21,30,34,4
2015-05-13,Wed,13,May,2015,22,24,39,41,44,45,18
2015-05-09,Sat,9,May,2015,2,3,9,12,17,39,41
2015-05-06,Wed,6,May,2015,1,14,22,23,24,30,38
2015-05-02,Sat,2,May,2015,4,6,15,20,27,35,44
2015-04-29,Wed,29,Apr,2015,5,16,20,27,28,37,43
2015-04-25,Sat,25,Apr,2015,4,7,13,15,40,42,19
2015-04-22,Wed,22,Apr,2015,1,2,21,23,24,41,10
2015-04-18,Sat,18,Apr,2015,3,15,17,26,32,33,7
2015-04-15,Wed,15,Apr,2015,7,24,31,32,36,39,38
2015-04-11,Sat,11,Apr,2015,4,9,10,24,27,38,14
2015-04-08,Wed,8,Apr,2015,11,14,23,25,29,30,7
2015-04-04,Sat,4,Apr,2015,5,11,15,18,23,37,28
2015-04-01,Wed,1,Apr,2015,4,12,23,25,27,29,18
2015-03-28,Sat,28,Mar,2015,10,13,18,19,20,26,37
2015-03-25,Wed,25,Mar,2015,4,17,25,27,32,39,30
2015-03-21,Sat,21,Mar,2015,8,17,18,32,39,42,45
2015-03-18,Wed,18,Mar,2015,17,19,22,23,40,43,32
2015-03-14,Sat,14,Mar,2015,2,3,24,29,30,31,23
2015-03-11,Wed,11,Mar,2015,7,11,12,18,19,38,40
2015-03-07,Sat,7,Mar,2015,2,9,20,28,34,43,35
2015-03-04,Wed,4,Mar,2015,7,8,11,14,33,35,32
2015-02-28,Sat,28,Feb,2015,12,16,18,32,37,40,28
2015-02-25,Wed,25,Feb,2015,24,31,32,34,39,44,45
2015-02-21,Sat,21,Feb,2015,2,3,27,30,34,38,1
2015-02-18,Wed,18,Feb,2015,1,9,14,16,24,39,7
2015-02-14,Sat,14,Feb,2015,1,4,17,20,35,37,15
2015-02-11,Wed,11,Feb,2015,5,8,30,32,43,45,9
2015-02-07,Sat,7,Feb,2015,1,5,9,17,28,40,10
2015-02-05,Thu,5,Feb,2015,2,6,10,18,25,37,38
2015-01-31,Sat,31,Jan,2015,4,5,9,13,18,22,28
2015-01-28,Wed,28,Jan,2015,23,27,34,35,36,45,3
2015-01-24,Sat,24,Jan,2015,7,13,20,22,42,45,40
2015-01-21,Wed,21,Jan,2015,4,5,25,28,32,36,26
2015-01-17,Sat,17,Jan,2015,5,6,11,34,35,40,2
2015-01-14,Wed,14,Jan,2015,2,3,27,33,34,44,36
2015-01-10,Sat,10,Jan,2015,21,24,27,38,42,44,43
2015-01-07,Wed,7,Jan,2015,5,13,21,40,41,45,1
2015-01-03,Sat,3,Jan,2015,7,18,26,29,30,38,37
2014-12-31,Wed,31,Dec,2014,17,22,29,36,39,44,41
2014-12-27,Sat,27,Dec,2014,3,10,12,15,29,34,9
2014-12-24,Wed,24,Dec,2014,13,19,26,30,35,37,1
2014-12-20,Sat,20,Dec,2014,4,5,13,39,43,45,31
2014-12-17,Wed,17,Dec,2014,1,11,18,26,31,45,36
2014-12-13,Sat,13,Dec,2014,2,17,30,35,38,39,10
2014-12-10,Wed,10,Dec,2014,5,15,20,26,28,40,6
2014-12-06,Sat,6,Dec,2014,6,14,18,26,33,36,38
2014-12-03,Wed,3,Dec,2014,1,6,26,36,39,41,42
2014-11-29,Sat,29,Nov,2014,7,18,27,28,36,38,41
2014-11-26,Wed,26,Nov,2014,1,2,8,14,18,24,34
2014-11-22,Sat,22,Nov,2014,13,27,33,35,36,43,28
2014-11-19,Wed,19,Nov,2014,5,7,22,26,30,41,19
2014-11-15,Sat,15,Nov,2014,9,10,12,17,19,21,18
2014-11-12,Wed,12,Nov,2014,1,18,22,24,28,44,15
2014-11-08,Sat,8,Nov,2014,11,15,28,32,35,36,18
2014-11-05,Wed,5,Nov,2014,4,15,16,17,26,37,45
2014-11-01,Sat,1,Nov,2014,1,29,30,33,36,40,32
2014-10-29,Wed,29,Oct,2014,4,8,20,29,32,42,5
2014-10-25,Sat,25,Oct,2014,4,23,28,40,44,45,29
2014-10-22,Wed,22,Oct,2014,12,17,21,27,36,45,9
2014-10-18,Sat,18,Oct,2014,6,8,10,27,33,39,44
2014-10-15,Wed,15,Oct,2014,11,16,19,25,28,31,36
2014-10-11,Sat,11,Oct,2014,4,5,7,10,16,26,21
2014-10-08,Wed,8,Oct,2014,6,13,18,37,42,45,34
2014-10-04,Sat,4,Oct,2014,2,14,15,17,20,35,3
2014-10-01,Wed,1,Oct,2014,13,32,35,39,41,42,9
2014-09-27,Sat,27,Sep,2014,2,8,10,12,15,23,1
2014-09-24,Wed,24,Sep,2014,8,16,20,21,35,43,44
2014-09-20,Sat,20,Sep,2014,4,8,9,16,26,36,42
2014-09-17,Wed,17,Sep,2014,2,8,11,32,34,42,39
2014-09-13,Sat,13,Sep,2014,9,11,16,35,40,45,42
2014-09-10,Wed,10,Sep,2014,9,22,23,28,37,38,24
2014-09-06,Sat,6,Sep,2014,2,13,24,33,34,43,44
2014-09-03,Wed,3,Sep,2014,10,13,19,36,40,45,44
2014-08-30,Sat,30,Aug,2014,19,21,26,27,31,39,5
2014-08-27,Wed,27,Aug,2014,14,19,20,23,24,34,13
2014-08-23,Sat,23,Aug,2014,4,5,13,39,40,43,15
2014-08-20,Wed,20,Aug,2014,4,7,10,25,30,33,21
2014-08-16,Sat,16,Aug,2014,3,7,12,14,20,39,34
2014-08-13,Wed,13,Aug,2014,1,19,31,36,41,45,3
2014-08-09,Sat,9,Aug,2014,2,9,17,31,36,45,15
2014-08-06,Wed,6,Aug,2014,10,15,27,30,32,39,42
2014-08-02,Sat,2,Aug,2014,1,4,12,38,39,44,14
2014-07-30,Wed,30,Jul,2014,4,9,11,20,29,40,15
2014-07-26,Sat,26,Jul,2014,3,6,16,19,32,36,41
2014-07-23,Wed,23,Jul,2014,4,11,19,31,33,34,1
2014-07-19,Sat,19,Jul,2014,13,14,18,27,32,44,19
2014-07-16,Wed,16,Jul,2014,9,18,25,28,30,32,34
2014-07-12,Sat,12,Jul,2014,3,8,25,29,40,44,37
2014-07-09,Wed,9,Jul,2014,2,7,22,23,30,39,40
2014-07-05,Sat,5,Jul,2014,1,10,20,23,27,43,28
2014-07-02,Wed,2,Jul,2014,7,9,12,19,22,27,3
2014-06-28,Sat,28,Jun,2014,5,17,27,28,33,37,40
2014-06-25,Wed,25,Jun,2014,7,11,19,23,30,44,38
2014-06-21,Sat,21,Jun,2014,1,9,16,18,36,41,29
2014-06-18,Wed,18,Jun,2014,15,27,28,33,34,36,41
2014-06-14,Sat,14,Jun,2014,6,19,27,31,38,43,24
2014-06-11,Wed,11,Jun,2014,15,18,21,22,29,35,11
2014-06-07,Sat,7,Jun,2014,9,17,22,25,27,33,30
2014-06-04,Wed,4,Jun,2014,12,18,25,34,35,40,7
2014-05-31,Sat,31,May,2014,17,23,29,30,33,40,18
2014-05-28,Wed,28,May,2014,2,25,26,31,39,41,3
2014-05-24,Sat,24,May,2014,1,5,14,16,24,28,25
2014-05-21,Wed,21,May,2014,2,8,9,17,20,28,43
2014-05-17,Sat,17,May,2014,4,22,25,40,44,45,26
2014-05-14,Wed,14,May,2014,5,10,21,22,28,42,32
2014-05-10,Sat,10,May,2014,10,13,32,33,35,37,20
2014-05-07,Wed,7,May,2014,8,9,30,32,38,43,12
2014-05-03,Sat,3,May,2014,1,2,5,9,13,16,37
2014-04-30,Wed,30,Apr,2014,3,6,18,22,34,42,27
2014-04-26,Sat,26,Apr,2014,4,8,11,18,36,44,38
2014-04-23,Wed,23,Apr,2014,11,20,32,33,38,42,29
2014-04-19,Sat,19,Apr,2014,2,5,10,12,25,44,11
2014-04-16,Wed,16,Apr,2014,10,20,23,24,30,34,15
2014-04-12,Sat,12,Apr,2014,1,3,11,23,25,29,30
2014-04-09,Wed,9,Apr,2014,3,9,15,21,26,41,44
2014-04-05,Sat,5,Apr,2014,7,12,16,35,37,42,29
2014-04-02,Wed,2,Apr,2014,9,19,20,30,39,42,2
2014-03-29,Sat,29,Mar,2014,9,20,21,31,37,38,24
2014-03-26,Wed,26,Mar,2014,1,8,31,34,41,43,18
2014-03-22,Sat,22,Mar,2014,4,6,13,14,20,45,28
2014-03-19,Wed,19,Mar,2014,5,17,29,43,44,45,35
2014-03-15,Sat,15,Mar,2014,5,6,10,26,30,36,33
2014-03-12,Wed,12,Mar,2014,2,6,7,21,29,37,3
2014-03-08,Sat,8,Mar,2014,8,12,23,28,31,38,29
2014-03-05,Wed,5,Mar,2014,3,4,12,20,33,35,8
2014-03-01,Sat,1,Mar,2014,6,13,14,27,34,43,25
2014-02-26,Wed,26,Feb,2014,1,9,16,24,35,38,44
2014-02-22,Sat,22,Feb,2014,4,7,10,18,36,39,33
2014-02-19,Wed,19,Feb,2014,7,8,9,14,44,45,28
2014-02-15,Sat,15,Feb,2014,19,21,23,26,33,35,43
2014-02-12,Wed,12,Feb,2014,4,10,12,20,37,44,15
2014-02-08,Sat,8,Feb,2014,2,3,29,30,35,38,21
2014-02-05,Wed,5,Feb,2014,1,4,8,18,40,44,42
2014-02-01,Sat,1,Feb,2014,7,15,16,26,29,39,40
2014-01-29,Wed,29,Jan,2014,6,14,15,19,21,41,30
2014-01-25,Sat,25,Jan,2014,13,16,29,30,40,42,28
2014-01-22,Wed,22,Jan,2014,2,7,20,37,41,44,34
2014-01-18,Sat,18,Jan,2014,8,16,17,25,33,43,34
2014-01-15,Wed,15,Jan,2014,1,4,6,15,24,45,27
2014-01-11,Sat,11,Jan,2014,5,14,15,26,39,40,10
2014-01-08,Wed,8,Jan,2014,4,15,18,24,27,40,36
2014-01-04,Sat,4,Jan,2014,4,5,28,37,39,40,2
2014-01-01,Wed,1,Jan,2014,1,5,9,12,25,32,33
2013-12-28,Sat,28,Dec,2013,5,6,14,24,33,39,31
2013-12-26,Thu,26,Dec,2013,2,8,10,14,28,36,45
2013-12-21,Sat,21,Dec,2013,4,14,20,27,32,38,23
2013-12-18,Wed,18,Dec,2013,11,22,23,35,39,45,44
2013-12-14,Sat,14,Dec,2013,1,7,14,18,22,45,20
2013-12-11,Wed,11,Dec,2013,17,19,20,22,35,42,40
2013-12-07,Sat,7,Dec,2013,6,11,19,27,34,45,14
2013-12-04,Wed,4,Dec,2013,5,21,32,33,36,44,18
2013-11-30,Sat,30,Nov,2013,1,19,20,32,33,43,5
2013-11-27,Wed,27,Nov,2013,8,10,15,16,19,23,4
2013-11-23,Sat,23,Nov,2013,17,18,28,37,39,45,6
2013-11-20,Wed,20,Nov,2013,1,13,31,42,43,45,38
2013-11-16,Sat,16,Nov,2013,15,16,17,29,36,38,13
2013-11-13,Wed,13,Nov,2013,2,3,33,39,41,45,16
2013-11-09,Sat,9,Nov,2013,5,6,22,24,27,44,1
2013-11-06,Wed,6,Nov,2013,6,13,15,30,39,41,3
2013-11-02,Sat,2,Nov,2013,6,14,17,23,36,45,18
2013-10-30,Wed,30,Oct,2013,1,3,12,19,32,44,11
2013-10-26,Sat,26,Oct,2013,1,14,21,27,35,44,45
2013-10-23,Wed,23,Oct,2013,3,15,21,35,37,41,7
2013-10-19,Sat,19,Oct,2013,4,10,11,17,32,44,43
2013-10-16,Wed,16,Oct,2013,1,3,10,19,35,45,31
2013-10-12,Sat,12,Oct,2013,1,4,15,23,37,44,34
2013-10-09,Wed,9,Oct,2013,18,19,22,32,42,44,21
2013-10-05,Sat,5,Oct,2013,3,4,6,8,21,43,29
2013-10-02,Wed,2,Oct,2013,5,6,7,8,9,33,19
2013-09-28,Sat,28,Sep,2013,1,13,19,32,39,44,18
2013-09-25,Wed,25,Sep,2013,1,13,14,25,34,36,7
2013-09-21,Sat,21,Sep,2013,7,8,11,16,33,42,18
2013-09-18,Wed,18,Sep,2013,10,15,20,29,41,43,8
2013-09-14,Sat,14,Sep,2013,3,6,17,25,27,30,11
2013-09-11,Wed,11,Sep,2013,9,22,24,25,41,43,16
2013-09-07,Sat,7,Sep,2013,2,6,12,16,28,40,8
2013-09-04,Wed,4,Sep,2013,7,9,23,34,37,44,4
2013-08-31,Sat,31,Aug,2013,7,11,24,30,39,40,25
2013-08-28,Wed,28,Aug,2013,3,6,13,18,30,35,19
2013-08-24,Sat,24,Aug,2013,2,11,12,31,32,45,30
2013-08-21,Wed,21,Aug,2013,11,15,26,28,37,42,39
2013-08-17,Sat,17,Aug,2013,11,17,18,23,27,42,29
2013-08-14,Wed,14,Aug,2013,3,16,23,27,35,38,32
2013-08-10,Sat,10,Aug,2013,18,26,31,34,37,39,29
2013-08-07,Wed,7,Aug,2013,2,3,10,13,19,45,37
2013-08-03,Sat,3,Aug,2013,3,14,21,32,33,43,17
2013-07-31,Wed,31,Jul,2013,9,30,32,34,41,42,11
2013-07-27,Sat,27,Jul,2013,9,19,24,25,36,40,39
2013-07-24,Wed,24,Jul,2013,5,10,19,27,29,43,18
2013-07-20,Sat,20,Jul,2013,6,13,17,18,31,38,5
2013-07-17,Wed,17,Jul,2013,23,26,32,33,34,44,14
2013-07-13,Sat,13,Jul,2013,6,10,11,15,25,30,29
2013-07-10,Wed,10,Jul,2013,4,12,32,34,36,40,6
2013-07-06,Sat,6,Jul,2013,3,8,13,18,30,31,9
2013-07-03,Wed,3,Jul,2013,6,13,24,34,36,39,5
2013-06-29,Sat,29,Jun,2013,12,17,21,22,31,38,25
2013-06-26,Wed,26,Jun,2013,19,27,28,32,40,42,41
2013-06-22,Sat,22,Jun,2013,4,17,22,32,41,43,12
2013-06-19,Wed,19,Jun,2013,2,16,28,37,40,42,32
2013-06-15,Sat,15,Jun,2013,11,13,14,15,16,19,26
2013-06-12,Wed,12,Jun,2013,6,7,8,21,32,44,25
2013-06-08,Sat,8,Jun,2013,4,5,14,15,31,45,35
2013-06-05,Wed,5,Jun,2013,2,12,15,17,20,41,18
2013-06-01,Sat,1,Jun,2013,4,12,22,24,27,30,7
2013-05-29,Wed,29,May,2013,3,21,25,31,33,40,23
2013-05-25,Sat,25,May,2013,4,23,26,38,43,44,3
2013-05-22,Wed,22,May,2013,8,19,23,33,42,44,38
2013-05-18,Sat,18,May,2013,1,6,10,13,30,41,45
2013-05-15,Wed,15,May,2013,5,12,32,36,37,41,34
2013-05-11,Sat,11,May,2013,1,7,24,31,35,40,20
2013-05-08,Wed,8,May,2013,2,8,9,12,34,45,31
2013-05-04,Sat,4,May,2013,1,2,18,19,34,42,33
2013-05-01,Wed,1,May,2013,3,12,20,26,28,33,13
2013-04-27,Sat,27,Apr,2013,4,11,33,36,37,43,17
2013-04-24,Wed,24,Apr,2013,9,16,18,30,34,37,3
2013-04-20,Sat,20,Apr,2013,10,17,20,28,30,44,5
2013-04-17,Wed,17,Apr,2013,12,15,21,23,28,42,5
2013-04-13,Sat,13,Apr,2013,1,10,11,15,19,31,41
2013-04-10,Wed,10,Apr,2013,1,15,16,25,30,40,21
2013-04-06,Sat,6,Apr,2013,3,9,23,39,40,42,10
2013-04-03,Wed,3,Apr,2013,8,27,30,35,37,40,32
2013-03-30,Sat,30,Mar,2013,11,12,14,15,35,37,19
2013-03-27,Wed,27,Mar,2013,8,10,16,28,32,40,3
2013-03-23,Sat,23,Mar,2013,2,10,18,22,24,41,29
2013-03-20,Wed,20,Mar,2013,15,17,18,33,39,45,26
2013-03-16,Sat,16,Mar,2013,12,18,22,26,27,33,43
2013-03-13,Wed,13,Mar,2013,11,16,22,23,34,45,5
2013-03-09,Sat,9,Mar,2013,14,22,23,28,32,42,9
2013-03-06,Wed,6,Mar,2013,3,7,13,14,26,34,9
2013-03-02,Sat,2,Mar,2013,1,3,16,36,37,38,13
2013-02-27,Wed,27,Feb,2013,3,7,9,21,33,35,18
2013-02-23,Sat,23,Feb,2013,2,12,14,21,24,41,9
2013-02-20,Wed,20,Feb,2013,1,8,17,37,38,41,7
2013-02-16,Sat,16,Feb,2013,1,6,7,31,37,45,8
2013-02-13,Wed,13,Feb,2013,2,17,26,30,39,40,32
2013-02-09,Sat,9,Feb,2013,15,25,26,35,42,43,44
2013-02-06,Wed,6,Feb,2013,17,27,29,31,43,44,13
2013-02-02,Sat,2,Feb,2013,3,14,21,26,40,43,11
2013-01-30,Wed,30,Jan,2013,7,18,20,27,37,38,29
2013-01-26,Sat,26,Jan,2013,4,6,15,32,36,41,31
2013-01-23,Wed,23,Jan,2013,3,6,25,26,33,39,9
2013-01-19,Sat,19,Jan,2013,12,18,25,29,43,44,35
2013-01-16,Wed,16,Jan,2013,13,18,21,26,31,44,4
2013-01-12,Sat,12,Jan,2013,6,11,13,17,26,34,14
2013-01-09,Wed,9,Jan,2013,3,9,10,13,16,26,15
2013-01-05,Sat,5,Jan,2013,4,19,20,21,25,32,27
2013-01-02,Wed,2,Jan,2013,10,11,18,30,31,43,13
2012-12-29,Sat,29,Dec,2012,5,14,19,22,33,40,8
2012-12-26,Wed,26,Dec,2012,3,4,7,16,26,27,11
2012-12-22,Sat,22,Dec,2012,32,36,37,43,44,45,3
2012-12-19,Wed,19,Dec,2012,5,13,23,35,36,39,3
2012-12-15,Sat,15,Dec,2012,2,4,18,23,34,35,38
2012-12-12,Wed,12,Dec,2012,7,9,11,12,42,43,5
2012-12-08,Sat,8,Dec,2012,5,12,13,35,36,42,7
2012-12-05,Wed,5,Dec,2012,3,11,16,20,27,37,15
2012-12-01,Sat,1,Dec,2012,2,18,20,23,36,37,8
2012-11-28,Wed,28,Nov,2012,17,18,25,30,36,43,11
2012-11-24,Sat,24,Nov,2012,3,5,10,13,16,31,34
2012-11-21,Wed,21,Nov,2012,2,8,17,24,25,27,15
2012-11-17,Sat,17,Nov,2012,3,7,32,41,42,43,17
2012-11-14,Wed,14,Nov,2012,3,6,8,16,44,45,38
2012-11-10,Sat,10,Nov,2012,6,9,10,13,34,40,16
2012-11-07,Wed,7,Nov,2012,13,19,36,37,42,45,41
2012-11-03,Sat,3,Nov,2012,2,7,28,34,36,37,19
2012-10-31,Wed,31,Oct,2012,5,12,21,23,31,45,29
2012-10-27,Sat,27,Oct,2012,6,12,22,33,44,45,35
2012-10-24,Wed,24,Oct,2012,2,8,16,28,31,38,20
2012-10-20,Sat,20,Oct,2012,1,6,7,9,28,37,44
2012-10-17,Wed,17,Oct,2012,7,22,36,38,42,44,4
2012-10-13,Sat,13,Oct,2012,9,10,13,18,37,40,31
2012-10-10,Wed,10,Oct,2012,1,10,24,26,34,41,7
2012-10-06,Sat,6,Oct,2012,12,17,20,23,34,39,9
2012-10-03,Wed,3,Oct,2012,9,27,30,34,35,41,24
2012-09-29,Sat,29,Sep,2012,5,7,21,31,32,43,6
2012-09-26,Wed,26,Sep,2012,11,18,22,27,37,45,9
2012-09-22,Sat,22,Sep,2012,2,4,6,26,37,43,21
2012-09-19,Wed,19,Sep,2012,1,2,14,15,33,41,18
2012-09-15,Sat,15,Sep,2012,5,8,23,28,31,37,10
2012-09-12,Wed,12,Sep,2012,5,16,25,27,30,37,15
2012-09-08,Sat,8,Sep,2012,3,14,21,26,30,38,23
2012-09-05,Wed,5,Sep,2012,7,11,13,19,22,33,14
2012-09-01,Sat,1,Sep,2012,10,18,26,32,42,45,34
2012-08-29,Wed,29,Aug,2012,5,17,23,35,38,44,19
2012-08-25,Sat,25,Aug,2012,2,5,12,23,33,42,43
2012-08-22,Wed,22,Aug,2012,17,18,35,38,39,43,29
2012-08-18,Sat,18,Aug,2012,7,21,28,35,36,43,4
2012-08-15,Wed,15,Aug,2012,6,23,26,31,37,44,4
2012-08-11,Sat,11,Aug,2012,4,12,19,21,27,29,43
2012-08-08,Wed,8,Aug,2012,23,25,28,29,39,40,37
2012-08-04,Sat,4,Aug,2012,6,8,17,19,32,34,27
2012-08-01,Wed,1,Aug,2012,4,6,10,11,38,42,15
2012-07-28,Sat,28,Jul,2012,24,29,33,34,35,42,13
2012-07-25,Wed,25,Jul,2012,2,5,20,22,23,33,40
2012-07-21,Sat,21,Jul,2012,3,6,15,19,33,35,10
2012-07-18,Wed,18,Jul,2012,1,10,16,33,38,43,6
2012-07-14,Sat,14,Jul,2012,1,4,5,18,26,29,16
2012-07-11,Wed,11,Jul,2012,2,23,24,33,39,40,6
2012-07-07,Sat,7,Jul,2012,10,14,20,27,29,40,15
2012-07-04,Wed,4,Jul,2012,4,18,26,30,40,41,45
2012-06-30,Sat,30,Jun,2012,11,17,24,28,33,36,16
2012-06-27,Wed,27,Jun,2012,4,6,15,16,24,25,26
2012-06-23,Sat,23,Jun,2012,2,8,18,22,26,35,4
2012-06-20,Wed,20,Jun,2012,7,15,29,40,41,45,22
2012-06-16,Sat,16,Jun,2012,8,12,17,34,35,42,21
2012-06-13,Wed,13,Jun,2012,7,12,15,27,30,32,40
2012-06-09,Sat,9,Jun,2012,2,7,22,38,39,42,15
2012-06-06,Wed,6,Jun,2012,5,8,18,34,36,45,3
2012-06-02,Sat,2,Jun,2012,12,13,16,35,40,44,38
2012-05-30,Wed,30,May,2012,2,3,5,8,15,23,41
2012-05-26,Sat,26,May,2012,12,23,25,31,36,39,13
2012-05-23,Wed,23,May,2012,3,6,31,34,38,44,5
2012-05-19,Sat,19,May,2012,8,12,14,22,28,39,30
2012-05-16,Wed,16,May,2012,8,9,15,20,25,38,4
2012-05-12,Sat,12,May,2012,1,2,15,23,25,35,11
2012-05-09,Wed,9,May,2012,7,11,14,15,25,42,43
2012-05-05,Sat,5,May,2012,2,21,32,37,39,42,35
2012-05-02,Wed,2,May,2012,4,5,19,26,28,37,43
2012-04-28,Sat,28,Apr,2012,2,11,12,16,28,37,44
2012-04-25,Wed,25,Apr,2012,9,14,17,29,34,39,15
2012-04-21,Sat,21,Apr,2012,19,21,22,26,28,44,1
2012-04-18,Wed,18,Apr,2012,10,12,14,30,31,34,16
2012-04-14,Sat,14,Apr,2012,1,3,6,12,15,38,43
2012-04-11,Wed,11,Apr,2012,3,7,10,14,28,39,19
2012-04-07,Sat,7,Apr,2012,2,20,22,26,27,30,24
2012-04-04,Wed,4,Apr,2012,15,23,30,31,41,45,2
2012-03-31,Sat,31,Mar,2012,2,17,19,21,38,45,36
2012-03-28,Wed,28,Mar,2012,11,19,20,26,32,35,38
2012-03-24,Sat,24,Mar,2012,1,14,22,26,30,38,35
2012-03-21,Wed,21,Mar,2012,8,17,20,22,29,42,36
2012-03-17,Sat,17,Mar,2012,12,15,17,26,37,44,20
2012-03-14,Wed,14,Mar,2012,10,16,18,34,36,37,42
2012-03-10,Sat,10,Mar,2012,8,13,21,31,34,36,42
2012-03-07,Wed,7,Mar,2012,8,10,15,24,41,43,7
2012-03-03,Sat,3,Mar,2012,9,18,30,33,39,43,16
2012-02-29,Wed,29,Feb,2012,2,12,14,18,34,37,21
2012-02-25,Sat,25,Feb,2012,5,13,15,24,37,40,21
2012-02-22,Wed,22,Feb,2012,3,5,22,29,37,39,1
2012-02-18,Sat,18,Feb,2012,10,13,18,24,26,42,1
2012-02-15,Wed,15,Feb,2012,2,3,12,25,33,43,29
2012-02-11,Sat,11,Feb,2012,8,9,13,14,15,31,44
2012-02-08,Wed,8,Feb,2012,16,24,29,30,34,45,4
2012-02-04,Sat,4,Feb,2012,23,27,35,36,39,40,33
2012-02-01,Wed,1,Feb,2012,1,5,19,24,25,39,17
2012-01-28,Sat,28,Jan,2012,17,31,34,35,36,45,16
2012-01-25,Wed,25,Jan,2012,1,2,11,21,22,30,17
2012-01-21,Sat,21,Jan,2012,17,19,35,36,38,44,22
2012-01-18,Wed,18,Jan,2012,10,16,17,37,40,44,7
2012-01-14,Sat,14,Jan,2012,9,12,13,18,21,22,3
2012-01-11,Wed,11,Jan,2012,10,19,24,27,29,34,41
2012-01-07,Sat,7,Jan,2012,3,4,13,25,26,37,28
2012-01-04,Wed,4,Jan,2012,4,14,18,24,25,28,20
2011-12-31,Sat,31,Dec,2011,23,28,41,42,43,45,40
2011-12-28,Wed,28,Dec,2011,6,21,28,38,40,41,34
2011-12-24,Sat,24,Dec,2011,15,17,19,22,40,42,32
2011-12-21,Wed,21,Dec,2011,12,16,18,25,27,43,36
2011-12-17,Sat,17,Dec,2011,6,10,15,28,37,42,2
2011-12-14,Wed,14,Dec,2011,10,20,21,31,38,39,27
2011-12-10,Sat,10,Dec,2011,4,5,10,25,28,35,36
2011-12-07,Wed,7,Dec,2011,1,7,17,23,30,42,16
2011-12-03,Sat,3,Dec,2011,2,3,16,17,21,22,30
2011-11-30,Wed,30,Nov,2011,2,5,26,31,42,44,39
2011-11-26,Sat,26,Nov,2011,7,23,24,35,37,44,32
2011-11-23,Wed,23,Nov,2011,10,14,27,31,37,39,3
2011-11-19,Sat,19,Nov,2011,9,17,23,24,28,31,12
2011-11-16,Wed,16,Nov,2011,16,18,20,23,29,37,21
2011-11-12,Sat,12,Nov,2011,1,8,25,30,42,45,24
2011-11-09,Wed,9,Nov,2011,3,10,12,13,25,42,22
2011-11-05,Sat,5,Nov,2011,3,9,10,20,34,43,7
2011-11-02,Wed,2,Nov,2011,8,10,22,23,27,43,6
2011-10-29,Sat,29,Oct,2011,3,24,29,30,35,41,18
2011-10-26,Wed,26,Oct,2011,13,22,26,27,28,44,24
2011-10-22,Sat,22,Oct,2011,5,7,26,27,39,41,18
2011-10-19,Wed,19,Oct,2011,5,16,21,31,36,42,24
2011-10-15,Sat,15,Oct,2011,4,5,6,11,23,45,29
2011-10-12,Wed,12,Oct,2011,6,12,17,20,31,39,23
2011-10-08,Sat,8,Oct,2011,14,18,21,22,27,42,2
2011-10-05,Wed,5,Oct,2011,5,17,25,31,35,44,16
2011-10-01,Sat,1,Oct,2011,4,7,8,11,39,45,36
2011-09-28,Wed,28,Sep,2011,12,15,32,35,41,44,24
2011-09-24,Sat,24,Sep,2011,4,7,26,28,35,43,19
2011-09-21,Wed,21,Sep,2011,3,7,17,29,40,45,25
2011-09-17,Sat,17,Sep,2011,3,13,26,31,34,42,32
2011-09-14,Wed,14,Sep,2011,10,12,25,34,41,42,26
2011-09-10,Sat,10,Sep,2011,3,7,9,15,24,31,39
2011-09-07,Wed,7,Sep,2011,7,13,24,32,33,39,10
2011-09-03,Sat,3,Sep,2011,9,15,19,28,40,43,29
2011-08-31,Wed,31,Aug,2011,10,16,21,25,36,41,23
2011-08-27,Sat,27,Aug,2011,6,11,16,33,35,37,41
2011-08-24,Wed,24,Aug,2011,4,6,18,22,37,45,26
2011-08-20,Sat,20,Aug,2011,5,6,7,17,35,37,21
2011-08-17,Wed,17,Aug,2011,6,10,15,20,31,41,12
2011-08-13,Sat,13,Aug,2011,5,12,13,25,36,44,9
2011-08-10,Wed,10,Aug,2011,2,8,9,12,28,40,38
2011-08-06,Sat,6,Aug,2011,2,18,29,34,36,39,3
2011-08-03,Wed,3,Aug,2011,4,7,9,37,39,43,2
2011-07-30,Sat,30,Jul,2011,9,13,30,33,42,44,11
2011-07-27,Wed,27,Jul,2011,7,15,25,26,35,44,9
2011-07-23,Sat,23,Jul,2011,1,6,24,30,38,39,43
2011-07-20,Wed,20,Jul,2011,19,21,23,24,28,38,42
2011-07-16,Sat,16,Jul,2011,3,10,15,23,33,35,29
2011-07-13,Wed,13,Jul,2011,9,17,26,34,39,42,13
2011-07-09,Sat,9,Jul,2011,17,19,24,27,28,29,9
2011-07-06,Wed,6,Jul,2011,2,12,14,20,27,45,35
2011-07-02,Sat,2,Jul,2011,5,11,15,20,33,45,41
2011-06-29,Wed,29,Jun,2011,2,21,23,33,39,43,45
2011-06-25,Sat,25,Jun,2011,4,5,12,23,27,28,10
2011-06-22,Wed,22,Jun,2011,8,9,15,22,32,35,43
2011-06-18,Sat,18,Jun,2011,8,16,19,26,35,36,34
2011-06-15,Wed,15,Jun,2011,5,11,17,31,32,33,26
2011-06-11,Sat,11,Jun,2011,3,13,14,25,30,33,31
2011-06-08,Wed,8,Jun,2011,1,6,9,11,20,40,39
2011-06-04,Sat,4,Jun,2011,3,11,13,26,35,40,44
2011-06-01,Wed,1,Jun,2011,7,11,15,25,27,33,23
2011-05-28,Sat,28,May,2011,3,7,11,22,33,43,18
2011-05-25,Wed,25,May,2011,15,16,27,34,37,44,6
2011-05-21,Sat,21,May,2011,5,8,14,27,39,45,2
2011-05-18,Wed,18,May,2011,1,12,29,30,35,40,11
2011-05-14,Sat,14,May,2011,5,7,27,32,36,45,38
2011-05-11,Wed,11,May,2011,5,6,15,31,35,45,17
2011-05-07,Sat,7,May,2011,1,12,18,20,22,41,45
2011-05-04,Wed,4,May,2011,5,12,21,24,38,45,27
2011-04-30,Sat,30,Apr,2011,4,13,20,24,25,41,40
2011-04-27,Wed,27,Apr,2011,1,2,16,25,27,40,20
2011-04-23,Sat,23,Apr,2011,2,3,21,25,28,43,20
2011-04-20,Wed,20,Apr,2011,1,7,9,24,32,33,21
2011-04-16,Sat,16,Apr,2011,13,15,19,23,34,41,8
2011-04-13,Wed,13,Apr,2011,6,10,18,22,28,35,13
2011-04-09,Sat,9,Apr,2011,28,33,34,35,37,43,27
2011-04-06,Wed,6,Apr,2011,7,10,20,21,27,39,29
2011-04-02,Sat,2,Apr,2011,8,10,16,23,33,36,43
2011-03-30,Wed,30,Mar,2011,9,18,23,32,39,43,12
2011-03-26,Sat,26,Mar,2011,14,19,29,39,42,43,25
2011-03-23,Wed,23,Mar,2011,1,28,30,37,39,44,4
2011-03-19,Sat,19,Mar,2011,4,21,23,24,30,36,38
2011-03-16,Wed,16,Mar,2011,4,6,23,26,36,44,30
2011-03-12,Sat,12,Mar,2011,5,11,12,18,27,32,1
2011-03-09,Wed,9,Mar,2011,3,8,17,29,35,40,9
2011-03-05,Sat,5,Mar,2011,9,21,32,33,36,39,20
2011-03-02,Wed,2,Mar,2011,1,2,7,12,22,43,13
2011-02-26,Sat,26,Feb,2011,1,2,3,17,25,31,27
2011-02-23,Wed,23,Feb,2011,7,12,18,20,25,27,11
2011-02-19,Sat,19,Feb,2011,7,29,34,36,38,44,35
2011-02-16,Wed,16,Feb,2011,7,19,22,31,34,43,21
2011-02-12,Sat,12,Feb,2011,5,7,17,20,30,32,21
2011-02-09,Wed,9,Feb,2011,2,3,29,33,39,44,11
2011-02-05,Sat,5,Feb,2011,8,13,19,34,39,44,2
2011-02-02,Wed,2,Feb,2011,2,15,22,23,24,37,34
2011-01-29,Sat,29,Jan,2011,1,10,14,20,22,43,8
2011-01-26,Wed,26,Jan,2011,8,15,19,24,32,35,21
2011-01-22,Sat,22,Jan,2011,6,13,16,23,31,37,44
2011-01-19,Wed,19,Jan,2011,6,8,10,15,16,45,41
2011-01-15,Sat,15,Jan,2011,5,16,17,26,36,44,1
2011-01-12,Wed,12,Jan,2011,5,31,32,35,36,43,10
2011-01-08,Sat,8,Jan,2011,6,8,10,13,35,45,36
2011-01-05,Wed,5,Jan,2011,6,10,12,13,43,45,14
2011-01-01,Sat,1,Jan,2011,22,24,26,30,33,41,27
2010-12-29,Wed,29,Dec,2010,8,20,23,36,40,43,19
2010-12-24,Fri,24,Dec,2010,2,9,23,25,44,45,42
2010-12-22,Wed,22,Dec,2010,2,5,12,26,30,42,16
2010-12-18,Sat,18,Dec,2010,1,10,23,24,36,41,5
2010-12-15,Wed,15,Dec,2010,9,11,23,34,37,41,29
2010-12-11,Sat,11,Dec,2010,1,6,28,32,33,37,11
2010-12-08,Wed,8,Dec,2010,3,12,18,29,30,39,6
2010-12-04,Sat,4,Dec,2010,11,17,21,26,33,37,31
2010-12-01,Wed,1,Dec,2010,4,5,22,25,30,38,10
2010-11-27,Sat,27,Nov,2010,3,6,9,25,32,40,39
2010-11-24,Wed,24,Nov,2010,2,10,21,23,32,40,38
2010-11-20,Sat,20,Nov,2010,10,12,25,29,31,44,17
2010-11-17,Wed,17,Nov,2010,5,13,26,29,30,37,41
2010-11-13,Sat,13,Nov,2010,4,7,17,20,21,28,39
2010-11-10,Wed,10,Nov,2010,16,17,21,28,35,43,27
2010-11-06,Sat,6,Nov,2010,14,34,35,38,41,44,31
2010-11-03,Wed,3,Nov,2010,7,18,19,25,29,39,17
2010-10-30,Sat,30,Oct,2010,7,8,10,17,26,27,6
2010-10-27,Wed,27,Oct,2010,1,10,14,17,21,27,33
2010-10-23,Sat,23,Oct,2010,6,9,16,20,23,36,29
2010-10-20,Wed,20,Oct,2010,6,12,30,37,40,42,4
2010-10-16,Sat,16,Oct,2010,16,26,27,38,39,45,30
2010-10-13,Wed,13,Oct,2010,2,6,21,32,36,37,17
2010-10-09,Sat,9,Oct,2010,3,13,22,29,35,41,1
2010-10-06,Wed,6,Oct,2010,1,18,19,24,42,45,31
2010-10-02,Sat,2,Oct,2010,2,9,10,30,34,40,44
2010-09-29,Wed,29,Sep,2010,2,5,15,28,30,33,12
2010-09-25,Sat,25,Sep,2010,3,15,17,21,22,29,30
2010-09-22,Wed,22,Sep,2010,16,17,18,36,38,42,3
2010-09-18,Sat,18,Sep,2010,3,10,15,34,35,43,36
2010-09-15,Wed,15,Sep,2010,4,19,25,38,39,44,13
2010-09-11,Sat,11,Sep,2010,7,14,20,25,27,42,38
2010-09-08,Wed,8,Sep,2010,3,20,22,30,34,44,7
2010-09-04,Sat,4,Sep,2010,10,17,18,20,26,43,25
2010-09-01,Wed,1,Sep,2010,4,8,10,22,23,33,32
2010-08-28,Sat,28,Aug,2010,6,11,13,27,38,43,20
2010-08-25,Wed,25,Aug,2010,2,3,22,29,31,39,19
2010-08-21,Sat,21,Aug,2010,1,16,32,41,43,45,27
2010-08-18,Wed,18,Aug,2010,8,19,29,36,42,44,37
2010-08-14,Sat,14,Aug,2010,9,26,31,39,40,41,16
2010-08-11,Wed,11,Aug,2010,15,23,25,28,30,38,45
2010-08-07,Sat,7,Aug,2010,14,23,25,34,37,38,44
2010-08-04,Wed,4,Aug,2010,12,21,31,32,35,45,27
2010-07-31,Sat,31,Jul,2010,12,20,23,36,39,42,41
2010-07-28,Wed,28,Jul,2010,15,16,18,33,43,44,20
2010-07-24,Sat,24,Jul,2010,10,18,22,28,35,37,38
2010-07-21,Wed,21,Jul,2010,2,7,18,33,36,38,14
2010-07-17,Sat,17,Jul,2010,1,8,10,20,24,30,17
2010-07-14,Wed,14,Jul,2010,4,10,11,14,28,37,34
2010-07-10,Sat,10,Jul,2010,14,19,20,21,30,44,13
2010-07-07,Wed,7,Jul,2010,9,16,23,32,35,45,43
2010-07-03,Sat,3,Jul,2010,1,5,17,30,31,40,37
2010-06-30,Wed,30,Jun,2010,3,37,39,41,43,44,21
2010-06-26,Sat,26,Jun,2010,6,9,10,16,29,44,31
2010-06-23,Wed,23,Jun,2010,3,9,22,23,38,44,10
2010-06-19,Sat,19,Jun,2010,5,16,18,22,23,42,41
2010-06-16,Wed,16,Jun,2010,5,6,7,20,39,45,27
2010-06-12,Sat,12,Jun,2010,7,12,19,21,25,42,34
2010-06-09,Wed,9,Jun,2010,4,8,9,15,29,39,7
2010-06-05,Sat,5,Jun,2010,7,17,28,29,31,45,3
2010-06-02,Wed,2,Jun,2010,1,4,20,21,25,29,24
2010-05-29,Sat,29,May,2010,3,9,19,20,28,29,10
2010-05-26,Wed,26,May,2010,2,17,18,33,35,37,45
2010-05-22,Sat,22,May,2010,7,26,32,40,42,44,23
2010-05-19,Wed,19,May,2010,5,8,11,29,36,41,22
2010-05-15,Sat,15,May,2010,4,5,10,16,17,27,41
2010-05-12,Wed,12,May,2010,9,19,23,25,31,37,16
2010-05-08,Sat,8,May,2010,1,7,29,33,43,45,28
2010-05-05,Wed,5,May,2010,2,15,17,23,38,45,24
2010-05-01,Sat,1,May,2010,6,26,30,31,34,40,9
2010-04-28,Wed,28,Apr,2010,3,4,8,16,32,42,41
2010-04-24,Sat,24,Apr,2010,14,23,32,36,42,45,38
2010-04-21,Wed,21,Apr,2010,4,6,8,11,23,29,44
2010-04-17,Sat,17,Apr,2010,9,16,23,24,36,41,25
2010-04-14,Wed,14,Apr,2010,1,11,12,19,35,41,3
2010-04-10,Sat,10,Apr,2010,1,3,11,19,20,41,30
2010-04-07,Wed,7,Apr,2010,2,9,24,28,36,43,38
2010-04-03,Sat,3,Apr,2010,7,25,28,30,42,45,17
2010-03-31,Wed,31,Mar,2010,2,9,22,24,31,37,27
2010-03-27,Sat,27,Mar,2010,2,19,26,27,32,34,4
2010-03-24,Wed,24,Mar,2010,5,15,27,38,39,45,4
2010-03-20,Sat,20,Mar,2010,3,15,19,25,29,31,36
2010-03-17,Wed,17,Mar,2010,14,16,21,38,40,44,24
2010-03-13,Sat,13,Mar,2010,1,2,5,11,22,31,30
2010-03-10,Wed,10,Mar,2010,4,9,11,37,38,44,28
2010-03-06,Sat,6,Mar,2010,9,22,27,32,35,43,11
2010-03-03,Wed,3,Mar,2010,2,11,12,20,22,25,4
2010-02-27,Sat,27,Feb,2010,9,11,12,24,36,44,5
2010-02-24,Wed,24,Feb,2010,4,6,17,29,33,35,15
2010-02-20,Sat,20,Feb,2010,10,11,18,33,35,45,42
2010-02-17,Wed,17,Feb,2010,5,31,34,43,44,45,40
2010-02-13,Sat,13,Feb,2010,1,3,16,21,22,28,19
2010-02-10,Wed,10,Feb,2010,7,9,12,21,36,39,4
2010-02-06,Sat,6,Feb,2010,1,5,25,26,35,44,17
2010-02-03,Wed,3,Feb,2010,2,5,11,16,33,38,19
2010-01-30,Sat,30,Jan,2010,6,10,24,31,33,41,21
2010-01-27,Wed,27,Jan,2010,7,12,17,26,34,36,30
2010-01-23,Sat,23,Jan,2010,4,5,17,22,34,40,44
2010-01-20,Wed,20,Jan,2010,2,12,23,33,38,44,25
2010-01-16,Sat,16,Jan,2010,10,23,24,26,30,32,41
2010-01-13,Wed,13,Jan,2010,7,12,23,28,36,40,1
2010-01-09,Sat,9,Jan,2010,20,21,29,31,34,39,22
2010-01-06,Wed,6,Jan,2010,4,7,24,26,32,44,39
2010-01-02,Sat,2,Jan,2010,3,10,18,29,36,45,7
2009-12-30,Wed,30,Dec,2009,14,17,26,28,35,40,27
2009-12-26,Sat,26,Dec,2009,7,21,23,25,26,30,36
2009-12-23,Wed,23,Dec,2009,1,6,8,10,14,37,35
2009-12-19,Sat,19,Dec,2009,10,20,22,29,35,39,12
2009-12-16,Wed,16,Dec,2009,1,7,14,20,30,31,22
2009-12-12,Sat,12,Dec,2009,7,17,23,24,26,27,28
2009-12-09,Wed,9,Dec,2009,3,11,14,20,28,42,13
2009-12-05,Sat,5,Dec,2009,8,25,28,31,38,44,33
2009-12-02,Wed,2,Dec,2009,8,21,23,25,26,45,31
2009-11-28,Sat,28,Nov,2009,3,5,7,10,25,38,16
2009-11-25,Wed,25,Nov,2009,16,17,26,29,33,42,44
2009-11-21,Sat,21,Nov,2009,3,7,27,28,33,35,14
2009-11-18,Wed,18,Nov,2009,7,15,16,33,41,43,8
2009-11-14,Sat,14,Nov,2009,11,21,29,33,41,42,26
2009-11-11,Wed,11,Nov,2009,3,5,7,8,19,30,40
2009-11-07,Sat,7,Nov,2009,4,16,17,29,33,36,21
2009-11-04,Wed,4,Nov,2009,4,7,8,14,25,33,39
2009-10-31,Sat,31,Oct,2009,3,4,6,36,40,43,44
2009-10-28,Wed,28,Oct,2009,5,9,10,15,17,34,8
2009-10-24,Sat,24,Oct,2009,7,13,29,32,42,45,22
2009-10-21,Wed,21,Oct,2009,3,12,32,34,35,39,15
2009-10-17,Sat,17,Oct,2009,1,6,7,22,30,37,42
2009-10-14,Wed,14,Oct,2009,6,10,11,14,16,20,8
2009-10-10,Sat,10,Oct,2009,8,10,17,22,33,35,21
2009-10-07,Wed,7,Oct,2009,5,12,21,25,30,41,26
2009-10-03,Sat,3,Oct,2009,6,7,11,27,33,39,8
2009-09-30,Wed,30,Sep,2009,4,7,16,21,22,31,13
2009-09-26,Sat,26,Sep,2009,9,12,18,32,36,45,19
2009-09-23,Wed,23,Sep,2009,1,2,11,20,23,27,34
2009-09-19,Sat,19,Sep,2009,8,20,21,28,33,35,32
2009-09-16,Wed,16,Sep,2009,6,14,29,30,33,43,32
2009-09-12,Sat,12,Sep,2009,3,7,9,23,34,41,38
2009-09-09,Wed,9,Sep,2009,3,15,17,23,25,43,44
2009-09-05,Sat,5,Sep,2009,1,22,30,37,40,45,4
2009-09-02,Wed,2,Sep,2009,4,19,33,34,44,45,42
2009-08-29,Sat,29,Aug,2009,4,9,26,29,31,40,7
2009-08-26,Wed,26,Aug,2009,4,11,18,24,29,33,44
2009-08-22,Sat,22,Aug,2009,1,5,15,18,35,40,29
2009-08-19,Wed,19,Aug,2009,2,10,16,19,33,37,36
2009-08-15,Sat,15,Aug,2009,3,18,19,28,35,38,11
2009-08-12,Wed,12,Aug,2009,3,4,5,24,26,32,42
2009-08-08,Sat,8,Aug,2009,5,9,11,24,27,36,14
2009-08-05,Wed,5,Aug,2009,11,25,29,32,41,42,3
2009-08-01,Sat,1,Aug,2009,7,14,17,29,36,37,41
2009-07-29,Wed,29,Jul,2009,10,11,21,28,38,41,12
2009-07-25,Sat,25,Jul,2009,1,2,11,14,15,23,4
2009-07-22,Wed,22,Jul,2009,11,27,28,36,41,43,16
2009-07-18,Sat,18,Jul,2009,7,11,24,27,31,40,39
2009-07-15,Wed,15,Jul,2009,2,5,9,24,27,30,18
2009-07-11,Sat,11,Jul,2009,3,22,27,30,35,44,32
2009-07-08,Wed,8,Jul,2009,2,13,27,29,42,43,25
2009-07-04,Sat,4,Jul,2009,5,6,8,38,39,44,43
2009-07-01,Wed,1,Jul,2009,16,22,26,31,40,45,4
2009-06-27,Sat,27,Jun,2009,3,13,19,25,37,41,17
2009-06-24,Wed,24,Jun,2009,19,20,24,27,28,38,17
2009-06-20,Sat,20,Jun,2009,2,4,13,17,28,32,24
2009-06-17,Wed,17,Jun,2009,9,16,23,28,29,35,27
2009-06-13,Sat,13,Jun,2009,3,8,9,24,28,34,29
2009-06-10,Wed,10,Jun,2009,2,18,23,24,30,44,36
2009-06-06,Sat,6,Jun,2009,2,4,15,27,30,44,36
2009-06-03,Wed,3,Jun,2009,8,30,33,34,40,41,12
2009-05-30,Sat,30,May,2009,2,8,10,18,27,43,3
2009-05-27,Wed,27,May,2009,7,8,12,25,37,38,21
2009-05-23,Sat,23,May,2009,2,3,5,11,41,42,29
2009-05-20,Wed,20,May,2009,1,5,9,17,21,41,27
2009-05-16,Sat,16,May,2009,7,15,19,30,34,45,38
2009-05-13,Wed,13,May,2009,6,8,11,19,41,45,2
2009-05-09,Sat,9,May,2009,7,11,12,24,28,38,20
2009-05-06,Wed,6,May,2009,11,16,31,32,40,44,5
2009-05-02,Sat,2,May,2009,1,2,15,24,39,43,35
2009-04-29,Wed,29,Apr,2009,15,25,38,40,43,44,37
2009-04-25,Sat,25,Apr,2009,15,32,33,34,42,45,17
2009-04-22,Wed,22,Apr,2009,1,10,25,30,36,43,41
2009-04-18,Sat,18,Apr,2009,14,19,36,39,41,42,3
2009-04-15,Wed,15,Apr,2009,1,10,13,19,21,24,8
2009-04-11,Sat,11,Apr,2009,2,4,8,11,13,32,41
2009-04-08,Wed,8,Apr,2009,5,16,17,29,31,44,27
2009-04-04,Sat,4,Apr,2009,1,4,11,23,30,34,40
2009-04-01,Wed,1,Apr,2009,4,16,23,26,33,36,10
2009-03-28,Sat,28,Mar,2009,16,23,26,35,38,39,32
2009-03-25,Wed,25,Mar,2009,16,25,26,28,35,41,22
2009-03-21,Sat,21,Mar,2009,9,10,22,23,29,37,18
2009-03-18,Wed,18,Mar,2009,3,9,18,35,40,45,7
2009-03-14,Sat,14,Mar,2009,5,6,28,29,30,36,23
2009-03-11,Wed,11,Mar,2009,22,28,35,37,38,42,4
2009-03-07,Sat,7,Mar,2009,9,22,23,35,36,38,29
2009-03-04,Wed,4,Mar,2009,17,27,29,33,39,42,14
2009-02-28,Sat,28,Feb,2009,10,13,17,22,29,44,8
2009-02-25,Wed,25,Feb,2009,16,22,23,25,34,38,13
2009-02-21,Sat,21,Feb,2009,8,13,20,23,39,43,27
2009-02-18,Wed,18,Feb,2009,4,7,20,23,30,36,32
2009-02-14,Sat,14,Feb,2009,4,13,14,24,32,36,29
2009-02-11,Wed,11,Feb,2009,15,18,21,38,43,45,25
2009-02-07,Sat,7,Feb,2009,5,14,16,18,19,25,7
2009-02-04,Wed,4,Feb,2009,2,16,28,32,35,38,39
2009-01-31,Sat,31,Jan,2009,11,14,15,21,42,44,26
2009-01-28,Wed,28,Jan,2009,7,15,21,29,31,39,42
2009-01-24,Sat,24,Jan,2009,1,7,19,28,33,42,17
2009-01-21,Wed,21,Jan,2009,1,5,6,20,27,28,37
2009-01-17,Sat,17,Jan,2009,14,16,23,25,29,32,36
2009-01-14,Wed,14,Jan,2009,1,3,13,17,22,28,6
2009-01-10,Sat,10,Jan,2009,6,11,13,16,37,41,19
2009-01-07,Wed,7,Jan,2009,11,20,22,37,40,42,13
2009-01-03,Sat,3,Jan,2009,1,3,6,13,30,44,36
2008-12-31,Wed,31,Dec,2008,2,6,11,26,33,42,32
2008-12-27,Sat,27,Dec,2008,6,8,25,32,36,45,7
2008-12-24,Wed,24,Dec,2008,1,4,10,19,26,31,35
2008-12-20,Sat,20,Dec,2008,11,16,17,37,40,42,20
2008-12-17,Wed,17,Dec,2008,11,18,20,26,37,38,13
2008-12-13,Sat,13,Dec,2008,1,14,28,29,30,34,19
2008-12-10,Wed,10,Dec,2008,2,15,21,22,28,38,6
2008-12-06,Sat,6,Dec,2008,5,6,7,12,13,36,31
2008-12-03,Wed,3,Dec,2008,11,24,30,35,37,40,19
2008-11-29,Sat,29,Nov,2008,18,20,32,33,40,43,31
2008-11-26,Wed,26,Nov,2008,13,16,19,26,38,43,31
2008-11-22,Sat,22,Nov,2008,5,21,22,29,42,43,4
2008-11-19,Wed,19,Nov,2008,4,5,9,10,26,28,3
2008-11-15,Sat,15,Nov,2008,5,10,19,20,29,40,7
2008-11-12,Wed,12,Nov,2008,2,9,16,29,34,43,44
2008-11-08,Sat,8,Nov,2008,1,18,20,21,31,38,39
2008-11-05,Wed,5,Nov,2008,13,16,22,24,37,43,38
2008-11-01,Sat,1,Nov,2008,7,11,13,17,35,44,33
2008-10-29,Wed,29,Oct,2008,5,6,14,34,38,41,35
2008-10-25,Sat,25,Oct,2008,1,3,7,18,35,42,19
2008-10-22,Wed,22,Oct,2008,15,17,25,26,32,39,24
2008-10-18,Sat,18,Oct,2008,1,7,25,26,29,43,31
2008-10-15,Wed,15,Oct,2008,7,12,25,38,39,41,27
2008-10-11,Sat,11,Oct,2008,1,3,6,13,21,28,9
2008-10-08,Wed,8,Oct,2008,3,20,21,24,37,43,11
2008-10-04,Sat,4,Oct,2008,12,17,18,20,26,44,38
2008-10-01,Wed,1,Oct,2008,4,15,16,19,29,42,22
2008-09-27,Sat,27,Sep,2008,2,18,20,23,24,25,3
2008-09-24,Wed,24,Sep,2008,1,7,8,20,30,38,39
2008-09-20,Sat,20,Sep,2008,6,24,26,27,42,43,44
2008-09-17,Wed,17,Sep,2008,4,10,25,34,38,41,7
2008-09-13,Sat,13,Sep,2008,3,8,10,13,23,32,27
2008-09-10,Wed,10,Sep,2008,1,16,19,37,40,43,30
2008-09-06,Sat,6,Sep,2008,5,13,15,22,25,41,7
2008-09-03,Wed,3,Sep,2008,2,5,6,32,41,43,31
2008-08-30,Sat,30,Aug,2008,2,10,12,13,25,45,35
2008-08-27,Wed,27,Aug,2008,8,26,30,37,38,41,18
2008-08-23,Sat,23,Aug,2008,9,26,30,33,37,42,18
2008-08-20,Wed,20,Aug,2008,8,15,16,24,26,43,9
2008-08-16,Sat,16,Aug,2008,4,9,23,24,36,39,18
2008-08-13,Wed,13,Aug,2008,4,10,20,34,41,42,17
2008-08-09,Sat,9,Aug,2008,8,15,20,26,28,41,5
2008-08-06,Wed,6,Aug,2008,1,5,14,16,37,38,44
2008-08-02,Sat,2,Aug,2008,13,17,28,35,36,38,23
2008-07-30,Wed,30,Jul,2008,5,13,14,23,38,42,36
2008-07-26,Sat,26,Jul,2008,25,32,38,40,42,43,1
2008-07-23,Wed,23,Jul,2008,17,22,29,36,37,39,43
2008-07-19,Sat,19,Jul,2008,3,19,33,34,35,38,18
2008-07-16,Wed,16,Jul,2008,1,9,11,37,43,45,20
2008-07-12,Sat,12,Jul,2008,9,10,12,18,20,27,25
2008-07-09,Wed,9,Jul,2008,3,6,11,21,24,26,7
2008-07-05,Sat,5,Jul,2008,7,12,14,20,34,36,41
2008-07-02,Wed,2,Jul,2008,9,21,25,27,32,34,23
2008-06-28,Sat,28,Jun,2008,12,30,33,34,37,45,31
2008-06-25,Wed,25,Jun,2008,3,9,12,18,27,34,36
2008-06-21,Sat,21,Jun,2008,3,4,23,25,36,40,7
2008-06-18,Wed,18,Jun,2008,17,28,29,31,35,39,37
2008-06-14,Sat,14,Jun,2008,32,34,35,38,39,44,27
2008-06-11,Wed,11,Jun,2008,3,11,14,17,19,32,22
2008-06-07,Sat,7,Jun,2008,2,5,25,30,39,40,27
2008-06-04,Wed,4,Jun,2008,8,9,19,30,36,38,45
2008-05-31,Sat,31,May,2008,7,9,27,34,39,41,18
2008-05-28,Wed,28,May,2008,1,11,26,27,33,41,40
2008-05-24,Sat,24,May,2008,4,6,8,30,31,32,16
2008-05-21,Wed,21,May,2008,3,20,30,36,37,44,39
2008-05-17,Sat,17,May,2008,1,3,7,21,23,36,10
2008-05-14,Wed,14,May,2008,10,17,18,19,21,24,32
2008-05-10,Sat,10,May,2008,6,10,12,13,14,15,24
2008-05-07,Wed,7,May,2008,8,17,20,22,33,34,3
2008-05-03,Sat,3,May,2008,15,27,30,34,37,44,32
