DrawDate,Category,Prize,Winners,Total
2026-08-29,Millionaire Street,76923,,
2026-08-29,Daily,1000,,
2026-08-28,Daily,1000,,
2026-08-27,Daily,1000,,
2026-08-26,Daily,1000,,
2026-08-25,Daily,1000,,
2026-08-24,Daily,1000,,
2026-08-23,Daily,1000,,
2026-08-22,Millionaire Street,100000,,
2026-08-22,Daily,1000,,
2026-08-21,Daily,1000,,
2026-08-20,Daily,1000,,
2026-08-19,Daily,1000,,
2026-08-18,Daily,1000,,
2026-08-17,Daily,1000,,
2026-08-16,Daily,1000,,
2026-08-15,Millionaire Street,125000,,
2026-08-15,Daily,1000,,
2026-08-14,Daily,1000,,
2026-08-13,Daily,1000,,
2026-08-12,Daily,1000,,
2026-08-11,Daily,1000,,
2026-08-10,Daily,1000,,
2026-08-09,Daily,1000,,
2026-08-08,Millionaire Street,250000,,
2026-08-08,Daily,1000,,
2026-08-07,Daily,1000,,
2026-08-06,Daily,1000,,
2026-08-05,Daily,1000,,
2026-08-04,Daily,1000,,
2026-08-03,Daily,1000,,
2026-08-02,Daily,1000,,
2026-08-01,Millionaire Street,125000,,
2026-08-01,Daily,1000,,
2026-07-31,Daily,1000,,
2026-07-30,Daily,1000,,
2026-07-29,Daily,1000,,
2026-07-28,Daily,1000,,
2026-07-27,Daily,1000,,
2026-07-26,Daily,1000,,
2026-07-25,Millionaire Street,383743,,
2026-07-25,Daily,1000,,
2026-07-24,Daily,1000,,
2026-07-23,Daily,1000,,
2026-07-22,Daily,1000,,
2026-07-21,Daily,1000,,
2026-07-20,Daily,1000,,
2026-07-19,Daily,1000,,
2026-07-18,Millionaire Street,333333,,
2026-07-18,Daily,1000,,
2026-07-17,Daily,1000,,
2026-07-16,Daily,1000,,
2026-07-15,Daily,1000,,
2026-07-14,Daily,1000,,
2026-07-13,Daily,1000,,
2026-07-12,Daily,1000,,
2026-07-11,Millionaire Street,166666,,
2026-07-11,Daily,1000,,
2026-07-10,Daily,1000,,
2026-07-09,Daily,1000,,
2026-07-08,Daily,1000,,
2026-07-07,Daily,1000,,
2026-07-06,Daily,1000,,
2026-07-05,Daily,1000,,
2026-07-04,Millionaire Street,333333,,
2026-07-04,Daily,1000,,
2026-07-03,Street Prize,30000,,
2026-07-03,Daily,1000,,
2026-07-02,Street Prize,30000,,
2026-07-02,Daily,1000,,
2026-07-01,Street Prize,30000,,
2026-07-01,Daily,1000,,
2026-06-30,Street Prize,30000,,
2026-06-30,Daily,1000,,
2026-06-29,Street Prize,30000,,
2026-06-29,Daily,1000,,
2026-06-28,Street Prize,30000,,
2026-06-28,Daily,1000,,
2026-06-27,Street Prize,30000,,
2026-06-27,Millionaire Street,250000,,
2026-06-27,Daily,1000,,
2026-06-26,Street Prize,30000,,
2026-06-26,Daily,1000,,
2026-06-25,Street Prize,30000,,
2026-06-25,Daily,1000,,
2026-06-24,Street Prize,30000,,
2026-06-24,Daily,1000,,
2026-06-23,Street Prize,30000,,
2026-06-23,Daily,1000,,
2026-06-22,Street Prize,30000,,
2026-06-22,Daily,1000,,
2026-06-21,Street Prize,30000,,
2026-06-21,Daily,1000,,
2026-06-20,Street Prize,30000,,
2026-06-20,Millionaire Street,47619,,
2026-06-20,Daily,1000,,
2026-06-19,Street Prize,30000,,
2026-06-19,Daily,1000,,
2026-06-18,Street Prize,30000,,
2026-06-18,Daily,1000,,
2026-06-17,Street Prize,30000,,
2026-06-17,Daily,1000,,
2026-06-16,Street Prize,30000,,
2026-06-16,Daily,1000,,
2026-06-15,Street Prize,30000,,
2026-06-15,Daily,1000,,
2026-06-14,Street Prize,30000,,
2026-06-14,Daily,1000,,
2026-06-13,Street Prize,30000,,
2026-06-13,Millionaire Street,333333,,
2026-06-13,Daily,1000,,
2026-06-12,Street Prize,30000,,
2026-06-12,Daily,1000,,
2026-06-11,Street Prize,30000,,
2026-06-11,Daily,1000,,
2026-06-10,Street Prize,30000,,
2026-06-10,Daily,1000,,
2026-06-09,Street Prize,30000,,
2026-06-09,Daily,1000,,
2026-06-08,Street Prize,30000,,
2026-06-08,Daily,1000,,
2026-06-07,Street Prize,30000,,
2026-06-07,Daily,1000,,
2026-06-06,Street Prize,30000,,
2026-06-06,Millionaire Street,333333,,
2026-06-06,Daily,1000,,
2026-06-05,Daily,1000,,
2026-06-04,Daily,1000,,
2026-06-03,Daily,1000,,
2026-06-02,Daily,1000,,
2026-06-01,Daily,1000,,
2026-05-31,Daily,1000,,
2026-05-30,Millionaire Street,333333,,
2026-05-30,Daily,1000,,
2026-05-29,Daily,1000,,
2026-05-28,Daily,1000,,
2026-05-27,Daily,1000,,
2026-05-26,Daily,1000,,
2026-05-25,Daily,1000,,
2026-05-24,Daily,1000,,
2026-05-23,Millionaire Street,71428,,
2026-05-23,Daily,1000,,
2026-05-22,Daily,1000,,
2026-05-21,Daily,1000,,
2026-05-20,Daily,1000,,
2026-05-19,Daily,1000,,
2026-05-18,Daily,1000,,
2026-05-17,Daily,1000,,
2026-05-16,Millionaire Street,76923,,
2026-05-16,Daily,1000,,
2026-05-15,Daily,1000,,
2026-05-14,Daily,1000,,
2026-05-13,Daily,1000,,
2026-05-12,Daily,1000,,
2026-05-11,Daily,1000,,
2026-05-10,Daily,1000,,
2026-05-09,Millionaire Street,333333,,
2026-05-09,Daily,1000,,
2026-05-08,Daily,1000,,
2026-05-07,Daily,1000,,
2026-05-06,Daily,1000,,
2026-05-05,Daily,1000,,
2026-05-04,Daily,1000,,
2026-05-03,Daily,1000,,
2026-05-02,Millionaire Street,125000,,
2026-05-02,Daily,1000,,
2026-05-01,Daily,1000,,
2026-04-30,Daily,1000,,
2026-04-29,Daily,1000,,
2026-04-28,Daily,1000,,
2026-04-27,Daily,1000,,
2026-04-26,Daily,1000,,
2026-04-25,Millionaire Street,83333,,
2026-04-25,Daily,1000,,
2026-04-24,Daily,1000,,
2026-04-23,Daily,1000,,
2026-04-22,Daily,1000,,
2026-04-21,Daily,1000,,
2026-04-20,Daily,1000,,
2026-04-19,Daily,1000,,
2026-04-18,Millionaire Street,142857,,
2026-04-18,Daily,1000,,
2026-04-17,Daily,1000,,
2026-04-16,Daily,1000,,
2026-04-15,Daily,1000,,
2026-04-14,Daily,1000,,
2026-04-13,Daily,1000,,
2026-04-12,Daily,1000,,
2026-04-11,Millionaire Street,125000,,
2026-04-11,Daily,1000,,
2026-04-10,Daily,1000,,
2026-04-09,Daily,1000,,
2026-04-08,Daily,1000,,
2026-04-07,Daily,1000,,
2026-04-06,Daily,1000,,
2026-04-05,Daily,1000,,
2026-04-04,Millionaire Street,333333,,
2026-04-04,Daily,1000,,
2026-04-03,Daily,1000,,
2026-04-02,Daily,1000,,
2026-04-01,Daily,1000,,
2026-03-31,Daily,1000,,
2026-03-30,Daily,1000,,
2026-03-29,Daily,1000,,
2026-03-28,Millionaire Street,200000,,
2026-03-28,Daily,1000,,
2026-03-27,Daily,1000,,
2026-03-26,Daily,1000,,
2026-03-25,Daily,1000,,
2026-03-24,Daily,1000,,
2026-03-23,Daily,1000,,
2026-03-22,Daily,1000,,
2026-03-21,Millionaire Street,52631,,
2026-03-21,Daily,1000,,
2026-03-20,Daily,1000,,
2026-03-19,Daily,1000,,
2026-03-18,Daily,1000,,
2026-03-17,Daily,1000,,
2026-03-16,Daily,1000,,
2026-03-15,Daily,1000,,
2026-03-14,Millionaire Street,142857,,
2026-03-14,Daily,1000,,
2026-03-13,Daily,1000,,
2026-03-12,Daily,1000,,
2026-03-11,Daily,1000,,
2026-03-10,Daily,1000,,
2026-03-09,Daily,1000,,
2026-03-08,Daily,1000,,
2026-03-07,Millionaire Street,200000,,
2026-03-07,Daily,1000,,
2026-03-06,Daily,1000,,
2026-03-05,Daily,1000,,
2026-03-04,Daily,1000,,
2026-03-03,Daily,1000,,
2026-03-02,Daily,1000,,
2026-03-01,Daily,1000,,
2026-02-28,Millionaire Street,90909,,
2026-02-28,Daily,1000,,
2026-02-27,Daily,1000,,
2026-02-26,Daily,1000,,
2026-02-25,Daily,1000,,
2026-02-24,Daily,1000,,
2026-02-23,Daily,1000,,
2026-02-22,Daily,1000,,
2026-02-21,Millionaire Street,125000,,
2026-02-21,Daily,1000,,
2026-02-20,Daily,1000,,
2026-02-19,Daily,1000,,
2026-02-18,Daily,1000,,
2026-02-17,Daily,1000,,
2026-02-16,Daily,1000,,
2026-02-15,Daily,1000,,
2026-02-14,Millionaire Street,76923,,
2026-02-14,Daily,1000,,
2026-02-13,Daily,1000,,
2026-02-12,Daily,1000,,
2026-02-11,Daily,1000,,
2026-02-10,Daily,1000,,
2026-02-09,Daily,1000,,
2026-02-08,Daily,1000,,
2026-02-07,Millionaire Street,83333,,
2026-02-07,Daily,1000,,
2026-02-06,Daily,1000,,
2026-02-05,Daily,1000,,
2026-02-04,Daily,1000,,
2026-02-03,Daily,1000,,
2026-02-02,Daily,1000,,
2026-02-01,Daily,1000,,
2026-01-31,Millionaire Street,250000,,
2026-01-31,Daily,1000,,
2026-01-30,Daily,1000,,
2026-01-29,Daily,1000,,
2026-01-28,Daily,1000,,
2026-01-27,Daily,1000,,
2026-01-26,Daily,1000,,
2026-01-25,Daily,1000,,
2026-01-24,Millionaire Street,415606,,
2026-01-24,Daily,1000,,
2026-01-23,Daily,1000,,
2026-01-22,Daily,1000,,
2026-01-21,Daily,1000,,
2026-01-20,Daily,1000,,
2026-01-19,Daily,1000,,
2026-01-18,Daily,1000,,
2026-01-17,Millionaire Street,333333,,
2026-01-17,Daily,1000,,
2026-01-16,Daily,1000,,
2026-01-15,Daily,1000,,
2026-01-14,Daily,1000,,
2026-01-13,Daily,1000,,
2026-01-12,Unforgettable Year,144000,3,432000
2026-01-12,Daily,1000,,
2026-01-11,Daily,1000,,
2026-01-10,Millionaire Street,166666,,
2026-01-10,Daily,1000,,
2026-01-09,Daily,1000,,
2026-01-08,Daily,1000,,
2026-01-07,Daily,1000,,
2026-01-06,Daily,1000,,
2026-01-05,Daily,1000,,
2026-01-04,Daily,1000,,
2026-01-03,Millionaire Street,38461,,
2026-01-03,Daily,1000,,
2026-01-02,Daily,1000,,
2026-01-01,Daily,1000,,
2025-12-31,Daily,1000,,
2025-12-30,Daily,1000,,
2025-12-29,Daily,1000,,
2025-12-28,Daily,1000,,
2025-12-27,Millionaire Street,333333,,
2025-12-27,Daily,1000,,
2025-12-26,Daily,1000,,
2025-12-25,Daily,1000,,
2025-12-24,Daily,1000,,
2025-12-23,Daily,1000,,
2025-12-22,Daily,1000,,
2025-12-21,Daily,1000,,
2025-12-20,Millionaire Street,416949,,
2025-12-20,Daily,1000,,
2025-12-19,Daily,1000,,
2025-12-18,Daily,1000,,
2025-12-17,Daily,1000,,
2025-12-16,Daily,1000,,
2025-12-15,Daily,1000,,
2025-12-14,Daily,1000,,
2025-12-13,Millionaire Street,166666,,
2025-12-13,Daily,1000,,
2025-12-12,Daily,1000,,
2025-12-11,Daily,1000,,
2025-12-10,Daily,1000,,
2025-12-09,Daily,1000,,
2025-12-08,Daily,1000,,
2025-12-07,Daily,1000,,
2025-12-06,Millionaire Street,333333,,
2025-12-06,Daily,1000,,
2025-12-05,Daily,1000,,
2025-12-04,Daily,1000,,
2025-12-03,Daily,1000,,
2025-12-02,Daily,1000,,
2025-12-01,Daily,1000,,
2025-11-30,Daily,1000,,
2025-11-29,Millionaire Street,166666,,
2025-11-29,Daily,1000,,
2025-11-28,Daily,1000,,
2025-11-27,Daily,1000,,
2025-11-26,Daily,1000,,
2025-11-25,Daily,1000,,
2025-11-24,Daily,1000,,
2025-11-23,Daily,1000,,
2025-11-22,Millionaire Street,50000,,
2025-11-22,Daily,1000,,
2025-11-21,Daily,1000,,
2025-11-20,Daily,1000,,
2025-11-19,Daily,1000,,
2025-11-18,Daily,1000,,
2025-11-17,Daily,1000,,
2025-11-16,Daily,1000,,
2025-11-15,Millionaire Street,83333,,
2025-11-15,Daily,1000,,
2025-11-14,Daily,1000,,
2025-11-13,Daily,1000,,
2025-11-12,Daily,1000,,
2025-11-11,Daily,1000,,
2025-11-10,Daily,1000,,
2025-11-09,Daily,1000,,
2025-11-08,Millionaire Street,250000,,
2025-11-08,Daily,1000,,
2025-11-07,Daily,1000,,
2025-11-06,Daily,1000,,
2025-11-05,Daily,1000,,
2025-11-04,Daily,1000,,
2025-11-03,Daily,1000,,
2025-11-02,Daily,1000,,
2025-11-01,Millionaire Street,83333,,
2025-11-01,Daily,1000,,
2025-10-31,Daily,1000,,
2025-10-30,Daily,1000,,
2025-10-29,Daily,1000,,
2025-10-28,Daily,1000,,
2025-10-27,Daily,1000,,
2025-10-26,Daily,1000,,
2025-10-25,Millionaire Street,83333,,
2025-10-25,Daily,1000,,
2025-10-24,Daily,1000,,
2025-10-23,Daily,1000,,
2025-10-22,Daily,1000,,
2025-10-21,Daily,1000,,
2025-10-20,Daily,1000,,
2025-10-19,Daily,1000,,
2025-10-18,Millionaire Street,200000,,
2025-10-18,Daily,1000,,
2025-10-17,Daily,1000,,
2025-10-16,Daily,1000,,
2025-10-15,Daily,1000,,
2025-10-14,Daily,1000,,
2025-10-13,Daily,1000,,
2025-10-12,Daily,1000,,
2025-10-11,Millionaire Street,142857,,
2025-10-11,Daily,1000,,
2025-10-10,Daily,1000,,
2025-10-09,Daily,1000,,
2025-10-08,Daily,1000,,
2025-10-07,Daily,1000,,
2025-10-06,Daily,1000,,
2025-10-05,Daily,1000,,
2025-10-04,Millionaire Street,125000,,
2025-10-04,Daily,1000,,
2025-10-03,Daily,1000,,
2025-10-02,Daily,1000,,
2025-10-01,Daily,1000,,
2025-09-30,Daily,1000,,
2025-09-29,Daily,1000,,
2025-09-28,Daily,1000,,
2025-09-27,Millionaire Street,83333,,
2025-09-27,Daily,1000,,
2025-09-26,Daily,1000,,
2025-09-25,Daily,1000,,
2025-09-24,Daily,1000,,
2025-09-23,Daily,1000,,
2025-09-22,Daily,1000,,
2025-09-21,Daily,1000,,
2025-09-20,Millionaire Street,1074,,
2025-09-20,Daily,1000,,
2025-09-19,Daily,1000,,
2025-09-18,Daily,1000,,
2025-09-17,Daily,1000,,
2025-09-16,Daily,1000,,
2025-09-15,Daily,1000,,
2025-09-14,Daily,1000,,
2025-09-13,Millionaire Street,250000,,
2025-09-13,Daily,1000,,
2025-09-12,Daily,1000,,
2025-09-11,Daily,1000,,
2025-09-10,Daily,1000,,
2025-09-09,Daily,1000,,
2025-09-08,Daily,1000,,
2025-09-07,Daily,1000,,
2025-09-06,Millionaire Street,66666,,
2025-09-06,Daily,1000,,
2025-09-05,Daily,1000,,
2025-09-04,Daily,1000,,
2025-09-03,Daily,1000,,
2025-09-02,Daily,1000,,
2025-09-01,Daily,1000,,
2025-08-31,Daily,1000,,
2025-08-30,Millionaire Street,250000,,
2025-08-30,Daily,1000,,
2025-08-29,Daily,1000,,
2025-08-28,Daily,1000,,
2025-08-27,Daily,1000,,
2025-08-26,Daily,1000,,
2025-08-25,Daily,1000,,
2025-08-24,Daily,1000,,
2025-08-23,Millionaire Street,166666,,
2025-08-23,Daily,1000,,
2025-08-22,Daily,1000,,
2025-08-21,Daily,1000,,
2025-08-20,Daily,1000,,
2025-08-19,Daily,1000,,
2025-08-18,Daily,1000,,
2025-08-17,Daily,1000,,
2025-08-16,Millionaire Street,200000,,
2025-08-16,Daily,1000,,
2025-08-15,Daily,1000,,
2025-08-14,Daily,1000,,
2025-08-13,Daily,1000,,
2025-08-12,Daily,1000,,
2025-08-11,Daily,1000,,
2025-08-10,Daily,1000,,
2025-08-09,Millionaire Street,250000,,
2025-08-09,Daily,1000,,
2025-08-08,Daily,1000,,
2025-08-07,Daily,1000,,
2025-08-06,Daily,1000,,
2025-08-05,Daily,1000,,
2025-08-04,Daily,1000,,
2025-08-03,Daily,1000,,
2025-08-02,Millionaire Street,28571,,
2025-08-02,Daily,1000,,
2025-08-01,Daily,1000,,
2025-07-31,Daily,1000,,
2025-07-30,Daily,1000,,
2025-07-29,Daily,1000,,
2025-07-28,Daily,1000,,
2025-07-27,Daily,1000,,
2025-07-26,Millionaire Street,333333,,
2025-07-26,Daily,1000,,
2025-07-25,Daily,1000,,
2025-07-24,Daily,1000,,
2025-07-23,Daily,1000,,
2025-07-22,Daily,1000,,
2025-07-21,Daily,1000,,
2025-07-20,Daily,1000,,
2025-07-19,Millionaire Street,2279,,
2025-07-19,Daily,1000,,
2025-07-18,Daily,1000,,
2025-07-17,Daily,1000,,
2025-07-16,Daily,1000,,
2025-07-15,Daily,1000,,
2025-07-14,Daily,1000,,
2025-07-13,Daily,1000,,
2025-07-12,Millionaire Street,166666,,
2025-07-12,Daily,1000,,
2025-07-11,Daily,1000,,
2025-07-10,Daily,1000,,
2025-07-09,Daily,1000,,
2025-07-08,Daily,1000,,
2025-07-07,Daily,1000,,
2025-07-06,Daily,1000,,
2025-07-05,Millionaire Street,200000,,
2025-07-05,Daily,1000,,
2025-07-04,Daily,1000,,
2025-07-03,Daily,1000,,
2025-07-02,Daily,1000,,
2025-07-01,Daily,1000,,
2025-06-30,Daily,1000,,
2025-06-29,Daily,1000,,
2025-06-28,Millionaire Street,250000,,
2025-06-28,Daily,1000,,
2025-06-27,Daily,1000,,
2025-06-26,Daily,1000,,
2025-06-25,Daily,1000,,
2025-06-24,Daily,1000,,
2025-06-23,Daily,1000,,
2025-06-22,Daily,1000,,
2025-06-21,Millionaire Street,125000,,
2025-06-21,Daily,1000,,
2025-06-20,Daily,1000,,
2025-06-19,Daily,1000,,
2025-06-18,Daily,1000,,
2025-06-17,Daily,1000,,
2025-06-16,Daily,1000,,
2025-06-15,Daily,1000,,
2025-06-14,Millionaire Street,52631,,
2025-06-14,Daily,1000,,
2025-06-13,Daily,1000,,
2025-06-12,Daily,1000,,
2025-06-11,Daily,1000,,
2025-06-10,Daily,1000,,
2025-06-09,Daily,1000,,
2025-06-08,Daily,1000,,
2025-06-07,Millionaire Street,47619,,
2025-06-07,Daily,1000,,
2025-06-06,Daily,1000,,
2025-06-05,Daily,1000,,
2025-06-04,Daily,1000,,
2025-06-03,Daily,1000,,
2025-06-02,Daily,1000,,
2025-06-01,Daily,1000,,
2025-05-31,Millionaire Street,33333,,
2025-05-31,Daily,1000,,
2025-05-30,Daily,1000,,
2025-05-29,Daily,1000,,
2025-05-28,Daily,1000,,
2025-05-27,Daily,1000,,
2025-05-26,Daily,1000,,
2025-05-25,Daily,1000,,
2025-05-24,Millionaire Street,55555,,
2025-05-24,Daily,1000,,
2025-05-23,Daily,1000,,
2025-05-22,Daily,1000,,
2025-05-21,Daily,1000,,
2025-05-20,Daily,1000,,
2025-05-19,Daily,1000,,
2025-05-18,Daily,1000,,
2025-05-17,Millionaire Street,125000,,
2025-05-17,Daily,1000,,
2025-05-16,Daily,1000,,
2025-05-15,Daily,1000,,
2025-05-14,Daily,1000,,
2025-05-13,Daily,1000,,
2025-05-12,Daily,1000,,
2025-05-11,Daily,1000,,
2025-05-10,Millionaire Street,90909,,
2025-05-10,Daily,1000,,
2025-05-09,Daily,1000,,
2025-05-08,Daily,1000,,
2025-05-07,Daily,1000,,
2025-05-06,Daily,1000,,
2025-05-05,Daily,1000,,
2025-05-04,Daily,1000,,
2025-05-03,Millionaire Street,142857,,
2025-05-03,Daily,1000,,
2025-05-02,Daily,1000,,
2025-05-01,Daily,1000,,
2025-04-30,Daily,1000,,
2025-04-29,Daily,1000,,
2025-04-28,Daily,1000,,
2025-04-27,Daily,1000,,
2025-04-26,Millionaire Street,125000,,
2025-04-26,Daily,1000,,
2025-04-25,Daily,1000,,
2025-04-24,Daily,1000,,
2025-04-23,Daily,1000,,
2025-04-22,Daily,1000,,
2025-04-21,Daily,1000,,
2025-04-20,Daily,1000,,
2025-04-19,Millionaire Street,50000,,
2025-04-19,Daily,1000,,
2025-04-18,Daily,1000,,
2025-04-17,Daily,1000,,
2025-04-16,Daily,1000,,
2025-04-15,Daily,1000,,
2025-04-14,Daily,1000,,
2025-04-13,Daily,1000,,
2025-04-12,Millionaire Street,100000,,
2025-04-12,Daily,1000,,
2025-04-11,Daily,1000,,
2025-04-10,Daily,1000,,
2025-04-09,Daily,1000,,
2025-04-08,Daily,1000,,
2025-04-07,Daily,1000,,
2025-04-06,Daily,1000,,
2025-04-05,Millionaire Street,100000,,
2025-04-05,Daily,1000,,
2025-04-04,Daily,1000,,
2025-04-03,Daily,1000,,
2025-04-02,Daily,1000,,
2025-04-01,Daily,1000,,
2025-03-31,Daily,1000,,
2025-03-30,Street Prize,30000,,
2025-03-29,Millionaire Street,142857,,
2025-03-28,Daily,1000,,
2025-03-27,Daily,1000,,
2025-03-26,Daily,1000,,
2025-03-25,Daily,1000,,
2025-03-24,Daily,1000,,
2025-03-23,Street Prize,30000,,
2025-03-22,Millionaire Street,333333,,
2025-03-21,Daily,1000,,
2025-03-20,Daily,1000,,
2025-03-19,Daily,1000,,
2025-03-18,Daily,1000,,
2025-03-17,Daily,1000,,
2025-03-16,Street Prize,30000,,
2025-03-15,Millionaire Street,71428,,
2025-03-14,Daily,1000,,
2025-03-13,Daily,1000,,
2025-03-12,Daily,1000,,
2025-03-11,Daily,1000,,
2025-03-10,Daily,1000,,
2025-03-09,Street Prize,30000,,
2025-03-08,Millionaire Street,166666,,
2025-03-07,Daily,1000,,
2025-03-06,Daily,1000,,
2025-03-05,Daily,1000,,
2025-03-04,Daily,1000,,
2025-03-03,Daily,1000,,
2025-03-02,Street Prize,30000,,
2025-03-01,Millionaire Street,250000,,
2025-02-28,Daily,1000,,
2025-02-27,Daily,1000,,
2025-02-26,Daily,1000,,
2025-02-25,Daily,1000,,
2025-02-24,Daily,1000,,
2025-02-23,Street Prize,30000,,
2025-02-22,Millionaire Street,111111,,
2025-02-21,Daily,1000,,
2025-02-20,Daily,1000,,
2025-02-19,Daily,1000,,
2025-02-18,Daily,1000,,
2025-02-17,Daily,1000,,
2025-02-16,Street Prize,30000,,
2025-02-15,Millionaire Street,66666,,
2025-02-14,Daily,1000,,
2025-02-13,Daily,1000,,
2025-02-12,Daily,1000,,
2025-02-11,Daily,1000,,
2025-02-10,Daily,1000,,
2025-02-09,Street Prize,30000,,
2025-02-08,Millionaire Street,76923,,
2025-02-07,Daily,1000,,
2025-02-06,Daily,1000,,
2025-02-05,Daily,1000,,
2025-02-04,Daily,1000,,
2025-02-03,Daily,1000,,
2025-02-02,Street Prize,30000,,
2025-02-01,Millionaire Street,200000,,
2025-01-31,Daily,1000,,
2025-01-30,Daily,1000,,
2025-01-29,Daily,1000,,
2025-01-28,Daily,1000,,
2025-01-27,Daily,1000,,
2025-01-26,Street Prize,30000,,
2025-01-25,Millionaire Street,250000,,
2025-01-24,Daily,1000,,
2025-01-23,Daily,1000,,
2025-01-22,Daily,1000,,
2025-01-21,Daily,1000,,
2025-01-20,Daily,1000,,
2025-01-19,Street Prize,30000,,
2025-01-18,Millionaire Street,333333,,
2025-01-17,Daily,1000,,
2025-01-16,Daily,1000,,
2025-01-15,Daily,1000,,
2025-01-14,Daily,1000,,
2025-01-13,Daily,1000,,
2025-01-12,Street Prize,30000,,
2025-01-11,Millionaire Street,142857,,
2025-01-10,Daily,1000,,
2025-01-09,Daily,1000,,
2025-01-08,Daily,1000,,
2025-01-07,Daily,1000,,
2025-01-06,Daily,1000,,
2025-01-05,Street Prize,30000,,
2025-01-04,Millionaire Street,418019,,
2025-01-03,Daily,1000,,
2025-01-02,Daily,1000,,
2025-01-01,Daily,1000,,
2024-12-31,Daily,1000,,
2024-12-30,Daily,1000,,
2024-12-29,Street Prize,30000,,
2024-12-28,Millionaire Street,58823,,
2024-12-27,Daily,1000,,
2024-12-26,Daily,1000,,
2024-12-25,Daily,1000,,
2024-12-24,Daily,1000,,
2024-12-23,Daily,1000,,
2024-12-22,Street Prize,30000,,
2024-12-21,Millionaire Street,83333,,
2024-12-20,Daily,1000,,
2024-12-19,Daily,1000,,
2024-12-18,Daily,1000,,
2024-12-17,Daily,1000,,
2024-12-16,Daily,1000,,
2024-12-15,Street Prize,30000,,
2024-12-14,Postcode Millions,24266,,
2024-12-14,Millionaire Street,90909,,
2024-12-13,Daily,1000,,
2024-12-12,Daily,1000,,
2024-12-11,Daily,1000,,
2024-12-10,Daily,1000,,
2024-12-09,Daily,1000,,
2024-12-08,Street Prize,30000,,
2024-12-07,Millionaire Street,250000,,
2024-12-06,Daily,1000,,
2024-12-05,Daily,1000,,
2024-12-04,Daily,1000,,
2024-12-03,Daily,1000,,
2024-12-02,Daily,1000,,
2024-12-01,Street Prize,30000,,
2024-11-30,Postcode Millions,1478,,
2024-11-30,Millionaire Street,200000,,
2024-11-29,Daily,1000,,
2024-11-28,Daily,1000,,
2024-11-27,Daily,1000,,
2024-11-26,Daily,1000,,
2024-11-25,Daily,1000,,
2024-11-24,Street Prize,30000,,
2024-11-23,Millionaire Street,100000,,
2024-11-22,Daily,1000,,
2024-11-21,Daily,1000,,
2024-11-20,Daily,1000,,
2024-11-19,Daily,1000,,
2024-11-18,Daily,1000,,
2024-11-17,Street Prize,30000,,
2024-11-16,Millionaire Street,166666,,
2024-11-15,Daily,1000,,
2024-11-14,Daily,1000,,
2024-11-13,Daily,1000,,
2024-11-12,Daily,1000,,
2024-11-11,Daily,1000,,
2024-11-10,Street Prize,30000,,
2024-11-09,Millionaire Street,125000,,
2024-11-08,Daily,1000,,
2024-11-07,Daily,1000,,
2024-11-06,Daily,1000,,
2024-11-05,Daily,1000,,
2024-11-04,Daily,1000,,
2024-11-03,Street Prize,30000,,
2024-11-02,Millionaire Street,111111,,
2024-11-01,Daily,1000,,
2024-10-31,Daily,1000,,
2024-10-30,Daily,1000,,
2024-10-29,Daily,1000,,
2024-10-28,Daily,1000,,
2024-10-27,Street Prize,30000,,
2024-10-26,Millionaire Street,50000,,
2024-10-25,Daily,1000,,
2024-10-24,Daily,1000,,
2024-10-23,Daily,1000,,
2024-10-22,Daily,1000,,
2024-10-21,Daily,1000,,
2024-10-20,Street Prize,30000,,
2024-10-19,Millionaire Street,200000,,
2024-10-18,Daily,1000,,
2024-10-17,Daily,1000,,
2024-10-16,Daily,1000,,
2024-10-15,Daily,1000,,
2024-10-14,Daily,1000,,
2024-10-13,Street Prize,30000,,
2024-10-12,Millionaire Street,333333,,
2024-10-11,Daily,1000,,
2024-10-10,Daily,1000,,
2024-10-09,Daily,1000,,
2024-10-08,Daily,1000,,
2024-10-07,Daily,1000,,
2024-10-06,Street Prize,30000,,
2024-10-05,Millionaire Street,111111,,
2024-10-04,Daily,1000,,
2024-10-03,Daily,1000,,
2024-10-02,Daily,1000,,
2024-10-01,Daily,1000,,
2024-09-30,Daily,1000,,
2024-09-29,Street Prize,30000,,
2024-09-28,Millionaire Street,83333,,
2024-09-27,Daily,1000,,
2024-09-26,Daily,1000,,
2024-09-25,Daily,1000,,
2024-09-24,Daily,1000,,
2024-09-23,Daily,1000,,
2024-09-22,Street Prize,30000,,
2024-09-21,Millionaire Street,166666,,
2024-09-20,Daily,1000,,
2024-09-19,Daily,1000,,
2024-09-18,Daily,1000,,
2024-09-17,Daily,1000,,
2024-09-16,Daily,1000,,
2024-09-15,Street Prize,30000,,
2024-09-14,Millionaire Street,250000,,
2024-09-13,Daily,1000,,
2024-09-12,Daily,1000,,
2024-09-11,Daily,1000,,
2024-09-10,Daily,1000,,
2024-09-09,Daily,1000,,
2024-09-08,Street Prize,30000,,
2024-09-07,Millionaire Street,405462,,
2024-09-06,Daily,1000,,
2024-09-05,Daily,1000,,
2024-09-04,Daily,1000,,
2024-09-03,Daily,1000,,
2024-09-02,Daily,1000,,
2024-09-01,Street Prize,30000,,
2024-08-31,Millionaire Street,38461,,
2024-08-30,Daily,1000,,
2024-08-29,Daily,1000,,
2024-08-28,Daily,1000,,
2024-08-27,Daily,1000,,
2024-08-26,Daily,1000,,
2024-08-25,Street Prize,30000,,
2024-08-24,Millionaire Street,200000,,
2024-08-23,Daily,1000,,
2024-08-22,Daily,1000,,
2024-08-21,Daily,1000,,
2024-08-20,Daily,1000,,
2024-08-19,Daily,1000,,
2024-08-18,Street Prize,30000,,
2024-08-17,Millionaire Street,83333,,
2024-08-16,Daily,1000,,
2024-08-15,Daily,1000,,
2024-08-14,Daily,1000,,
2024-08-13,Daily,1000,,
2024-08-12,Daily,1000,,
2024-08-11,Street Prize,30000,,
2024-08-10,Millionaire Street,111111,,
2024-08-09,Daily,1000,,
2024-08-08,Daily,1000,,
2024-08-07,Daily,1000,,
2024-08-06,Daily,1000,,
2024-08-05,Daily,1000,,
2024-08-04,Street Prize,30000,,
2024-08-03,Millionaire Street,408990,2,817980
2024-08-02,Daily,1000,,
2024-08-01,Daily,1000,,
2024-07-31,Daily,1000,,
2024-07-30,Daily,1000,,
2024-07-29,Daily,1000,,
2024-07-28,Street Prize,30000,1,30000
2024-07-27,Millionaire Street,250000,4,1000000
2024-07-26,Daily,1000,,
2024-07-25,Daily,1000,,
2024-07-24,Daily,1000,,
2024-07-23,Daily,1000,,
2024-07-22,Daily,1000,,
2024-07-21,Street Prize,30000,1,30000
2024-07-20,Millionaire Street,250000,4,1000000
2024-07-19,Daily,1000,,
2024-07-18,Daily,1000,,
2024-07-17,Daily,1000,,
2024-07-16,Daily,1000,,
2024-07-15,Daily,1000,,
2024-07-14,Street Prize,30000,1,30000
2024-07-13,Millionaire Street,408990,2,817980
2024-07-12,Daily,1000,,
2024-07-11,Daily,1000,,
2024-07-10,Daily,1000,,
2024-07-09,Daily,1000,,
2024-07-08,Daily,1000,,
2024-07-07,Street Prize,30000,3,90000
2024-07-06,Millionaire Street,125000,8,1000000
2024-07-05,Daily,1000,,
2024-07-04,Daily,1000,,
2024-07-03,Daily,1000,,
2024-07-02,Daily,1000,,
2024-07-01,Daily,1000,,
2024-06-30,Street Prize,30000,3,90000
2024-06-29,Millionaire Street,200000,5,1000000
2024-06-28,Daily,1000,,
2024-06-27,Daily,1000,,
2024-06-26,Daily,1000,,
2024-06-25,Daily,1000,,
2024-06-24,Daily,1000,,
2024-06-23,Street Prize,30000,3,90000
2024-06-22,Millionaire Street,410995,2,821990
2024-06-21,Daily,1000,,
2024-06-20,Daily,1000,,
2024-06-19,Daily,1000,,
2024-06-18,Daily,1000,,
2024-06-17,Daily,1000,,
2024-06-16,Street Prize,30000,3,90000
2024-06-15,Millionaire Street,66666,15,999990
2024-06-14,Daily,1000,,
2024-06-13,Daily,1000,,
2024-06-12,Daily,1000,,
2024-06-11,Daily,1000,,
2024-06-10,Daily,1000,,
2024-06-09,Street Prize,30000,1,30000
2024-06-08,Millionaire Street,250000,4,1000000
2024-06-07,Daily,1000,,
2024-06-06,Daily,1000,,
2024-06-05,Daily,1000,,
2024-06-04,Daily,1000,,
2024-06-03,Daily,1000,,
2024-06-02,Street Prize,30000,9,270000
2024-06-01,Millionaire Street,250000,4,1000000
2024-05-31,Daily,1000,,
2024-05-30,Daily,1000,,
2024-05-29,Daily,1000,,
2024-05-28,Daily,1000,,
2024-05-27,Daily,1000,,
2024-05-26,Street Prize,30000,7,210000
2024-05-25,Millionaire Street,111111,9,999999
2024-05-24,Daily,1000,,
2024-05-23,Daily,1000,,
2024-05-22,Daily,1000,,
2024-05-21,Daily,1000,,
2024-05-20,Daily,1000,,
2024-05-19,Street Prize,30000,1,30000
2024-05-18,Millionaire Street,83333,12,999996
2024-05-17,Daily,1000,,
2024-05-16,Daily,1000,,
2024-05-15,Daily,1000,,
2024-05-14,Daily,1000,,
2024-05-13,Daily,1000,,
2024-05-12,Street Prize,30000,1,30000
2024-05-11,Millionaire Street,76923,13,999999
2024-05-10,Daily,1000,,
2024-05-09,Daily,1000,,
2024-05-08,Daily,1000,,
2024-05-07,Daily,1000,,
2024-05-06,Daily,1000,,
2024-05-05,Street Prize,30000,3,90000
2024-05-04,Millionaire Street,90909,11,999999
2024-05-03,Daily,1000,,
2024-05-02,Daily,1000,,
2024-05-01,Daily,1000,,
2024-04-30,Daily,1000,,
2024-04-29,Daily,1000,,
2024-04-28,Street Prize,30000,3,90000
2024-04-27,Millionaire Street,333333,3,999999
2024-04-26,Daily,1000,,
2024-04-25,Daily,1000,,
2024-04-24,Daily,1000,,
2024-04-23,Daily,1000,,
2024-04-22,Daily,1000,,
2024-04-21,Street Prize,30000,2,60000
2024-04-20,Millionaire Street,125000,8,1000000
2024-04-19,Daily,1000,,
2024-04-18,Daily,1000,,
2024-04-17,Daily,1000,,
2024-04-16,Daily,1000,,
2024-04-15,Daily,1000,,
2024-04-14,Street Prize,30000,1,30000
2024-04-13,Millionaire Street,125000,8,1000000
2024-04-12,Daily,1000,,
2024-04-11,Daily,1000,,
2024-04-10,Daily,1000,,
2024-04-09,Daily,1000,,
2024-04-08,Daily,1000,,
2024-04-07,Street Prize,30000,1,30000
2024-04-06,Millionaire Street,411238,2,822476
2024-04-05,Daily,1000,,
2024-04-04,Daily,1000,,
2024-04-03,Daily,1000,,
2024-04-02,Daily,1000,,
2024-04-01,Daily,1000,,
2024-03-31,Street Prize,30000,1,30000
2024-03-30,Millionaire Street,100000,10,1000000
2024-03-29,Daily,1000,,
2024-03-28,Daily,1000,,
2024-03-27,Daily,1000,,
2024-03-26,Daily,1000,,
2024-03-25,Daily,1000,,
2024-03-24,Street Prize,30000,2,60000
2024-03-23,Millionaire Street,142857,7,999999
2024-03-22,Daily,1000,,
2024-03-21,Daily,1000,,
2024-03-20,Daily,1000,,
2024-03-19,Daily,1000,,
2024-03-18,Daily,1000,,
2024-03-17,Street Prize,30000,7,210000
2024-03-16,Millionaire Street,200000,5,1000000
2024-03-15,Daily,1000,,
2024-03-14,Daily,1000,,
2024-03-13,Daily,1000,,
2024-03-12,Daily,1000,,
2024-03-11,Daily,1000,,
2024-03-10,Street Prize,30000,4,120000
2024-03-09,Millionaire Street,407032,1,407032
2024-03-08,Daily,1000,,
2024-03-07,Daily,1000,,
2024-03-06,Daily,1000,,
2024-03-05,Daily,1000,,
2024-03-04,Daily,1000,,
2024-03-03,Street Prize,30000,2,60000
2024-03-02,Millionaire Street,333333,3,999999
2024-03-01,Daily,1000,,
2024-02-29,Daily,1000,,
2024-02-28,Daily,1000,,
2024-02-27,Daily,1000,,
2024-02-26,Daily,1000,,
2024-02-25,Street Prize,30000,2,60000
2024-02-24,Millionaire Street,200000,5,1000000
2024-02-23,Daily,1000,,
2024-02-22,Daily,1000,,
2024-02-21,Daily,1000,,
2024-02-20,Daily,1000,,
2024-02-19,Daily,1000,,
2024-02-18,Street Prize,30000,8,240000
2024-02-17,Millionaire Street,405680,1,405680
2024-02-16,Daily,1000,,
2024-02-15,Daily,1000,,
2024-02-14,Daily,1000,,
2024-02-13,Daily,1000,,
2024-02-12,Daily,1000,,
2024-02-11,Street Prize,30000,4,120000
2024-02-10,Millionaire Street,166666,6,999996
2024-02-09,Daily,1000,,
2024-02-08,Daily,1000,,
2024-02-07,Daily,1000,,
2024-02-06,Daily,1000,,
2024-02-05,Daily,1000,,
2024-02-04,Street Prize,30000,,
2024-02-03,Millionaire Street,66666,15,999990
2024-02-02,Daily,1000,,
2024-02-01,Daily,1000,,
2024-01-31,Daily,1000,,
2024-01-30,Daily,1000,,
2024-01-29,Daily,1000,,
2024-01-28,Street Prize,30000,2,60000
2024-01-27,Millionaire Street,250000,4,1000000
2024-01-26,Daily,1000,,
2024-01-25,Daily,1000,,
2024-01-24,Daily,1000,,
2024-01-23,Daily,1000,,
2024-01-22,Daily,1000,,
2024-01-21,Street Prize,30000,2,60000
2024-01-20,Millionaire Street,166666,6,999996
2024-01-19,Daily,1000,,
2024-01-18,Daily,1000,,
2024-01-17,Daily,1000,,
2024-01-16,Daily,1000,,
2024-01-15,Daily,1000,,
2024-01-14,Street Prize,30000,2,60000
2024-01-13,Millionaire Street,83333,12,999996
2024-01-12,Daily,1000,,
2024-01-11,Daily,1000,,
2024-01-10,Daily,1000,,
2024-01-09,Daily,1000,,
2024-01-08,Daily,1000,,
2024-01-07,Street Prize,30000,2,60000
2024-01-06,Millionaire Street,142857,7,999999
2024-01-06,Daily,1000,,
2024-01-05,Daily,1000,,
2024-01-04,Daily,1000,,
2024-01-03,Daily,1000,,
2024-01-02,Daily,1000,,
2024-01-01,Daily,1000,,
2023-12-31,Street Prize,30000,3,90000
2023-12-30,Millionaire Street,100000,10,1000000
2023-12-29,Daily,1000,,
2023-12-28,Daily,1000,,
2023-12-27,Daily,1000,,
2023-12-26,Daily,1000,,
2023-12-25,Daily,1000,,
2023-12-24,Street Prize,30000,5,150000
2023-12-23,Millionaire Street,200000,5,1000000
2023-12-22,Daily,1000,,
2023-12-21,Daily,1000,,
2023-12-20,Daily,1000,,
2023-12-19,Daily,1000,,
2023-12-18,Daily,1000,,
2023-12-17,Street Prize,30000,10,300000
2023-12-16,Millionaire Street,90909,11,999999
2023-12-15,Daily,1000,,
2023-12-14,Daily,1000,,
2023-12-13,Daily,1000,,
2023-12-12,Daily,1000,,
2023-12-11,Daily,1000,,
2023-12-10,Street Prize,30000,1,30000
2023-12-09,Millionaire Street,333333,3,999999
2023-12-08,Daily,1000,,
2023-12-07,Daily,1000,,
2023-12-06,Daily,1000,,
2023-12-05,Daily,1000,,
2023-12-04,Daily,1000,,
2023-12-03,Street Prize,30000,1,30000
2023-12-02,Millionaire Street,66666,11,733326
2023-12-01,Daily,1000,,
2023-11-30,Daily,1000,,
2023-11-29,Daily,1000,,
2023-11-28,Daily,1000,,
2023-11-27,Daily,1000,,
2023-11-26,Street Prize,30000,4,120000
2023-11-25,Millionaire Street,66666,15,999990
2023-11-24,Daily,1000,,
2023-11-23,Daily,1000,,
2023-11-22,Daily,1000,,
2023-11-21,Daily,1000,,
2023-11-20,Daily,1000,,
2023-11-19,Street Prize,30000,1,30000
2023-11-18,Millionaire Street,200000,5,1000000
2023-11-17,Daily,1000,,
2023-11-16,Daily,1000,,
2023-11-15,Daily,1000,,
2023-11-14,Daily,1000,,
2023-11-13,Daily,1000,,
2023-11-12,Street Prize,30000,6,180000
2023-11-11,Millionaire Street,58823,17,999991
2023-11-10,Daily,1000,,
2023-11-09,Daily,1000,,
2023-11-08,Daily,1000,,
2023-11-07,Daily,1000,,
2023-11-06,Daily,1000,,
2023-11-05,Street Prize,30000,1,30000
2023-11-04,Millionaire Street,31250,26,812500
2023-11-03,Daily,1000,,
2023-11-02,Daily,1000,,
2023-11-01,Daily,1000,,
2023-10-31,Daily,1000,,
2023-10-30,Daily,1000,,
2023-10-29,Street Prize,30000,5,150000
2023-10-28,Millionaire Street,83333,11,916663
2023-10-27,Daily,1000,,
2023-10-26,Daily,1000,,
2023-10-25,Daily,1000,,
2023-10-24,Daily,1000,,
2023-10-23,Daily,1000,,
2023-10-22,Street Prize,30000,1,30000
2023-10-21,Millionaire Street,111111,9,999999
2023-10-20,Daily,1000,,
2023-10-19,Daily,1000,,
2023-10-18,Daily,1000,,
2023-10-17,Daily,1000,,
2023-10-16,Daily,1000,,
2023-10-15,Street Prize,30000,2,60000
2023-10-14,Millionaire Street,125000,8,1000000
2023-10-13,Daily,1000,,
2023-10-12,Daily,1000,,
2023-10-11,Daily,1000,,
2023-10-10,Daily,1000,,
2023-10-09,Daily,1000,,
2023-10-08,Street Prize,30000,5,150000
2023-10-07,Millionaire Street,200000,4,800000
2023-10-06,Daily,1000,,
2023-10-05,Daily,1000,,
2023-10-04,Daily,1000,,
2023-10-03,Daily,1000,,
2023-10-02,Daily,1000,,
2023-10-01,Street Prize,30000,1,30000
2023-09-30,Millionaire Street,100000,10,1000000
2023-09-29,Daily,1000,,
2023-09-28,Daily,1000,,
2023-09-27,Daily,1000,,
2023-09-26,Daily,1000,,
2023-09-25,Daily,1000,,
2023-09-24,Street Prize,30000,7,210000
2023-09-23,Millionaire Street,333333,3,999999
2023-09-22,Daily,1000,,
2023-09-21,Daily,1000,,
2023-09-20,Daily,1000,,
2023-09-19,Daily,1000,,
2023-09-18,Daily,1000,,
2023-09-17,Street Prize,30000,,
2023-09-16,Millionaire Street,200000,,
2023-09-15,Daily,1000,,
2023-09-14,Daily,1000,,
2023-09-13,Daily,1000,,
2023-09-12,Daily,1000,,
2023-09-11,Daily,1000,,
2023-09-10,Street Prize,30000,8,240000
2023-09-09,Millionaire Street,333333,3,999999
2023-09-08,Daily,1000,,
2023-09-07,Daily,1000,,
2023-09-06,Daily,1000,,
2023-09-05,Daily,1000,,
2023-09-04,Daily,1000,,
2023-09-03,Street Prize,30000,2,60000
2023-09-02,Millionaire Street,90909,11,999999
2023-09-01,Daily,1000,,
2023-08-31,Daily,1000,,
2023-08-30,Daily,1000,,
2023-08-29,Daily,1000,,
2023-08-28,Daily,1000,,
2023-08-27,Street Prize,30000,3,90000
2023-08-26,Millionaire Street,76923,13,999999
2023-08-25,Daily,1000,,
2023-08-24,Daily,1000,,
2023-08-23,Daily,1000,,
2023-08-22,Daily,1000,,
2023-08-21,Daily,1000,,
2023-08-20,Street Prize,30000,1,30000
2023-08-19,Millionaire Street,90909,11,999999
2023-08-18,Daily,1000,,
2023-08-17,Daily,1000,,
2023-08-16,Daily,1000,,
2023-08-15,Daily,1000,,
2023-08-14,Daily,1000,,
2023-08-13,Street Prize,30000,3,90000
2023-08-12,Millionaire Street,200000,4,800000
2023-08-11,Daily,1000,,
2023-08-10,Daily,1000,,
2023-08-09,Daily,1000,,
2023-08-08,Daily,1000,,
2023-08-07,Daily,1000,,
2023-08-06,Street Prize,30000,1,30000
2023-08-05,Millionaire Street,142857,6,857142
2023-08-04,Daily,1000,,
2023-08-03,Daily,1000,,
2023-08-02,Daily,1000,,
2023-08-01,Daily,1000,,
2023-07-31,Daily,1000,,
