No.,Day,DD,MMM,YYYY,N1,N2,N3,N4,N5,LB,Jackpot,Wins,Machine,Set
780,Thu,3,Sep,2026,16,17,22,42,47,1,3600000,0,Excalibur5,SFL7
779,Mon,31,Aug,2026,4,17,26,38,39,8,3600000,0,Excalibur5,SFL7
778,Thu,27,Aug,2026,1,24,28,31,47,3,3600000,1,Excalibur4,SFL9
777,Mon,24,Aug,2026,11,19,28,38,43,9,3600000,0,Excalibur4,SFL9
776,Thu,20,Aug,2026,6,9,29,32,47,9,3600000,0,Excalibur4,SFL7
775,Mon,17,Aug,2026,13,14,23,33,36,10,3600000,1,Excalibur4,SFL7
774,Thu,13,Aug,2026,4,5,10,12,36,8,3600000,0,Excalibur6,SFL9
773,Mon,10,Aug,2026,1,14,30,34,46,3,3600000,0,Excalibur6,SFL9
772,Thu,6,Aug,2026,3,4,5,18,37,6,3600000,0,Excalibur6,SFL7
771,Mon,3,Aug,2026,12,20,21,24,41,6,3600000,0,Excalibur 6,SFL7
770,Thu,30,Jul,2026,1,4,13,24,45,5,3600000,0,Excalibur5,SFL6
769,Mon,27,Jul,2026,6,14,15,34,39,2,3600000,0,Excalibur5,SFL6
768,Thu,23,Jul,2026,2,6,10,18,30,8,3600000,1,Excalibur5,SFL5
767,Mon,20,Jul,2026,1,13,20,35,39,10,3600000,0,Excalibur5,SFL5
766,Thu,16,Jul,2026,5,13,24,33,40,10,3600000,0,Excalibur4,SFL4
765,Mon,13,Jul,2026,1,19,40,43,46,4,3600000,0,Excalibur4,SFL4
764,Thu,9,Jul,2026,7,35,40,46,47,10,3600000,1,Excalibur4,SFL3
763,Mon,6,Jul,2026,3,4,15,26,45,7,3600000,0,Excalibur4,SFL3
762,Thu,2,Jul,2026,16,22,23,25,30,6,3600000,1,Excalibur6,SFL6
761,Mon,29,Jun,2026,10,19,30,33,36,3,3600000,0,Excalibur6,SFL6
760,Thu,25,Jun,2026,1,9,26,28,45,3,3600000,1,Excalibur6,SFL5
759,Mon,22,Jun,2026,1,16,32,34,38,5,3600000,0,Excalibur6,SFL5
758,Thu,18,Jun,2026,11,20,23,24,27,5,3600000,0,Excalibur5,SFL4
757,Mon,15,Jun,2026,7,8,14,17,20,2,3600000,0,Excalibur5,SFL4
756,Thu,11,Jun,2026,12,16,32,33,41,2,3600000,0,Excalibur5,SFL3
755,Mon,8,Jun,2026,1,14,20,23,42,8,3600000,0,Excalibur5,SFL3
754,Thu,4,Jun,2026,4,8,26,32,46,8,3600000,0,Excalibur1,SFL1
753,Mon,1,Jun,2026,8,12,33,35,45,1,3600000,0,Excalibur4,SFL6
752,Thu,28,May,2026,6,10,11,19,30,5,3600000,0,Excalibur4,SFL5
751,Mon,25,May,2026,3,14,21,28,44,4,3600000,0,Excalibur4,SFL5
750,Thu,21,May,2026,1,12,27,39,45,4,3600000,0,Excalibur6,SFL4
749,Mon,18,May,2026,3,21,22,28,38,10,3600000,0,Excalibur6,SFL4
748,Thu,14,May,2026,15,36,39,41,43,8,3600000,0,Excalibur6,SFL3
747,Mon,11,May,2026,13,14,23,24,39,9,3600000,0,Excalibur6,SFL3
746,Thu,7,May,2026,8,13,26,34,45,8,3600000,0,Excalibur5,SFL6
745,Mon,4,May,2026,8,19,24,43,46,4,3600000,0,Excalibur5,SFL6
744,Thu,30,Apr,2026,2,6,13,27,38,10,3600000,0,Excalibur5,SFL5
743,Mon,27,Apr,2026,6,13,37,42,43,10,3600000,0,Excalibur5,SFL5
742,Thu,23,Apr,2026,8,14,20,23,32,1,3600000,0,Excalibur4,SFL4
741,Mon,20,Apr,2026,16,17,27,45,46,5,3600000,0,Excalibur4,SFL4
740,Thu,16,Apr,2026,3,5,7,32,38,4,3600000,0,Excalibur4,SFL3
739,Mon,13,Apr,2026,12,13,19,25,44,4,3600000,0,Excalibur4,SFL3
738,Thu,9,Apr,2026,16,17,30,45,46,7,3600000,0,Excalibur6,SFL6
737,Mon,6,Apr,2026,1,2,11,26,37,4,3600000,0,Excalibur6,SFL6
736,Thu,2,Apr,2026,2,3,8,27,39,7,3600000,0,Excalibur6,SFL5
735,Mon,30,Mar,2026,5,16,36,37,47,9,3600000,1,Excalibur6,SFL5
734,Thu,26,Mar,2026,14,17,26,31,37,4,3600000,1,Excalibur5,SFL4
733,Mon,23,Mar,2026,2,11,14,21,34,10,3600000,0,Excalibur5,SFL4
732,Thu,19,Mar,2026,15,17,26,32,37,7,3600000,0,Excalibur5,SFL3
731,Mon,16,Mar,2026,10,23,34,38,45,2,3600000,0,Excalibur5,SFL3
730,Thu,12,Mar,2026,5,7,16,32,34,7,3600000,0,Excalibur4,SFL6
729,Mon,9,Mar,2026,9,17,29,31,43,4,3600000,0,Excalibur4,SFL6
728,Thu,5,Mar,2026,4,6,17,28,35,3,3600000,0,Excalibur4,SFL5
727,Mon,2,Mar,2026,2,13,22,29,31,3,3600000,0,Excalibur4,SFL5
726,Thu,26,Feb,2026,18,19,20,27,33,9,3600000,0,Excalibur6,SFL4
725,Mon,23,Feb,2026,8,23,32,41,42,1,3600000,0,Excalibur6,SFL4
724,Thu,19,Feb,2026,5,9,13,34,45,8,3600000,0,Excalibur6,SFL3
723,Mon,16,Feb,2026,12,23,28,30,43,9,3600000,0,Excalibur6,SFL3
722,Thu,12,Feb,2026,6,26,30,32,36,10,3600000,0,Excalibur5,SFL6
721,Mon,9,Feb,2026,3,34,39,40,41,1,3600000,0,Excalibur5,SFL6
720,Thu,5,Feb,2026,6,15,21,22,43,6,3600000,0,Excalibur5,SFL5
719,Mon,2,Feb,2026,2,6,31,39,42,5,3600000,0,Excalibur5,SFL5
718,Thu,29,Jan,2026,13,24,31,33,36,3,3600000,0,Excalibur4,SFL4
717,Mon,26,Jan,2026,1,16,19,26,34,7,3600000,0,Excalibur4,SFL4
716,Thu,22,Jan,2026,1,5,13,17,21,2,3600000,1,Excalibur4,SFL3
715,Mon,19,Jan,2026,3,7,19,30,32,7,3600000,1,Excalibur 4,SFL3
714,Thu,15,Jan,2026,9,22,24,29,30,1,3600000,0,Excalibur 2,SFL2
713,Mon,12,Jan,2026,9,20,29,41,47,4,3600000,0,Excalibur 6,SFL6
712,Thu,8,Jan,2026,13,17,26,29,46,4,3600000,1,Excalibur 2,SFL1
711,Mon,5,Jan,2026,4,22,32,33,36,7,3600000,0,Excalibur 6,SFL5
710,Thu,1,Jan,2026,7,8,41,43,45,10,3600000,0,Excalibur 5,SFL4
709,Mon,29,Dec,2025,8,13,15,25,39,6,3600000,0,Excalibur 5,SFL4
708,Thu,25,Dec,2025,1,4,6,30,47,9,3600000,0,Excalibur 5,SFL3
707,Mon,22,Dec,2025,10,23,27,28,36,3,3600000,1,Excalibur 5,SFL3
706,Thu,18,Dec,2025,8,9,10,19,37,10,3600000,0,Excalibur 4,SFL9
705,Mon,15,Dec,2025,8,27,29,31,42,5,3600000,0,Excalibur 4,SFL9
704,Thu,11,Dec,2025,16,21,26,29,36,2,3600000,0,Excalibur 4,SFL9
703,Mon,8,Dec,2025,4,22,27,35,45,6,3600000,0,Excalibur 4,SFL9
702,Thu,4,Dec,2025,1,8,33,38,42,9,3600000,0,Excalibur 6,SFL7
701,Mon,1,Dec,2025,16,22,24,32,38,9,3600000,0,Excalibur 6,SFL7
700,Thu,27,Nov,2025,11,13,14,20,26,8,3600000,0,Excalibur 6,SFL9
699,Mon,24,Nov,2025,15,23,40,43,44,1,3600000,0,Excalibur 6,SFL9
698,Thu,20,Nov,2025,4,5,9,14,42,9,3600000,0,Excalibur 5,SFL7
697,Mon,17,Nov,2025,4,7,11,18,27,3,3600000,0,Excalibur 5,SFL7
696,Thu,13,Nov,2025,11,30,31,34,45,3,3600000,0,Excalibur 5,SFL3
695,Mon,10,Nov,2025,1,7,25,27,35,6,3600000,0,Excalibur 5,SFL3
694,Thu,6,Nov,2025,5,29,30,31,37,6,3600000,1,Excalibur 4,SFL9
693,Mon,3,Nov,2025,4,20,31,35,38,1,3600000,0,Excalibur 4,SFL9
692,Thu,30,Oct,2025,5,18,22,31,32,3,3600000,0,Excalibur 4,SFL7
691,Mon,27,Oct,2025,6,16,18,33,34,4,3600000,3,Excalibur 4,SFL7
690,Thu,23,Oct,2025,3,20,25,26,35,7,3600000,0,Excalibur 6,SFL9
689,Mon,20,Oct,2025,11,17,26,30,43,8,3600000,0,Excalibur 6,SFL9
688,Thu,16,Oct,2025,1,8,12,27,46,2,3600000,0,Excalibur 6,SFL7
687,Mon,13,Oct,2025,4,24,27,31,36,8,3600000,0,Excalibur 6,SFL7
686,Thu,9,Oct,2025,10,16,36,39,40,7,3600000,0,Excalibur 5,SFL7
685,Mon,6,Oct,2025,9,15,24,33,45,2,3600000,0,Excalibur 5,SFL7
684,Thu,2,Oct,2025,3,28,30,35,40,7,3600000,0,Excalibur 2,SFL4
683,Mon,29,Sep,2025,7,12,31,34,35,7,3600000,3,Excalibur 2,SFL4
682,Thu,25,Sep,2025,10,25,42,43,46,4,3600000,0,Excalibur 2,SFL6
681,Mon,22,Sep,2025,3,9,34,37,42,3,3600000,0,Excalibur 2,SFL6
680,Thu,18,Sep,2025,18,19,22,34,40,5,3600000,0,Excalibur 1,SFL5
679,Mon,15,Sep,2025,18,38,42,45,46,2,3600000,0,Excalibur 1,SFL5
678,Thu,11,Sep,2025,2,30,39,41,45,9,3600000,0,Excalibur 1,SFL4
677,Mon,8,Sep,2025,17,18,23,33,44,6,3600000,0,Excalibur 1,SFL4
676,Thu,4,Sep,2025,6,14,22,28,36,3,3600000,0,Excalibur 3,SFL6
675,Mon,1,Sep,2025,18,21,24,29,47,7,3600000,0,Excalibur 3,SFL6
674,Thu,28,Aug,2025,6,18,21,25,34,10,3600000,1,Excalibur 3,SFL5
673,Mon,25,Aug,2025,5,32,34,38,44,9,3600000,0,Excalibur 3,SFL5
672,Thu,21,Aug,2025,3,6,7,14,18,5,3600000,1,Excalibur 1,SFL4
671,Mon,18,Aug,2025,2,4,8,11,28,1,3600000,0,Excalibur 1,SFL4
670,Thu,14,Aug,2025,8,9,21,32,42,8,3600000,0,Excalibur 1,SFL6
669,Mon,11,Aug,2025,3,6,24,27,34,5,3600000,0,Excalibur 1,SFL6
668,Thu,7,Aug,2025,3,11,17,18,23,6,3600000,0,Excalibur 1,SFL5
667,Mon,4,Aug,2025,11,26,28,32,39,2,3600000,0,Excalibur 1,SFL5
666,Thu,31,Jul,2025,4,11,26,44,47,10,3600000,0,Excalibur 1,SFL4
665,Mon,28,Jul,2025,2,4,7,22,34,2,3600000,0,Excalibur 1,SFL1
664,Thu,24,Jul,2025,4,6,9,10,40,5,3600000,0,Excalibur 3,SFL3
663,Mon,21,Jul,2025,3,5,13,31,39,2,3600000,0,Excalibur 3,SFL3
662,Thu,17,Jul,2025,11,17,26,29,47,6,3600000,0,Excalibur 3,SFL2
661,Mon,14,Jul,2025,3,9,17,23,41,9,3600000,1,Excalibur 3,SFL2
660,Thu,10,Jul,2025,15,17,27,35,39,8,3600000,0,Excalibur 1,SFL1
659,Mon,7,Jul,2025,3,4,22,30,34,4,3600000,0,Excalibur 2,SFL1
658,Thu,3,Jul,2025,5,8,14,18,20,4,3600000,0,Excalibur 5,SFL3
657,Mon,30,Jun,2025,3,8,14,17,25,9,3600000,0,Excalibur 5,SFL3
656,Thu,26,Jun,2025,2,4,34,37,46,6,3600000,0,Excalibur 4,SFL2
655,Mon,23,Jun,2025,7,12,19,21,31,5,3600000,0,Excalibur 4,SFL2
654,Thu,19,Jun,2025,8,10,12,28,45,9,3600000,0,Excalibur 4,SFL1
653,Mon,16,Jun,2025,1,15,34,35,38,5,3600000,0,Excalibur 4,SFL1
652,Thu,12,Jun,2025,13,17,37,44,45,9,3600000,0,Excalibur 6,SFL3
651,Mon,9,Jun,2025,7,31,36,39,44,1,3600000,0,Excalibur 6,SFL3
650,Thu,5,Jun,2025,1,12,14,19,42,2,3600000,0,Excalibur 6,SFL2
649,Mon,2,Jun,2025,23,36,41,42,46,4,3600000,0,Excalibur 6,SFL2
648,Thu,29,May,2025,11,21,22,27,41,5,3600000,0,Excalibur 5,SFL1
647,Mon,26,May,2025,7,13,27,33,40,4,3600000,0,Excalibur 5,SFL1
646,Thu,22,May,2025,6,9,15,19,34,3,3600000,0,Excalibur 5,SFL3
645,Mon,19,May,2025,14,18,23,28,46,9,3600000,0,Excalibur 5,SFL3
644,Thu,15,May,2025,3,27,42,45,46,6,3600000,0,Excalibur 4,SFL2
643,Mon,12,May,2025,12,14,19,23,32,5,3600000,0,Excalibur 4,SFL2
642,Thu,8,May,2025,6,7,31,38,42,6,3600000,1,Excalibur 4,SFL1
641,Mon,5,May,2025,20,21,24,27,36,5,3600000,0,Excalibur 4,SFL1
640,Thu,1,May,2025,8,20,25,35,40,4,3600000,0,Excalibur 6,SFL3
639,Mon,28,Apr,2025,7,18,37,38,41,1,3600000,0,Excalibur 6,SFL3
638,Thu,24,Apr,2025,12,21,29,33,37,7,3600000,1,Excalibur 6,SFL2
637,Mon,21,Apr,2025,15,25,33,34,36,8,3600000,0,Excalibur 6,SFL2
636,Thu,17,Apr,2025,2,5,21,32,43,7,3600000,0,Excalibur 5,SFL1
635,Mon,14,Apr,2025,5,14,15,43,44,1,3600000,0,Excalibur 5,SFL7
634,Thu,10,Apr,2025,21,22,23,38,41,5,3600000,0,Excalibur 5,SFL9
633,Mon,7,Apr,2025,15,26,27,30,31,10,3600000,0,Excalibur 5,SFL9
632,Thu,3,Apr,2025,4,9,17,31,42,9,3600000,0,Excalibur 4,SFL7
631,Mon,31,Mar,2025,7,37,39,40,47,1,3600000,0,Excalibur 4,SFL7
630,Thu,27,Mar,2025,5,24,25,39,45,5,3600000,0,Excalibur 4,SFL9
629,Mon,24,Mar,2025,3,4,6,18,41,8,3600000,1,Excalibur 4,SFL9
628,Thu,20,Mar,2025,1,15,16,22,35,4,3600000,0,Excalibur 6,SFL7
627,Mon,17,Mar,2025,1,28,31,34,44,5,3600000,0,Excalibur 6,SFL7
626,Thu,13,Mar,2025,8,21,23,31,38,3,3600000,0,Excalibur 6,SFL9
625,Mon,10,Mar,2025,5,14,24,36,41,10,3600000,0,Excalibur 6,SFL9
624,Thu,6,Mar,2025,6,15,21,30,47,2,3600000,0,Excalibur 5,SFL8
623,Mon,3,Mar,2025,22,25,28,35,47,4,3600000,0,Excalibur 5,SFL8
622,Thu,27,Feb,2025,10,18,27,34,36,3,3600000,1,Excalibur 5,SFL8
621,Mon,24,Feb,2025,3,10,15,19,29,6,3600000,0,Excalibur 5,SFL8
620,Thu,20,Feb,2025,5,8,21,26,37,1,3600000,0,Excalibur 4,SFL8
619,Mon,17,Feb,2025,16,25,26,34,41,3,3600000,0,Excalibur 4,SFL8
618,Thu,13,Feb,2025,10,19,24,41,44,4,3600000,0,Excalibur 4,SFL7
617,Mon,10,Feb,2025,1,10,14,34,39,6,3600000,1,Excalibur 4,SFL7
616,Thu,6,Feb,2025,6,25,26,33,35,1,3600000,0,Excalibur 6,SFL9
615,Mon,3,Feb,2025,3,13,23,34,39,4,3600000,2,Excalibur 6,SFL9
614,Thu,30,Jan,2025,8,12,17,33,42,7,3600000,0,Excalibur 6,SFL8
613,Mon,27,Jan,2025,5,16,19,21,36,8,3600000,0,Excalibur 6,SFL8
612,Thu,23,Jan,2025,11,21,22,32,45,6,3600000,0,Excalibur 5,SFL7
611,Mon,20,Jan,2025,2,3,32,35,36,9,3600000,0,Excalibur 5,SFL7
610,Thu,16,Jan,2025,9,12,15,33,44,10,3600000,0,Excalibur 5,SFL9
609,Mon,13,Jan,2025,11,16,36,37,43,9,3600000,0,Excalibur 5,SFL9
608,Thu,9,Jan,2025,10,11,13,14,45,3,3600000,0,Excalibur 4,SFL8
607,Mon,6,Jan,2025,10,21,26,31,38,9,3600000,0,Excalibur 4,SFL8
606,Thu,2,Jan,2025,8,12,27,28,44,9,3600000,1,Excalibur 4,SFL7
605,Mon,30,Dec,2024,8,13,28,29,35,10,3600000,0,Excalibur 4,SFL4
604,Thu,26,Dec,2024,9,11,24,29,36,6,3600000,0,Excalibur 6,SFL6
603,Mon,23,Dec,2024,2,18,19,23,28,3,3600000,0,Excalibur 6,SFL6
602,Thu,19,Dec,2024,4,7,20,38,41,5,3600000,0,Excalibur 6,SFL5
601,Mon,16,Dec,2024,6,16,23,28,30,7,3600000,0,Excalibur 6,SFL5
600,Thu,12,Dec,2024,13,22,30,42,43,5,3600000,0,Excalibur 5,SFL4
599,Mon,9,Dec,2024,5,8,21,22,40,10,3600000,0,Excalibur 5,SFL4
598,Thu,5,Dec,2024,10,11,12,36,45,8,3600000,0,Excalibur 5,SFL6
597,Mon,2,Dec,2024,3,25,31,34,37,6,3600000,0,Excalibur 2,SFL6
596,Thu,28,Nov,2024,19,24,28,32,39,9,3600000,0,Excalibur 1,SFL5
595,Mon,25,Nov,2024,18,29,31,34,38,1,3600000,0,Excalibur 1,SFL5
594,Thu,21,Nov,2024,3,12,13,35,43,1,3600000,0,Excalibur 1,SFL4
593,Mon,18,Nov,2024,2,8,10,19,24,9,3600000,0,Excalibur 1,SFL4
592,Thu,14,Nov,2024,1,3,17,30,39,5,3600000,0,Excalibur 3,SFL6
591,Mon,11,Nov,2024,1,9,24,31,36,8,3600000,0,Excalibur 3,SFL5
590,Thu,7,Nov,2024,7,9,10,23,26,1,3600000,0,Excalibur 3,SFL6
589,Mon,4,Nov,2024,5,14,22,33,44,5,3600000,0,Excalibur 3,SFL5
588,Thu,31,Oct,2024,9,15,18,24,37,7,3600000,0,Excalibur 2,SFL4
587,Mon,28,Oct,2024,12,15,39,43,47,5,3600000,0,Excalibur 2,SFL4
586,Thu,24,Oct,2024,2,11,29,37,45,6,3600000,1,Excalibur 2,SFL6
585,Mon,21,Oct,2024,8,15,19,32,38,9,3600000,0,Excalibur 2,SFL6
584,Thu,17,Oct,2024,12,17,27,32,43,3,3600000,2,Excalibur 1,SFL5
583,Mon,14,Oct,2024,3,15,28,32,34,5,3600000,0,Excalibur 1,SFL5
582,Thu,10,Oct,2024,7,13,18,20,31,8,3600000,1,Excalibur 1,SFL4
581,Mon,7,Oct,2024,17,18,22,23,29,7,3600000,0,Excalibur 1,SFL4
580,Thu,3,Oct,2024,22,33,34,35,43,10,3600000,0,Excalibur 3,SFL6
579,Mon,30,Sep,2024,6,14,21,24,36,1,3600000,0,Excalibur 3,SFL6
578,Thu,26,Sep,2024,27,32,33,41,47,4,3600000,0,Excalibur 3,SFL5
577,Mon,23,Sep,2024,12,18,30,35,43,6,3600000,0,Excalibur 3,SFL5
576,Thu,19,Sep,2024,5,6,30,46,47,5,3600000,0,Excalibur 2,SFL4
575,Mon,16,Sep,2024,12,13,15,17,30,10,3600000,1,Excalibur 2,SFL1
574,Thu,12,Sep,2024,1,4,23,38,39,3,3600000,0,Excalibur 2,SFL3
573,Mon,9,Sep,2024,4,6,32,35,45,6,3600000,0,Excalibur 2,SFL3
572,Thu,5,Sep,2024,3,5,23,32,44,8,3600000,0,Excalibur 1,SFL2
571,Mon,2,Sep,2024,3,9,21,22,31,10,3600000,0,Excalibur 1,SFL2
570,Thu,29,Aug,2024,4,8,21,25,43,9,3600000,0,Excalibur 1,SFL1
569,Mon,26,Aug,2024,2,29,33,37,41,9,3600000,1,Excalibur 1,SFL1
568,Thu,22,Aug,2024,15,30,32,33,39,4,3600000,0,Excalibur 3,SFL3
567,Mon,19,Aug,2024,23,33,35,42,43,6,3600000,0,Excalibur 3,SFL3
566,Thu,15,Aug,2024,11,25,26,34,47,8,3600000,0,Excalibur 3,SFL2
565,Mon,12,Aug,2024,20,27,42,43,46,9,3600000,0,Excalibur 3,SFL2
564,Thu,8,Aug,2024,6,10,17,24,40,8,3600000,0,Excalibur 2,SFL1
563,Mon,5,Aug,2024,8,23,31,38,47,9,3600000,0,Excalibur 2,SFL1
562,Thu,1,Aug,2024,2,6,18,24,34,2,3600000,0,Excalibur 2,SFL3
561,Mon,29,Jul,2024,6,8,11,24,45,2,3600000,0,Excalibur 2,SFL2
560,Thu,25,Jul,2024,7,20,25,30,33,3,3600000,0,Excalibur 1,SFL3
559,Mon,22,Jul,2024,1,3,9,26,32,1,3600000,0,Excalibur 1,SFL2
558,Thu,18,Jul,2024,5,7,27,38,46,8,3600000,0,Excalibur 1,SFL3
557,Mon,15,Jul,2024,2,6,10,29,47,3,3600000,1,Excalibur 1,SFL1
556,Thu,11,Jul,2024,7,11,15,21,32,6,3600000,0,Excalibur 3,SFL3
555,Mon,8,Jul,2024,11,34,35,44,45,10,3600000,0,Excalibur 3,SFL3
554,Thu,4,Jul,2024,5,10,14,19,34,8,3600000,0,Excalibur 3,SFL2
553,Mon,1,Jul,2024,4,6,8,19,34,9,3600000,1,Excalibur 3,SFL2
552,Thu,27,Jun,2024,8,15,27,32,33,5,3600000,0,Excalibur 2,SFL1
551,Mon,24,Jun,2024,20,32,33,43,45,10,3600000,0,Excalibur 2,SFL1
550,Thu,20,Jun,2024,10,18,24,27,38,5,3600000,1,Excalibur 2,SFL3
549,Mon,17,Jun,2024,6,22,23,36,41,6,3600000,1,Excalibur 2,SFL3
548,Thu,13,Jun,2024,10,16,19,24,38,3,3600000,0,Excalibur 1,SFL2
547,Mon,10,Jun,2024,28,30,31,32,42,10,3600000,0,Excalibur 1,SFL2
546,Thu,6,Jun,2024,3,24,29,31,41,6,3600000,0,Excalibur 1,SFL1
545,Mon,3,Jun,2024,2,11,15,19,38,8,3600000,0,Excalibur 1,SFL7
544,Thu,30,May,2024,5,11,12,25,26,7,3600000,0,Excalibur 5,SFL9
543,Mon,27,May,2024,4,7,13,28,34,3,3600000,0,Excalibur 5,SFL9
542,Thu,23,May,2024,14,20,31,40,43,9,3600000,0,Excalibur 4,SFL8
541,Mon,20,May,2024,9,10,25,32,41,8,3600000,0,Excalibur 4,SFL8
540,Thu,16,May,2024,4,12,16,21,26,3,3600000,1,Excalibur 4,SFL7
539,Mon,13,May,2024,5,10,19,23,44,10,3600000,0,Excalibur 4,SFL7
538,Thu,9,May,2024,1,14,17,27,35,9,3600000,2,Excalibur 3,SFL9
537,Mon,6,May,2024,11,15,26,33,44,10,3600000,1,Excalibur 3,SFL9
536,Thu,2,May,2024,5,10,14,35,45,4,3600000,1,Excalibur 3,SFL8
535,Mon,29,Apr,2024,6,18,22,29,40,9,3600000,0,Excalibur 3,SFL8
534,Thu,25,Apr,2024,3,27,43,46,47,2,3600000,0,Excalibur 5,SFL7
533,Mon,22,Apr,2024,1,17,26,39,46,6,3600000,0,Excalibur 5,SFL7
532,Thu,18,Apr,2024,6,18,26,35,41,5,3600000,0,Excalibur 5,SFL9
531,Mon,15,Apr,2024,1,3,21,22,27,10,3600000,1,Excalibur 5,SFL8
530,Thu,11,Apr,2024,11,13,19,27,42,8,3600000,0,Excalibur 4,SFL9
529,Mon,8,Apr,2024,3,5,6,36,43,1,3600000,0,Excalibur 4,SFL8
528,Thu,4,Apr,2024,2,9,16,17,41,3,3600000,0,Excalibur 4,SFL7
527,Mon,1,Apr,2024,19,30,35,40,44,2,3600000,0,Excalibur 4,SFL7
526,Thu,28,Mar,2024,5,10,19,26,41,4,3600000,0,Excalibur 3,SFL9
525,Mon,25,Mar,2024,11,23,24,26,35,2,3600000,0,Excalibur 3,SFL9
524,Thu,21,Mar,2024,3,4,11,14,18,7,3600000,2,Excalibur 3,SFL8
523,Mon,18,Mar,2024,2,11,19,38,43,6,3600000,0,Excalibur 3,SFL8
522,Thu,14,Mar,2024,4,11,22,25,34,6,3600000,0,Excalibur 5,SFL7
521,Mon,11,Mar,2024,12,21,30,35,44,9,3600000,0,Excalibur 5,SFL7
520,Thu,7,Mar,2024,11,29,32,34,42,9,3600000,0,Excalibur 5,SFL9
519,Mon,4,Mar,2024,7,15,25,30,38,9,3600000,0,Excalibur 5,SFL9
518,Thu,29,Feb,2024,4,6,28,29,45,4,3600000,1,Excalibur 4,SFL8
517,Mon,26,Feb,2024,3,10,21,24,39,2,3600000,0,Excalibur 4,SFL8
516,Thu,22,Feb,2024,16,17,19,23,38,5,3600000,1,Excalibur 4,SFL7
515,Mon,19,Feb,2024,7,11,12,36,46,9,3600000,0,Excalibur 4,SFL6
514,Thu,15,Feb,2024,5,11,25,30,42,6,3600000,0,Excalibur 3,SFL5
513,Mon,12,Feb,2024,6,20,27,29,36,8,3600000,0,Excalibur 3,SFL4
512,Thu,8,Feb,2024,13,19,26,37,43,5,3600000,0,Excalibur 3,SFL6
511,Mon,5,Feb,2024,3,4,8,10,28,1,3600000,0,Excalibur 3,SFL6
510,Thu,1,Feb,2024,3,7,11,23,29,7,3600000,1,Excalibur 5,SFL5
509,Mon,29,Jan,2024,7,29,35,40,46,8,3600000,0,Excalibur 5,SFL5
508,Thu,25,Jan,2024,7,20,23,36,44,4,3600000,1,Excalibur 5,SFL4
507,Mon,22,Jan,2024,6,23,26,27,34,2,3600000,1,Excalibur 5,SFL4
506,Thu,18,Jan,2024,9,15,22,40,44,5,3600000,0,Excalibur 4,SFL6
505,Mon,15,Jan,2024,4,14,21,35,36,5,3600000,0,Excalibur 4,SFL6
504,Thu,11,Jan,2024,15,16,23,35,42,1,3600000,0,Excalibur 4,SFL5
503,Mon,8,Jan,2024,19,31,37,39,40,4,3600000,1,Excalibur 4,SFL5
502,Thu,4,Jan,2024,12,14,26,39,46,4,3600000,0,Excalibur 5,SFL4
501,Mon,1,Jan,2024,1,20,26,36,38,6,3600000,0,Excalibur 5,SFL4
500,Thu,28,Dec,2023,13,14,35,36,41,9,3600000,1,Excalibur 5,SFL3
499,Mon,25,Dec,2023,2,15,21,41,47,2,3600000,0,Excalibur 5,SFL2
498,Thu,21,Dec,2023,4,8,17,18,21,6,3600000,0,Excalibur 5,SFL1
497,Mon,18,Dec,2023,1,13,18,32,47,1,3600000,0,Excalibur 5,SFL1
496,Thu,14,Dec,2023,12,13,16,21,44,10,3600000,0,Excalibur 5,SFL3
495,Mon,11,Dec,2023,12,14,20,28,41,9,3600000,0,Excalibur 2,SFL3
494,Thu,7,Dec,2023,2,3,37,39,45,1,3600000,0,Excalibur 1,SFL2
493,Mon,4,Dec,2023,4,11,16,46,47,1,3600000,0,Excalibur 1,SFL2
492,Thu,30,Nov,2023,5,40,42,43,46,4,3600000,0,Excalibur 1,SFL1
491,Mon,27,Nov,2023,10,12,35,37,47,1,3600000,1,Excalibur 1,SFL1
490,Thu,23,Nov,2023,10,14,19,35,41,1,3600000,0,Excalibur 3,SFL3
489,Mon,20,Nov,2023,6,9,11,22,46,5,3600000,1,Excalibur 3,SFL3
488,Thu,16,Nov,2023,12,18,30,40,41,8,3600000,0,Excalibur 3,SFL2
487,Mon,13,Nov,2023,3,11,33,38,45,10,3600000,0,Excalibur 3,SFL2
486,Thu,9,Nov,2023,9,11,27,36,47,9,3600000,0,Excalibur 2,SFL1
485,Mon,6,Nov,2023,2,5,11,15,27,10,3600000,0,Excalibur 2,SFL9
484,Thu,2,Nov,2023,12,20,41,42,46,8,3600000,1,Excalibur 2,SFL8
483,Mon,30,Oct,2023,6,12,13,18,19,7,3600000,0,Excalibur 2,SFL7
482,Thu,26,Oct,2023,2,11,23,43,46,10,3600000,0,Excalibur 2,SFL9
481,Mon,23,Oct,2023,11,30,34,35,38,1,3600000,1,Excalibur 2,SFL9
480,Thu,19,Oct,2023,12,14,38,41,44,5,3600000,1,Excalibur 2,SFL8
479,Mon,16,Oct,2023,13,30,33,35,43,6,3600000,0,Excalibur 2,SFL8
478,Thu,12,Oct,2023,9,19,41,44,46,4,3600000,1,Excalibur 3,SFL7
477,Mon,9,Oct,2023,6,11,29,40,44,5,3600000,0,Excalibur 3,SFL7
476,Thu,5,Oct,2023,5,6,18,39,45,3,3600000,0,Excalibur 3,SFL9
475,Mon,2,Oct,2023,1,7,14,15,26,2,3600000,0,Excalibur 3,SFL9
474,Thu,28,Sep,2023,18,23,28,29,37,3,3600000,0,Excalibur 2,SFL8
473,Mon,25,Sep,2023,6,12,13,15,41,9,3600000,0,Excalibur 2,SFL8
472,Thu,21,Sep,2023,7,17,23,24,40,1,3600000,0,Excalibur 2,SFL7
471,Mon,18,Sep,2023,1,3,11,28,43,9,3600000,0,Excalibur 2,SFL7
470,Thu,14,Sep,2023,8,27,33,34,44,5,3600000,0,Excalibur 3,SFL6
469,Mon,11,Sep,2023,4,5,14,24,35,3,3600000,1,Excalibur 3,SFL5
468,Thu,7,Sep,2023,3,9,21,26,42,6,3600000,0,Excalibur 3,SFL4
467,Mon,4,Sep,2023,14,30,31,44,47,8,3600000,0,Excalibur 3,SFL4
466,Thu,31,Aug,2023,1,14,25,32,43,7,3600000,0,Excalibur 2,SFL6
465,Mon,28,Aug,2023,2,30,36,39,45,7,3600000,0,Excalibur 2,SFL6
464,Thu,24,Aug,2023,5,6,29,30,40,3,3600000,0,Excalibur 2,SFL5
463,Mon,21,Aug,2023,11,15,21,33,43,6,3600000,0,Excalibur 2,SFL5
462,Thu,17,Aug,2023,2,3,26,33,36,2,3600000,0,Excalibur 3,SFL4
461,Mon,14,Aug,2023,8,15,17,31,41,6,3600000,0,Excalibur 3,SFL4
460,Thu,10,Aug,2023,2,12,14,23,33,4,3600000,0,Excalibur 3,SFL6
459,Mon,7,Aug,2023,1,4,9,40,46,9,3600000,0,Excalibur 3,SFL6
458,Thu,3,Aug,2023,2,11,17,30,38,3,3600000,1,Excalibur 3,SFL5
457,Mon,31,Jul,2023,20,29,30,37,38,3,3600000,0,Excalibur 2,SFL5
456,Thu,27,Jul,2023,6,11,12,20,29,3,3600000,0,Excalibur 2,SFL4
455,Mon,24,Jul,2023,14,21,41,43,47,3,3600000,0,Excalibur 2,SFL3
454,Thu,20,Jul,2023,28,31,37,40,47,3,3600000,0,Excalibur 3,SFL2
453,Mon,17,Jul,2023,9,19,20,29,37,4,3600000,1,Excalibur 3,SFL1
452,Thu,13,Jul,2023,7,9,11,39,40,1,3600000,0,Excalibur 3,SFL3
451,Mon,10,Jul,2023,1,18,23,35,47,1,3600000,0,Excalibur 3,SFL3
450,Thu,6,Jul,2023,1,10,17,18,42,7,3600000,0,Excalibur 2,SFL2
449,Mon,3,Jul,2023,9,10,29,30,39,10,3600000,0,Excalibur 2,SFL2
448,Thu,29,Jun,2023,18,33,38,39,47,5,3600000,0,Excalibur 2,SFL1
447,Mon,26,Jun,2023,3,30,33,36,44,6,3600000,0,Excalibur 2,SFL1
446,Thu,22,Jun,2023,10,11,31,42,43,4,3600000,0,Excalibur 3,SFL3
445,Mon,19,Jun,2023,7,19,21,22,41,6,3600000,0,Excalibur 3,SFL3
444,Thu,15,Jun,2023,3,13,35,37,46,7,3600000,0,Excalibur 3,SFL2
443,Mon,12,Jun,2023,13,16,24,35,36,3,3600000,0,Excalibur 3,SFL2
442,Thu,8,Jun,2023,6,13,17,37,44,3,3600000,0,Excalibur 2,SFL1
441,Mon,5,Jun,2023,2,5,21,34,35,6,3600000,1,Excalibur 2,SFL1
440,Thu,1,Jun,2023,11,19,31,34,44,3,3600000,0,Excalibur 5,SFL9
439,Mon,29,May,2023,4,11,14,41,45,2,3600000,0,Excalibur 5,SFL8
438,Thu,25,May,2023,8,14,16,32,37,4,3600000,0,Excalibur 6,SFL7
437,Mon,22,May,2023,17,26,33,44,46,3,3600000,0,Excalibur 6,SFL7
436,Thu,18,May,2023,10,32,36,39,43,2,3600000,1,Excalibur 6,SFL9
435,Mon,15,May,2023,3,23,25,33,36,1,3600000,0,Excalibur 6,SFL9
434,Thu,11,May,2023,16,19,22,31,45,1,3600000,0,Excalibur 5,SFL8
433,Mon,8,May,2023,7,12,13,21,26,4,3600000,0,Excalibur 5,SFL8
432,Thu,4,May,2023,13,15,16,35,37,10,3600000,0,Excalibur 5,SFL7
431,Mon,1,May,2023,11,22,24,37,43,9,3600000,0,Excalibur 5,SFL7
430,Thu,27,Apr,2023,11,18,29,38,44,9,3600000,0,Excalibur 6,SFL9
429,Mon,24,Apr,2023,4,8,10,38,43,3,3600000,0,Excalibur 6,SFL9
428,Thu,20,Apr,2023,10,28,29,42,46,5,3600000,1,Excalibur 6,SFL8
427,Mon,17,Apr,2023,5,15,23,26,44,8,3600000,0,Excalibur 6,SFL8
426,Thu,13,Apr,2023,7,8,14,17,45,2,3600000,0,Excalibur 5,SFL7
425,Mon,10,Apr,2023,5,23,26,27,43,7,3600000,0,Excalibur 5,SFL6
424,Thu,6,Apr,2023,16,21,41,43,46,7,3600000,0,Excalibur 5,SFL5
423,Mon,3,Apr,2023,3,4,6,36,39,7,3600000,0,Excalibur 5,SFL4
422,Thu,30,Mar,2023,4,24,25,30,33,7,3600000,0,Excalibur 6,SFL6
421,Mon,27,Mar,2023,6,16,20,44,47,9,3600000,0,Excalibur 6,SFL6
420,Thu,23,Mar,2023,2,11,17,26,27,3,3600000,0,Excalibur 6,SFL5
419,Mon,20,Mar,2023,3,24,30,35,44,9,3600000,0,Excalibur 6,SFL5
418,Thu,16,Mar,2023,1,7,25,31,40,2,3600000,0,Excalibur 5,SFL4
417,Mon,13,Mar,2023,3,15,17,18,33,9,3600000,0,Excalibur 5,SFL4
416,Thu,9,Mar,2023,9,16,27,39,46,6,3600000,0,Excalibur 5,SFL6
415,Mon,6,Mar,2023,3,20,24,42,45,1,3600000,0,Excalibur 5,SFL6
414,Thu,2,Mar,2023,9,26,38,40,43,1,3600000,0,Excalibur 6,SFL5
413,Mon,27,Feb,2023,23,28,34,45,46,1,3600000,0,Excalibur 6,SFL5
412,Thu,23,Feb,2023,1,6,29,30,40,4,3600000,0,Excalibur 6,SFL4
411,Mon,20,Feb,2023,12,17,22,31,38,3,3600000,0,Excalibur 6,SFL4
410,Thu,16,Feb,2023,2,10,25,28,30,2,3600000,0,Excalibur 5,SFL3
409,Mon,13,Feb,2023,4,6,9,17,18,3,3600000,0,Excalibur 5,SFL2
408,Thu,9,Feb,2023,4,16,17,21,34,6,3600000,0,Excalibur 5,SFL1
407,Mon,6,Feb,2023,14,18,22,32,44,1,3600000,0,Excalibur 6,SFL1
406,Thu,2,Feb,2023,5,9,10,25,41,7,3600000,1,Excalibur 6,SFL3
405,Mon,30,Jan,2023,15,16,19,22,25,6,3600000,0,Excalibur 6,SFL3
404,Thu,26,Jan,2023,2,13,28,30,34,4,3600000,0,Excalibur 6,SFL2
403,Mon,23,Jan,2023,4,10,13,21,30,10,3600000,0,Excalibur 6,SFL2
402,Thu,19,Jan,2023,15,30,40,42,47,8,3600000,0,Excalibur 5,SFL1
401,Mon,16,Jan,2023,10,23,32,36,40,10,3600000,0,Excalibur 5,SFL1
400,Thu,12,Jan,2023,23,24,25,30,31,9,3600000,0,Excalibur 5,SFL3
399,Mon,9,Jan,2023,7,16,24,29,31,3,3600000,1,Excalibur 5,SFL3
398,Thu,5,Jan,2023,3,29,36,40,42,6,3600000,0,Excalibur 6,SFL2
397,Mon,2,Jan,2023,3,4,7,15,26,6,3600000,0,Excalibur 6,SFL2
396,Thu,29,Dec,2022,16,27,39,40,42,7,3600000,0,Excalibur 6,SFL1
395,Mon,26,Dec,2022,3,5,7,16,21,6,3600000,1,Excalibur 6,SFL9
394,Thu,22,Dec,2022,14,27,28,40,43,8,3600000,0,Excalibur 6,SFL8
393,Mon,19,Dec,2022,1,9,12,36,41,5,3600000,0,Excalibur 5,SFL7
392,Thu,15,Dec,2022,6,9,12,30,46,5,3600000,0,Excalibur 5,SFL9
391,Mon,12,Dec,2022,8,19,26,32,37,10,3600000,0,Excalibur 5,SFL9
390,Thu,8,Dec,2022,1,3,21,38,42,2,3600000,1,Excalibur 3,SFL8
389,Mon,5,Dec,2022,19,23,31,34,43,8,3600000,0,Excalibur 3,SFL8
388,Thu,1,Dec,2022,12,34,40,42,47,2,3600000,0,Excalibur 3,SFL7
387,Mon,28,Nov,2022,2,12,17,19,21,4,3600000,0,Excalibur 3,SFL7
386,Thu,24,Nov,2022,1,10,14,32,40,7,3600000,0,Excalibur 3,SFL9
385,Mon,21,Nov,2022,3,12,18,31,33,3,3600000,0,Excalibur 2,SFL9
384,Thu,17,Nov,2022,13,21,22,25,37,2,3600000,0,Excalibur 2,SFL8
383,Mon,14,Nov,2022,9,20,21,37,40,8,3600000,0,Excalibur 2,SFL8
382,Thu,10,Nov,2022,4,27,29,31,40,1,3600000,1,Excalibur 3,SFL7
381,Mon,7,Nov,2022,10,12,13,21,42,5,3600000,0,Excalibur 3,SFL7
380,Thu,3,Nov,2022,2,5,24,29,37,3,3600000,1,Excalibur 3,SFL6
379,Mon,31,Oct,2022,3,5,13,17,24,7,3600000,2,Excalibur 3,SFL5
378,Thu,27,Oct,2022,15,23,25,35,36,7,3600000,0,Excalibur 2,SFL4
377,Mon,24,Oct,2022,8,15,20,35,38,1,3600000,0,Excalibur 2,SFL4
376,Thu,20,Oct,2022,3,8,13,29,36,1,3600000,1,Excalibur 2,SFL6
375,Mon,17,Oct,2022,19,25,32,33,46,5,3600000,0,Excalibur 2,SFL6
374,Thu,13,Oct,2022,6,15,34,42,46,8,3600000,0,Excalibur 3,SFL5
373,Mon,10,Oct,2022,8,9,16,21,37,1,3600000,0,Excalibur 3,SFL5
372,Thu,6,Oct,2022,3,4,24,40,45,6,3600000,0,Excalibur 3,SFL4
371,Mon,3,Oct,2022,1,13,17,37,44,4,3600000,1,Excalibur 3,SFL4
370,Thu,29,Sep,2022,8,11,16,26,47,7,3600000,0,Excalibur 2,SFL6
369,Mon,26,Sep,2022,11,21,25,28,39,6,3600000,0,Excalibur 2,SFL6
368,Thu,22,Sep,2022,8,11,36,39,40,1,3600000,0,Excalibur 2,SFL5
367,Mon,19,Sep,2022,9,25,34,37,47,2,3600000,0,Excalibur 2,SFL5
366,Thu,15,Sep,2022,3,13,20,23,38,4,3600000,1,Excalibur 3,SFL4
365,Mon,12,Sep,2022,10,13,14,21,46,7,3600000,0,Excalibur 3,SFL3
364,Thu,8,Sep,2022,2,7,31,42,44,3,3600000,0,Excalibur 3,SFL2
363,Mon,5,Sep,2022,6,14,20,29,33,5,3600000,0,Excalibur 3,SFL1
362,Thu,1,Sep,2022,11,18,25,34,38,3,3600000,1,Excalibur 2,SFL3
361,Mon,29,Aug,2022,3,8,14,31,47,8,3600000,0,Excalibur 2,SFL3
360,Thu,25,Aug,2022,1,3,21,27,34,7,3600000,0,Excalibur 2,SFL2
359,Mon,22,Aug,2022,21,28,33,38,47,1,3600000,0,Excalibur 2,SFL2
358,Thu,18,Aug,2022,8,17,20,35,40,1,3600000,0,Excalibur 3,SFL1
357,Mon,15,Aug,2022,8,10,18,21,40,9,3600000,0,Excalibur 3,SFL1
356,Thu,11,Aug,2022,1,12,13,26,40,7,3600000,0,Excalibur 3,SFL3
355,Mon,8,Aug,2022,10,15,22,23,41,7,3600000,0,Excalibur 3,SFL3
354,Thu,4,Aug,2022,5,15,43,44,47,3,3600000,0,Excalibur 2,SFL2
353,Mon,1,Aug,2022,7,11,19,31,47,9,3600000,2,Excalibur 2,SFL2
352,Thu,28,Jul,2022,3,6,15,26,33,6,3600000,0,Excalibur 2,SFL1
351,Mon,25,Jul,2022,7,20,26,33,39,10,3600000,0,Excalibur 2,SFL1
350,Thu,21,Jul,2022,8,24,26,37,43,10,3600000,0,Excalibur 3,SFL9
349,Mon,18,Jul,2022,2,4,9,34,47,2,3600000,0,Excalibur 3,SFL8
348,Thu,14,Jul,2022,4,5,14,16,38,7,3600000,0,Excalibur 3,SFL7
347,Mon,11,Jul,2022,8,18,23,24,43,10,3600000,0,Excalibur 3,SFL7
346,Thu,7,Jul,2022,1,5,22,35,39,3,3600000,0,Excalibur 2,SFL9
345,Mon,4,Jul,2022,5,7,10,21,38,4,3600000,0,Excalibur 2,SFL9
344,Thu,30,Jun,2022,18,22,29,42,44,2,3600000,0,Excalibur 2,SFL8
343,Mon,27,Jun,2022,14,16,25,27,37,9,3600000,0,Excalibur 2,SFL8
342,Thu,23,Jun,2022,1,6,9,33,38,6,3600000,0,Excalibur 3,SFL7
341,Mon,20,Jun,2022,1,3,40,44,47,6,3600000,0,Excalibur 3,SFL7
340,Thu,16,Jun,2022,10,17,18,32,39,10,3600000,0,Excalibur 3,SFL9
339,Mon,13,Jun,2022,1,7,11,43,47,1,3600000,0,Excalibur 3,SFL9
338,Thu,9,Jun,2022,10,21,23,29,35,4,3600000,0,Excalibur 2,SFL8
337,Mon,6,Jun,2022,9,17,32,41,45,2,3600000,0,Excalibur 2,SFL8
336,Thu,2,Jun,2022,18,29,31,33,47,8,3600000,0,Excalibur 2,SFL7
335,Mon,30,May,2022,8,16,37,43,45,1,3600000,0,Excalibur 6,SFL6
334,Thu,26,May,2022,2,3,34,39,46,7,3600000,0,Excalibur 6,SFL5
333,Mon,23,May,2022,2,6,21,24,25,5,3600000,0,Excalibur 5,SFL4
332,Thu,19,May,2022,22,24,27,33,38,1,3600000,0,Excalibur 6,SFL6
331,Mon,16,May,2022,6,13,17,20,43,9,3600000,0,Excalibur 6,SFL6
330,Thu,12,May,2022,3,13,15,19,36,7,3600000,0,Excalibur 6,SFL5
329,Mon,9,May,2022,6,7,9,31,38,2,3600000,0,Excalibur 6,SFL5
328,Thu,5,May,2022,16,23,29,36,38,6,3600000,0,Excalibur 5,SFL4
327,Mon,2,May,2022,3,27,31,44,46,6,3600000,0,Excalibur 5,SFL4
326,Thu,28,Apr,2022,5,13,21,42,47,6,3600000,0,Excalibur 5,SFL6
325,Mon,25,Apr,2022,8,15,31,37,40,7,3600000,0,Excalibur 5,SFL6
324,Thu,21,Apr,2022,6,25,30,36,46,8,3600000,0,Excalibur 6,SFL5
323,Mon,18,Apr,2022,7,9,12,31,43,7,3600000,0,Excalibur 6,SFL5
322,Thu,14,Apr,2022,11,17,28,34,42,9,3600000,0,Excalibur 6,SFL4
321,Mon,11,Apr,2022,3,11,25,42,47,8,3600000,1,Excalibur 6,SFL4
320,Thu,7,Apr,2022,8,11,19,31,33,7,3600000,0,Excalibur 5,SFL3
319,Mon,4,Apr,2022,7,34,38,44,46,9,3600000,0,Excalibur 5,SFL2
318,Thu,31,Mar,2022,14,23,33,38,39,7,3600000,0,Excalibur 5,SFL1
317,Mon,28,Mar,2022,29,32,42,44,46,3,3600000,0,Excalibur 5,SFL1
316,Thu,24,Mar,2022,34,36,38,41,46,1,3600000,0,Excalibur 6,SFL3
315,Mon,21,Mar,2022,3,8,23,30,32,3,3600000,0,Excalibur 6,SFL3
314,Thu,17,Mar,2022,18,25,30,42,44,5,3600000,0,Excalibur 6,SFL2
313,Mon,14,Mar,2022,4,5,10,40,44,4,3600000,0,Excalibur 6,SFL2
312,Thu,10,Mar,2022,7,10,19,27,32,2,3600000,0,Excalibur 5,SFL1
311,Mon,7,Mar,2022,23,29,37,38,46,8,3600000,0,Excalibur 5,SFL1
310,Thu,3,Mar,2022,18,26,29,41,42,2,3600000,0,Excalibur 5,SFL3
309,Mon,28,Feb,2022,4,15,24,31,33,9,3600000,0,Excalibur 5,SFL3
308,Thu,24,Feb,2022,5,6,25,31,40,7,3600000,0,Excalibur 6,SFL2
307,Mon,21,Feb,2022,11,13,16,21,46,3,3600000,0,Excalibur 6,SFL2
306,Thu,17,Feb,2022,5,15,24,40,43,4,3600000,0,Excalibur 6,SFL1
305,Mon,14,Feb,2022,3,9,14,27,38,4,3600000,1,Excalibur 6,SFL9
304,Thu,10,Feb,2022,4,9,31,32,42,1,3600000,0,Excalibur 5,SFL8
303,Mon,7,Feb,2022,5,31,34,36,47,1,3600000,1,Excalibur 5,SFL7
302,Thu,3,Feb,2022,6,16,22,44,47,5,3600000,0,Excalibur 5,SFL9
301,Mon,31,Jan,2022,3,4,7,29,34,8,3600000,0,Excalibur 5,SFL9
300,Thu,27,Jan,2022,15,19,26,40,42,7,3600000,0,Excalibur 2,SFL8
299,Mon,24,Jan,2022,14,18,28,29,38,7,3600000,1,Excalibur 2,SFL8
298,Thu,20,Jan,2022,7,22,24,25,40,2,3600000,0,Excalibur 3,SFL7
297,Mon,17,Jan,2022,4,5,11,27,35,7,3600000,0,Excalibur 3,SFL7
296,Thu,13,Jan,2022,5,16,17,21,43,3,3600000,0,Excalibur 3,SFL9
295,Mon,10,Jan,2022,8,13,15,35,47,9,3600000,0,Excalibur 3,SFL9
294,Thu,6,Jan,2022,9,27,34,40,45,6,3600000,0,Excalibur 2,SFL8
293,Mon,3,Jan,2022,15,22,26,37,47,10,3600000,0,Excalibur 2,SFL8
292,Thu,30,Dec,2021,20,27,38,40,41,6,3600000,1,Excalibur 2,SFL7
291,Mon,27,Dec,2021,32,33,35,44,47,3,3600000,0,Excalibur 2,SFL7
290,Thu,23,Dec,2021,19,22,33,42,44,3,3600000,0,Excalibur 3,SFL6
289,Mon,20,Dec,2021,24,27,40,46,47,5,3600000,0,Excalibur 3,SFL5
288,Thu,16,Dec,2021,4,25,28,39,40,7,3600000,0,Excalibur 3,SFL4
287,Mon,13,Dec,2021,7,19,20,27,32,4,3600000,0,Excalibur 3,SFL4
286,Thu,9,Dec,2021,12,24,29,37,47,2,3600000,0,Excalibur 2,SFL6
285,Mon,6,Dec,2021,16,18,21,22,45,1,3600000,0,Excalibur 2,SFL6
284,Thu,2,Dec,2021,3,29,32,38,43,4,3600000,0,Excalibur 2,SFL5
283,Mon,29,Nov,2021,2,14,18,34,40,5,3600000,0,Excalibur 2,SFL5
282,Thu,25,Nov,2021,2,13,21,26,34,3,3600000,0,Excalibur 3,SFL4
281,Mon,22,Nov,2021,3,14,26,30,39,3,3600000,0,Excalibur 3,SFL4
280,Thu,18,Nov,2021,18,28,39,42,45,5,3600000,0,Excalibur 3,SFL6
279,Mon,15,Nov,2021,13,21,28,32,36,2,3600000,0,Excalibur 3,SFL6
278,Thu,11,Nov,2021,18,19,23,35,36,1,3600000,0,Excalibur 2,SFL5
277,Mon,8,Nov,2021,3,7,19,24,35,3,3600000,0,Excalibur 2,SFL5
276,Thu,4,Nov,2021,4,8,11,26,34,3,3600000,1,Excalibur 2,SFL4
275,Mon,1,Nov,2021,2,22,30,38,42,4,3600000,0,Excalibur 2,SFL3
274,Thu,28,Oct,2021,3,9,21,29,45,7,3600000,0,Excalibur 3,SFL2
273,Mon,25,Oct,2021,15,31,36,43,45,2,3600000,0,Excalibur 3,SFL1
272,Thu,21,Oct,2021,2,3,4,12,29,8,3600000,0,Excalibur 3,SFL3
271,Mon,18,Oct,2021,4,7,22,34,44,5,3600000,0,Excalibur 3,SFL3
270,Thu,14,Oct,2021,2,8,24,38,41,10,3600000,0,Excalibur 2,SFL2
269,Mon,11,Oct,2021,9,16,21,40,44,6,3600000,0,Excalibur 2,SFL2
268,Thu,7,Oct,2021,12,13,23,27,33,9,3600000,0,Excalibur 2,SFL1
267,Mon,4,Oct,2021,11,14,24,33,36,9,3600000,0,Excalibur 3,SFL1
266,Thu,30,Sep,2021,5,10,20,21,24,8,3600000,0,Excalibur 3,SFL3
265,Mon,27,Sep,2021,26,30,32,40,44,1,3600000,0,Excalibur 3,SFL3
264,Thu,23,Sep,2021,4,27,38,43,45,3,3600000,0,Excalibur 3,SFL2
263,Mon,20,Sep,2021,6,17,25,26,39,2,3600000,0,Excalibur 3,SFL2
262,Thu,16,Sep,2021,13,15,23,37,44,9,3600000,0,Excalibur 2,SFL1
261,Mon,13,Sep,2021,15,16,19,34,44,9,3600000,0,Excalibur 2,SFL1
260,Thu,9,Sep,2021,1,2,21,25,29,1,3600000,1,Excalibur 2,SFL9
259,Mon,6,Sep,2021,15,20,28,33,34,9,3600000,0,Excalibur 3,SFL8
258,Thu,2,Sep,2021,2,3,16,24,38,3,3600000,0,Excalibur 3,SFL7
257,Mon,30,Aug,2021,20,29,33,43,45,1,3600000,0,Excalibur 3,SFL7
256,Thu,26,Aug,2021,17,19,25,30,40,5,3600000,0,Excalibur 2,SFL9
255,Mon,23,Aug,2021,6,16,19,34,37,6,3600000,0,Excalibur 2,SFL9
254,Thu,19,Aug,2021,8,31,39,42,47,10,3600000,1,Excalibur 2,SFL8
253,Mon,16,Aug,2021,8,13,19,31,46,6,3600000,0,Excalibur 2,SFL8
252,Thu,12,Aug,2021,11,18,22,42,43,1,3600000,0,Excalibur 6,SFL7
251,Mon,9,Aug,2021,9,13,14,23,34,3,3600000,0,Excalibur 6,SFL7
250,Thu,5,Aug,2021,12,24,26,35,45,10,3600000,0,Excalibur 6,SFL9
249,Mon,2,Aug,2021,6,8,9,37,39,8,3600000,0,Excalibur 6,SFL9
248,Thu,29,Jul,2021,8,32,37,40,45,3,3600000,0,Excalibur 5,SFL8
247,Mon,26,Jul,2021,2,10,26,38,45,7,3600000,0,Excalibur 5,SFL8
246,Thu,22,Jul,2021,5,14,37,40,43,7,3600000,1,Excalibur 5,SFL7
245,Mon,19,Jul,2021,8,9,36,44,46,4,3600000,0,Excalibur 5,SFL6
244,Thu,15,Jul,2021,7,8,11,27,42,5,3600000,0,Excalibur 6,SFL5
243,Mon,12,Jul,2021,12,17,31,35,39,7,3600000,0,Excalibur 6,SFL4
242,Thu,8,Jul,2021,8,20,28,33,47,6,3600000,0,Excalibur 6,SFL6
241,Mon,5,Jul,2021,17,22,36,40,41,6,3600000,0,Excalibur 6,SFL6
240,Thu,1,Jul,2021,7,10,20,33,39,3,3600000,0,Excalibur 5,SFL5
239,Mon,28,Jun,2021,1,9,15,22,34,1,3600000,0,Excalibur 5,SFL5
238,Thu,24,Jun,2021,1,26,31,32,41,5,3600000,0,Excalibur 5,SFL4
237,Mon,21,Jun,2021,5,13,20,29,37,5,3600000,0,Excalibur 5,SFL4
236,Thu,17,Jun,2021,7,20,27,28,29,2,3600000,0,Excalibur 6,SFL6
235,Mon,14,Jun,2021,6,13,19,20,36,9,3600000,0,Excalibur 6,SFL6
234,Thu,10,Jun,2021,1,18,22,36,37,9,3600000,0,Excalibur 6,SFL5
233,Mon,7,Jun,2021,8,17,19,27,43,4,3600000,1,Excalibur 6,SFL5
232,Thu,3,Jun,2021,8,26,39,40,45,8,3600000,0,Excalibur 5,SFL4
231,Mon,31,May,2021,15,19,20,36,43,4,3600000,0,Excalibur 5,SFL4
230,Thu,27,May,2021,1,7,11,32,36,7,3600000,0,Excalibur 5,SFL3
229,Mon,24,May,2021,8,18,20,29,40,6,3600000,0,Excalibur 5,SFL2
228,Thu,20,May,2021,4,5,18,19,27,4,3600000,1,Excalibur 6,SFL1
227,Mon,17,May,2021,10,17,23,39,41,4,3600000,0,Excalibur 6,SFL1
226,Thu,13,May,2021,12,30,40,42,47,9,3600000,0,Excalibur 6,SFL3
225,Mon,10,May,2021,13,18,21,26,47,4,3600000,0,Excalibur 6,SFL3
224,Thu,6,May,2021,2,7,25,40,46,4,3600000,1,Excalibur 5,SFL2
223,Mon,3,May,2021,1,8,12,22,32,10,3600000,0,Excalibur 5,SFL2
222,Thu,29,Apr,2021,13,14,21,23,40,6,3600000,1,Excalibur 5,SFL1
221,Mon,26,Apr,2021,8,12,13,21,25,5,3600000,0,Excalibur 5,SFL1
220,Thu,22,Apr,2021,14,30,36,41,42,6,3600000,0,Excalibur 6,SFL3
219,Mon,19,Apr,2021,1,10,11,16,46,6,3600000,0,Excalibur 6,SFL3
218,Thu,15,Apr,2021,2,17,24,26,46,7,3600000,1,Excalibur 6,SFL2
217,Mon,12,Apr,2021,6,26,32,38,44,7,3600000,0,Excalibur 6,SFL2
216,Thu,8,Apr,2021,19,21,24,32,42,6,3600000,0,Excalibur 5,SFL1
215,Mon,5,Apr,2021,13,28,29,30,34,2,3600000,0,Excalibur 5,SFL9
214,Thu,1,Apr,2021,12,26,31,32,35,6,3600000,0,Excalibur 5,SFL8
213,Mon,29,Mar,2021,17,28,39,42,43,8,3600000,0,Excalibur 5,SFL7
212,Thu,25,Mar,2021,10,13,28,30,38,1,3600000,1,Excalibur 6,SFL9
211,Mon,22,Mar,2021,8,19,29,34,35,9,3600000,0,Excalibur 6,SFL9
210,Thu,18,Mar,2021,5,25,43,44,47,8,3600000,0,Excalibur 6,SFL8
209,Mon,15,Mar,2021,9,11,29,39,44,6,3600000,0,Excalibur 6,SFL8
208,Thu,11,Mar,2021,3,11,20,21,26,8,3600000,0,Excalibur 5,SFL7
207,Mon,8,Mar,2021,2,16,28,32,45,10,3600000,0,Excalibur 5,SFL7
206,Thu,4,Mar,2021,4,8,18,28,44,8,3600000,1,Excalibur 5,SFL9
205,Mon,1,Mar,2021,9,14,19,35,37,6,3600000,1,Excalibur 5,SFL9
204,Thu,25,Feb,2021,2,12,16,19,23,4,3600000,0,Excalibur 6,SFL8
203,Mon,22,Feb,2021,4,7,16,20,42,9,3600000,0,Excalibur 6,SFL8
202,Thu,18,Feb,2021,7,19,28,38,39,5,3600000,0,Excalibur 6,SFL7
201,Mon,15,Feb,2021,22,23,25,32,44,3,3600000,0,Excalibur 6,SFL7
200,Thu,11,Feb,2021,27,29,37,41,42,7,3600000,0,Excalibur 5,SFL6
199,Mon,8,Feb,2021,4,10,14,17,30,2,3600000,0,Excalibur 5,SFL5
198,Thu,4,Feb,2021,4,5,7,26,39,6,3600000,0,Excalibur 5,SFL4
197,Mon,1,Feb,2021,20,23,30,31,42,10,3600000,0,Excalibur 5,SFL4
196,Thu,28,Jan,2021,5,13,20,34,35,10,3600000,0,Excalibur 6,SFL6
195,Mon,25,Jan,2021,6,17,36,45,47,7,3600000,0,Excalibur 6,SFL6
194,Thu,21,Jan,2021,24,27,28,35,40,8,3600000,0,Excalibur 6,SFL5
193,Mon,18,Jan,2021,13,22,34,35,46,6,3600000,1,Excalibur 6,SFL5
192,Thu,14,Jan,2021,2,8,9,25,43,4,3600000,0,Excalibur 5,SFL4
191,Mon,11,Jan,2021,4,20,32,34,44,9,3600000,0,Excalibur 5,SFL4
190,Thu,7,Jan,2021,16,26,35,36,39,7,3600000,0,Excalibur 5,SFL6
189,Mon,4,Jan,2021,19,29,35,42,46,8,3600000,0,Excalibur 5,SFL6
188,Thu,31,Dec,2020,15,26,33,34,44,2,3600000,1,Excalibur 6,SFL5
187,Mon,28,Dec,2020,2,4,22,37,45,10,3600000,1,Excalibur 6,SFL5
186,Thu,24,Dec,2020,3,13,14,36,38,7,3600000,0,Excalibur 6,SFL4
185,Mon,21,Dec,2020,10,13,14,40,43,3,3600000,0,Excalibur 6,SFL3
184,Thu,17,Dec,2020,12,22,25,37,39,3,3600000,1,Excalibur 5,SFL2
183,Mon,14,Dec,2020,5,9,18,34,43,6,3600000,0,Excalibur 5,SFL1
182,Thu,10,Dec,2020,25,33,35,39,41,5,3600000,0,Excalibur 5,SFL3
181,Mon,7,Dec,2020,3,11,14,21,44,8,3600000,0,Excalibur 5,SFL3
180,Thu,3,Dec,2020,9,22,25,38,41,9,3600000,2,Excalibur 3,SFL2
179,Mon,30,Nov,2020,11,18,20,42,47,10,3600000,1,Excalibur 3,SFL2
178,Thu,26,Nov,2020,2,7,20,38,46,2,3600000,0,Excalibur 3,SFL1
177,Mon,23,Nov,2020,3,10,15,29,30,1,3600000,0,Excalibur 3,SFL1
176,Thu,19,Nov,2020,1,3,15,18,29,9,3600000,0,Excalibur 2,SFL3
175,Mon,16,Nov,2020,13,17,21,38,39,6,3600000,0,Excalibur 2,SFL3
174,Thu,12,Nov,2020,2,12,20,22,26,10,3600000,0,Excalibur 2,SFL2
173,Mon,9,Nov,2020,23,26,29,37,43,6,3600000,0,Excalibur 2,SFL2
172,Thu,5,Nov,2020,7,11,18,19,22,10,3600000,1,Excalibur 3,SFL1
171,Mon,2,Nov,2020,3,16,41,42,44,2,3600000,0,Excalibur 3,SFL1
170,Thu,29,Oct,2020,17,26,27,38,45,8,3600000,0,Excalibur 3,SFL9
169,Mon,26,Oct,2020,17,29,32,33,38,3,3600000,0,Excalibur 3,SFL8
168,Thu,22,Oct,2020,2,6,15,21,43,10,3600000,0,Excalibur 2,SFL7
167,Mon,19,Oct,2020,21,31,32,40,42,7,3600000,0,Excalibur 2,SFL7
166,Thu,15,Oct,2020,5,10,12,13,16,10,3600000,0,Excalibur 2,SFL9
165,Mon,12,Oct,2020,6,9,10,22,30,10,3600000,0,Excalibur 2,SFL9
164,Thu,8,Oct,2020,13,29,33,35,37,9,3600000,0,Excalibur 3,SFL8
163,Mon,5,Oct,2020,21,34,39,41,45,1,3600000,0,Excalibur 3,SFL8
162,Thu,1,Oct,2020,1,8,9,20,45,7,3600000,0,Excalibur 3,SFL7
161,Mon,28,Sep,2020,6,23,38,41,42,1,3600000,0,Excalibur 3,SFL7
160,Thu,24,Sep,2020,3,8,17,22,36,5,3600000,1,Excalibur 2,SFL9
159,Mon,21,Sep,2020,3,7,26,37,41,1,3600000,0,Excalibur 2,SFL9
158,Thu,17,Sep,2020,3,7,17,34,44,3,3600000,1,Excalibur 2,SFL8
157,Mon,14,Sep,2020,12,19,22,25,42,6,3600000,0,Excalibur 2,SFL8
156,Thu,10,Sep,2020,6,7,21,38,39,5,3600000,0,Excalibur 3,SFL7
155,Mon,7,Sep,2020,26,32,35,40,44,8,3600000,0,Excalibur 3,SFL6
154,Thu,3,Sep,2020,8,10,26,31,32,3,3600000,0,Excalibur 3,SFL5
153,Mon,31,Aug,2020,1,10,26,35,39,7,3600000,0,Excalibur 3,SFL4
152,Thu,27,Aug,2020,13,16,19,24,29,7,3600000,0,Excalibur 2,SFL6
151,Mon,24,Aug,2020,10,24,25,41,42,6,3600000,1,Excalibur 2,SFL6
150,Thu,20,Aug,2020,4,5,17,27,36,2,3600000,0,Excalibur 2,SFL5
149,Mon,17,Aug,2020,6,18,24,34,37,6,3600000,0,Excalibur 2,SFL5
148,Thu,13,Aug,2020,33,35,37,45,47,5,3600000,0,Excalibur 3,SFL4
147,Mon,10,Aug,2020,1,10,14,21,26,7,3600000,0,Excalibur 3,SFL4
146,Thu,6,Aug,2020,2,22,36,42,43,9,3600000,0,Excalibur 3,SFL6
145,Mon,3,Aug,2020,15,16,33,36,45,1,3600000,1,Excalibur 3,SFL6
144,Thu,30,Jul,2020,7,13,17,27,32,4,3600000,0,Excalibur 2,SFL5
143,Mon,27,Jul,2020,6,10,20,27,36,1,3600000,0,Excalibur 2,SFL5
142,Thu,23,Jul,2020,5,21,33,36,40,9,3600000,0,Excalibur 3,SFL4
141,Mon,20,Jul,2020,7,12,17,32,45,5,3600000,0,Excalibur 2,SFL4
140,Thu,16,Jul,2020,18,29,33,38,43,9,3600000,0,Excalibur 3,SFL3
139,Mon,13,Jul,2020,4,10,18,19,45,10,3600000,0,Excalibur 3,SFL2
138,Thu,9,Jul,2020,11,16,26,39,44,8,3600000,0,Excalibur 3,SFL1
137,Mon,6,Jul,2020,5,12,17,21,30,2,3600000,0,Excalibur 3,SFL1
136,Thu,2,Jul,2020,11,12,24,29,33,5,3600000,0,Excalibur 2,SFL3
135,Mon,29,Jun,2020,20,26,29,33,37,3,3600000,0,Excalibur 2,SFL3
134,Thu,25,Jun,2020,3,16,18,20,45,8,3600000,0,Excalibur 2,SFL2
133,Mon,22,Jun,2020,16,25,28,35,38,8,3600000,0,Excalibur 2,SFL2
132,Thu,18,Jun,2020,6,8,28,32,44,9,3600000,0,Excalibur 3,SFL1
131,Mon,15,Jun,2020,4,15,21,23,42,2,3600000,1,Excalibur 3,SFL1
130,Thu,11,Jun,2020,5,6,15,22,32,9,3600000,0,Excalibur 3,SFL3
129,Mon,8,Jun,2020,3,12,16,22,47,5,3600000,0,Excalibur 3,SFL3
128,Thu,4,Jun,2020,8,9,27,28,47,6,3600000,0,Excalibur 5,SFL2
127,Mon,1,Jun,2020,4,30,32,34,38,9,3600000,0,Excalibur 5,SFL2
126,Thu,28,May,2020,3,5,13,23,31,5,3600000,0,Excalibur 5,SFL1
125,Mon,25,May,2020,1,3,24,42,44,7,3600000,0,Excalibur 5,SFL9
124,Thu,21,May,2020,3,4,19,45,46,1,3600000,0,Excalibur 6,SFL8
123,Mon,18,May,2020,6,17,23,43,45,5,3600000,0,Excalibur 6,SFL7
122,Thu,14,May,2020,12,15,36,38,41,6,3600000,0,Excalibur 6,SFL9
121,Mon,11,May,2020,24,25,26,31,45,6,3600000,0,Excalibur 6,SFL9
120,Thu,7,May,2020,7,14,27,39,44,6,3600000,0,Excalibur 5,SFL8
119,Mon,4,May,2020,19,27,31,37,43,1,3600000,0,Excalibur 5,SFL8
118,Thu,30,Apr,2020,11,37,39,41,46,6,3600000,0,Excalibur 5,SFL7
117,Mon,27,Apr,2020,9,16,17,21,28,1,3600000,0,Excalibur 5,SFL7
116,Thu,23,Apr,2020,2,6,25,32,46,6,3600000,0,Excalibur 6,SFL9
115,Mon,20,Apr,2020,2,5,7,19,42,7,3600000,3,Excalibur 6,SFL9
114,Thu,16,Apr,2020,11,18,20,31,35,7,3600000,0,Excalibur 6,SFL8
113,Mon,13,Apr,2020,1,21,23,29,41,1,3600000,0,Excalibur 6,SFL8
112,Thu,9,Apr,2020,13,15,23,27,37,10,3600000,0,Excalibur 5,SFL7
111,Mon,6,Apr,2020,11,23,31,39,42,1,3600000,0,Excalibur 5,SFL7
110,Thu,2,Apr,2020,8,9,17,35,46,8,3600000,1,Excalibur 5,SFL6
109,Mon,30,Mar,2020,2,3,4,36,41,5,3600000,0,Excalibur 5,SFL5
108,Thu,26,Mar,2020,4,7,11,24,29,8,3600000,0,Excalibur 6,SFL4
107,Mon,23,Mar,2020,21,28,35,37,42,7,3600000,0,Excalibur 6,SFL4
106,Thu,19,Mar,2020,2,19,32,39,47,7,3600000,0,Excalibur 6,SFL6
105,Mon,16,Mar,2020,2,4,15,20,38,2,3600000,0,Excalibur 6,SFL6
104,Thu,12,Mar,2020,7,12,15,39,42,2,3600000,0,Excalibur 5,SFL5
103,Mon,9,Mar,2020,4,8,25,37,38,9,3600000,0,Excalibur 5,SFL5
102,Thu,5,Mar,2020,16,24,29,31,46,2,3600000,0,Excalibur 5,SFL4
101,Mon,2,Mar,2020,8,28,39,45,47,9,3600000,0,Excalibur 5,SFL4
100,Thu,27,Feb,2020,2,19,29,31,40,10,3600000,0,Excalibur 6,SFL6
99,Mon,24,Feb,2020,1,19,22,35,40,10,3600000,0,Excalibur 6,SFL6
98,Thu,20,Feb,2020,8,19,21,38,42,4,3600000,0,Excalibur 6,SFL5
97,Mon,17,Feb,2020,1,12,34,37,41,8,3600000,0,Excalibur 6,SFL5
96,Thu,13,Feb,2020,6,17,23,26,29,7,3600000,0,Excalibur 5,SFL4
95,Mon,10,Feb,2020,1,19,25,43,46,9,3600000,0,Excalibur 5,SFL3
94,Thu,6,Feb,2020,1,9,16,17,21,1,3600000,0,Excalibur 5,SFL2
93,Mon,3,Feb,2020,9,14,40,42,43,4,3600000,0,Excalibur 5,SFL1
92,Thu,30,Jan,2020,4,10,33,36,40,2,3600000,0,Excalibur 6,SFL3
91,Mon,27,Jan,2020,8,14,16,19,25,5,3600000,0,Excalibur 6,SFL3
90,Thu,23,Jan,2020,7,9,27,34,42,5,3600000,0,Excalibur 6,SFL2
89,Mon,20,Jan,2020,4,10,16,30,36,10,3600000,0,Excalibur 6,SFL2
88,Thu,16,Jan,2020,8,15,29,30,47,10,3600000,1,Excalibur 5,SFL1
87,Mon,13,Jan,2020,7,18,24,32,35,1,3600000,0,Excalibur 5,SFL1
86,Thu,9,Jan,2020,3,11,39,44,46,10,3600000,0,Excalibur 5,SFL3
85,Mon,6,Jan,2020,10,15,16,22,39,2,3600000,1,Excalibur 5,SFL3
84,Thu,2,Jan,2020,1,6,13,32,41,4,3600000,0,Excalibur 5,SFL2
83,Mon,30,Dec,2019,8,18,21,23,44,4,3600000,0,Excalibur 6,SFL2
82,Thu,26,Dec,2019,10,24,30,32,41,9,3600000,0,Excalibur 6,SFL1
81,Mon,23,Dec,2019,14,18,28,33,35,2,3600000,0,Excalibur 6,SFL1
80,Thu,19,Dec,2019,13,18,26,37,38,1,3600000,1,Excalibur 5,SFL8
79,Mon,16,Dec,2019,8,10,16,23,39,8,3600000,0,Excalibur 5,SFL7
78,Thu,12,Dec,2019,12,14,31,37,39,2,3600000,0,Excalibur 5,SFL6
77,Mon,9,Dec,2019,3,11,13,34,43,8,3600000,0,Excalibur 5,SFL5
76,Thu,5,Dec,2019,4,7,11,22,47,5,3600000,0,Excalibur 2,SFL8
75,Mon,2,Dec,2019,8,20,22,33,34,6,3600000,0,Excalibur 2,SFL8
74,Thu,28,Nov,2019,17,21,30,32,38,6,3600000,0,Excalibur 3,SFL7
73,Mon,25,Nov,2019,2,7,17,22,26,7,3600000,0,Excalibur 3,SFL7
72,Thu,21,Nov,2019,14,19,20,21,39,5,3600000,0,Excalibur 3,SFL6
71,Mon,18,Nov,2019,6,18,23,33,40,10,3600000,0,Excalibur 3,SFL6
70,Thu,14,Nov,2019,5,6,19,38,47,6,3600000,0,Excalibur 2,SFL5
69,Mon,11,Nov,2019,23,32,38,40,47,9,3600000,0,Excalibur 2,SFL5
68,Thu,7,Nov,2019,11,15,16,21,38,9,3600000,0,Excalibur 2,SFL8
67,Mon,4,Nov,2019,10,26,32,43,45,10,3600000,0,Excalibur 2,SFL8
66,Thu,31,Oct,2019,28,30,32,35,45,8,3600000,0,Excalibur 3,SFL7
65,Mon,28,Oct,2019,5,25,31,34,41,4,3600000,0,Excalibur 3,SFL7
64,Thu,24,Oct,2019,4,12,17,28,36,7,3600000,1,Excalibur 3,SFL6
63,Mon,21,Oct,2019,7,16,24,28,29,9,3600000,0,Excalibur 3,SFL6
62,Thu,17,Oct,2019,8,14,18,29,46,10,3600000,0,Excalibur 2,SFL5
61,Mon,14,Oct,2019,2,5,15,21,23,2,3600000,0,Excalibur 2,SFL5
60,Thu,10,Oct,2019,2,5,9,27,37,10,3600000,0,Excalibur 2,SFL4
59,Mon,7,Oct,2019,17,25,29,33,41,2,3600000,0,Excalibur 2,SFL3
58,Thu,3,Oct,2019,6,11,32,43,45,10,3600000,0,Excalibur 3,SFL2
57,Mon,30,Sep,2019,4,6,20,29,34,1,3600000,0,Excalibur 3,SFL1
56,Thu,26,Sep,2019,10,19,20,26,42,3,3600000,0,Excalibur 3,SFL4
55,Mon,23,Sep,2019,1,19,26,28,42,3,3600000,0,Excalibur 3,SFL4
54,Thu,19,Sep,2019,21,22,38,39,42,4,3600000,0,Excalibur 2,SFL3
53,Mon,16,Sep,2019,5,9,16,32,41,10,3600000,0,Excalibur 2,SFL3
52,Thu,12,Sep,2019,10,28,33,36,37,9,3600000,0,Excalibur 2,SFL2
51,Mon,9,Sep,2019,9,15,21,23,26,7,3600000,1,Excalibur 2,SFL2
50,Thu,5,Sep,2019,20,23,28,30,38,6,3600000,0,Excalibur 3,SFL1
49,Mon,2,Sep,2019,14,20,24,36,40,10,3600000,0,Excalibur 3,SFL1
48,Thu,29,Aug,2019,2,22,26,30,42,7,3600000,0,Excalibur 3,SFL4
47,Mon,26,Aug,2019,11,22,25,32,39,3,3600000,2,Excalibur 3,SFL4
46,Thu,22,Aug,2019,5,12,40,43,44,5,3600000,0,Excalibur 2,SFL3
45,Mon,19,Aug,2019,3,4,5,7,34,5,3600000,0,Excalibur 2,SFL3
44,Thu,15,Aug,2019,4,8,15,17,32,6,3600000,0,Excalibur 2,SFL2
43,Mon,12,Aug,2019,3,20,26,27,32,5,3600000,1,Excalibur 2,SFL2
42,Thu,8,Aug,2019,13,22,26,39,40,8,3600000,0,Excalibur 3,SFL1
41,Mon,5,Aug,2019,9,13,18,39,40,5,3600000,0,Excalibur 3,SFL1
40,Thu,1,Aug,2019,15,16,21,37,40,3,3600000,0,Excalibur 3,SFL8
39,Mon,29,Jul,2019,18,21,23,34,39,3,3600000,1,Excalibur 3,SFL7
38,Thu,25,Jul,2019,5,14,26,33,36,10,3600000,0,Excalibur 2,SFL8
37,Mon,22,Jul,2019,8,23,26,28,31,9,3600000,0,Excalibur 2,SFL8
36,Thu,18,Jul,2019,15,23,25,38,42,3,3600000,0,Excalibur 2,SFL7
35,Mon,15,Jul,2019,2,17,23,27,34,5,3600000,0,Excalibur 2,SFL7
34,Thu,11,Jul,2019,4,12,21,42,43,2,3600000,0,Excalibur 3,SFL6
33,Mon,8,Jul,2019,5,15,18,32,36,4,3600000,0,Excalibur 3,SFL6
32,Thu,4,Jul,2019,19,20,35,40,42,8,3600000,0,Excalibur 3,SFL5
31,Mon,1,Jul,2019,3,11,21,35,45,9,3600000,0,Excalibur 3,SFL5
30,Thu,27,Jun,2019,3,6,34,43,47,7,3600000,0,Excalibur 2,SFL8
29,Mon,24,Jun,2019,2,4,17,30,34,3,3600000,0,Excalibur 2,SFL8
28,Thu,20,Jun,2019,6,10,27,40,45,7,3600000,0,Excalibur 2,SFL7
27,Mon,17,Jun,2019,9,12,25,33,44,5,3600000,0,Excalibur 2,SFL7
26,Thu,13,Jun,2019,10,16,28,29,46,4,3600000,0,Excalibur 5,SFL6
25,Mon,10,Jun,2019,23,29,33,40,43,8,3600000,0,Excalibur 5,SFL6
24,Thu,6,Jun,2019,7,12,20,25,36,2,3600000,1,Excalibur 5,SFL5
23,Mon,3,Jun,2019,1,9,20,24,46,5,3600000,0,Excalibur 5,SFL5
22,Thu,30,May,2019,4,20,23,25,27,2,3600000,0,Excalibur 5,SFL6
21,Mon,27,May,2019,7,15,41,42,44,9,3600000,0,Excalibur 5,SFL5
20,Thu,23,May,2019,15,21,31,44,45,3,3600000,0,Excalibur 6,SFL1
19,Mon,20,May,2019,4,9,15,29,44,3,3600000,0,Excalibur 5,SFL4
18,Thu,16,May,2019,15,23,31,32,33,9,3600000,0,Excalibur 6,SFL3
17,Mon,13,May,2019,2,11,27,42,47,6,3600000,0,Excalibur 6,SFL2
16,Thu,9,May,2019,3,6,9,32,47,4,3600000,0,Excalibur 5,SFL1
15,Mon,6,May,2019,2,6,7,30,37,3,3600000,0,Excalibur 6,SFL3
14,Thu,2,May,2019,11,12,15,16,47,2,3600000,0,Excalibur 6,SFL4
13,Mon,29,Apr,2019,6,8,13,20,28,9,3600000,0,Excalibur 5,SFL3
12,Thu,25,Apr,2019,5,26,28,32,37,3,3600000,0,Excalibur 6,SFL3
11,Mon,22,Apr,2019,11,22,26,33,47,6,3600000,0,Excalibur 6,SFL2
10,Thu,18,Apr,2019,3,6,16,24,29,5,3600000,0,Excalibur 5,SFL1
9,Mon,15,Apr,2019,7,15,32,46,47,8,3600000,0,Excalibur 5,SFL4
8,Thu,11,Apr,2019,5,7,41,44,45,6,3600000,0,Excalibur 5,SFL2
7,Mon,8,Apr,2019,1,6,19,24,35,9,3600000,0,Excalibur 5,SFL1
6,Thu,4,Apr,2019,1,20,42,43,47,3,3600000,0,Excalibur 6,SFL4
5,Mon,1,Apr,2019,6,15,24,35,41,7,3600000,0,Excalibur 5,SFL2
4,Thu,28,Mar,2019,8,16,36,39,44,3,3600000,0,Excalibur 6,SFL3
3,Mon,25,Mar,2019,2,6,9,23,30,2,3600000,0,Excalibur 6,SFL4
2,Thu,21,Mar,2019,2,3,4,25,46,6,3600000,0,Excalibur 6,SFL1
1,Mon,18,Mar,2019,4,6,17,20,35,10,3600000,0,Excalibur 6,SFL2
