No.,5+life Prize,5+life Winners,5+life Total,5 Prize,5 Winners,5 Total,4+life Prize,4+life Winners,4+life Total,4 Prize,4 Winners,4 Total,3+life Prize,3+life Winners,3+life Total,3 Prize,3 Winners,3 Total,2+life Prize,2+life Winners,2+life Total,2 Prize,2 Winners,2 Total
778,3600000,1,3600000,120000,0,0,250,22,5500,50,197,9850,30,1078,32340,20,9115,182300,10,14414,144140,5,123540,617700
777,3600000,0,0,120000,3,360000,250,31,7750,50,262,13100,30,1083,32490,20,9581,191620,10,14215,142150,5,127636,638180
776,3600000,0,0,120000,0,0,250,25,6250,50,266,13300,30,1210,36300,20,9531,190620,10,15719,157190,5,128984,644920
775,3600000,1,3600000,120000,1,120000,250,23,5750,50,227,11350,30,931,27930,20,9955,199100,10,13034,130340,5,130474,652370
774,3600000,0,0,120000,0,0,250,30,7500,50,242,12100,30,1218,36540,20,10411,208220,10,15384,153840,5,138386,691930
773,3600000,0,0,120000,2,240000,250,24,6000,50,200,10000,30,883,26490,20,8046,160920,10,12830,128300,5,113139,565695
772,3600000,0,0,120000,1,120000,250,26,6500,50,226,11300,30,1242,37260,20,9958,199160,10,14803,148030,5,135684,678420
771,3600000,0,0,120000,0,0,250,20,5000,50,197,9850,30,1016,30480,20,9351,187020,10,14411,144110,5,128038,640190
770,3600000,0,0,120000,0,0,250,20,5000,50,207,10350,30,1214,36420,20,9826,196520,10,15775,157750,5,131525,657625
769,3600000,0,0,120000,1,120000,250,21,5250,50,199,9950,30,859,25770,20,8614,172280,10,12354,123540,5,122624,613120
768,3600000,1,3600000,120000,2,240000,250,32,8000,50,384,19200,30,1273,38190,20,12513,250260,10,15677,156770,5,143956,719780
767,3600000,0,0,120000,0,0,250,20,5000,50,189,9450,30,986,29580,20,9142,182840,10,14235,142350,5,131262,656310
766,3600000,0,0,120000,3,360000,250,35,8750,50,246,12300,30,1002,30060,20,10482,209640,10,13778,137780,5,138258,691290
765,3600000,0,0,120000,1,120000,250,16,4000,50,180,9000,30,927,27810,20,7898,157960,10,13293,132930,5,116931,584655
764,3600000,1,3600000,120000,1,120000,250,30,7500,50,212,10600,30,958,28740,20,8801,176020,10,13716,137160,5,125283,626415
763,3600000,0,0,120000,1,120000,250,32,8000,50,217,10850,30,1470,44100,20,10680,213600,10,19017,190170,5,143736,718680
762,3600000,1,3600000,120000,2,240000,250,43,10750,50,301,15050,30,1249,37470,20,11301,226020,10,16239,162390,5,145122,725610
761,3600000,0,0,120000,0,0,250,30,7500,50,243,12150,30,1249,37470,20,10012,200240,10,16119,161190,5,134655,673275
760,3600000,1,3600000,120000,2,240000,250,33,8250,50,221,11050,30,1140,34200,20,9879,197580,10,15803,158030,5,133482,667410
759,3600000,0,0,120000,0,0,250,25,6250,50,226,11300,30,1087,32610,20,8821,176420,10,14715,147150,5,124521,622605
758,3600000,0,0,120000,1,120000,250,30,7500,50,341,17050,30,1688,50640,20,13176,263520,10,20147,201470,5,159200,796000
757,3600000,0,0,120000,1,120000,250,44,11000,50,354,17700,30,1214,36420,20,13043,260860,10,16127,161270,5,162643,813215
756,3600000,0,0,120000,3,360000,250,22,5500,50,234,11700,30,1063,31890,20,9975,199500,10,13564,135640,5,136220,681100
755,3600000,0,0,120000,3,360000,250,33,8250,50,225,11250,30,1146,34380,20,10539,210780,10,15631,156310,5,141080,705400
754,3600000,0,0,120000,1,120000,250,34,8500,50,273,13650,30,1282,38460,20,10841,216820,10,16526,165260,5,144587,722935
753,3600000,0,0,120000,2,240000,250,22,5500,50,253,12650,30,892,26760,20,9833,196660,10,12667,126670,5,141139,705695
752,3600000,0,0,120000,1,120000,250,65,16250,50,463,23150,30,1769,53070,20,14129,282580,10,20158,201580,5,163752,818760
751,3600000,0,0,120000,2,240000,250,42,10500,50,330,16500,30,1334,40020,20,12096,241920,10,16539,165390,5,144179,720895
750,3600000,0,0,120000,0,0,250,21,5250,50,219,10950,30,1140,34200,20,9552,191040,10,15340,153400,5,133151,665755
749,3600000,0,0,120000,2,240000,250,26,6500,50,244,12200,30,1156,34680,20,11172,223440,10,15305,153050,5,153489,767445
748,3600000,0,0,120000,1,120000,250,22,5500,50,192,9600,30,936,28080,20,8541,170820,10,13133,131330,5,120373,601865
747,3600000,0,0,120000,0,0,250,38,9500,50,244,12200,30,1293,38790,20,10870,217400,10,17010,170100,5,152288,761440
746,3600000,0,0,120000,2,240000,250,35,8750,50,290,14500,30,1278,38340,20,11332,226640,10,16732,167320,5,149335,746675
745,3600000,0,0,120000,1,120000,250,22,5500,50,226,11300,30,1187,35610,20,9829,196580,10,16350,163500,5,137200,686000
744,3600000,0,0,120000,3,360000,250,31,7750,50,309,15450,30,1238,37140,20,11948,238960,10,15658,156580,5,152079,760395
743,3600000,0,0,120000,4,480000,250,20,5000,50,205,10250,30,940,28200,20,9472,189440,10,13772,137720,5,134954,674770
742,3600000,0,0,120000,2,240000,250,30,7500,50,322,16100,30,1050,31500,20,12479,249580,10,13235,132350,5,152500,762500
741,3600000,0,0,120000,1,120000,250,27,6750,50,234,11700,30,1088,32640,20,9487,189740,10,16539,165390,5,135384,676920
740,3600000,0,0,120000,3,360000,250,22,5500,50,231,11550,30,1152,34560,20,10969,219380,10,16362,163620,5,145770,728850
739,3600000,0,0,120000,1,120000,250,40,10000,50,295,14750,30,1381,41430,20,12147,242940,10,17819,178190,5,150264,751320
738,3600000,0,0,120000,0,0,250,22,5500,50,168,8400,30,1057,31710,20,8865,177300,10,16276,162760,5,129475,647375
737,3600000,0,0,120000,2,240000,250,35,8750,50,257,12850,30,1274,38220,20,10741,214820,10,16668,166680,5,144934,724670
736,3600000,0,0,120000,2,240000,250,33,8250,50,248,12400,30,1516,45480,20,11305,226100,10,20002,200020,5,151191,755955
735,3600000,1,3600000,120000,1,120000,250,23,5750,50,218,10900,30,1072,32160,20,9493,189860,10,15052,150520,5,134645,673225
734,3600000,1,3600000,120000,0,0,250,44,11000,50,314,15700,30,1434,43020,20,11461,229220,10,17974,179740,5,148551,742755
733,3600000,0,0,120000,3,360000,250,25,6250,50,312,15600,30,1207,36210,20,12378,247560,10,15163,151630,5,153322,766610
732,3600000,0,0,120000,0,0,250,33,8250,50,293,14650,30,1263,37890,20,10522,210440,10,17531,175310,5,139263,696315
731,3600000,0,0,120000,1,120000,250,26,6500,50,285,14250,30,1040,31200,20,10606,212120,10,14051,140510,5,138289,691445
730,3600000,0,0,120000,1,120000,250,24,6000,50,248,12400,30,1473,44190,20,10637,212740,10,18608,186080,5,141602,708010
729,3600000,0,0,120000,0,0,250,27,6750,50,280,14000,30,1223,36690,20,10620,212400,10,16799,167990,5,141842,709210
728,3600000,0,0,120000,1,120000,250,31,7750,50,313,15650,30,1260,37800,20,11712,234240,10,17219,172190,5,151254,756270
727,3600000,0,0,120000,3,360000,250,35,8750,50,289,14450,30,1346,40380,20,12002,240040,10,17320,173200,5,147376,736880
726,3600000,0,0,120000,1,120000,250,29,7250,50,261,13050,30,1148,34440,20,10733,214660,10,16706,167060,5,148100,740500
725,3600000,0,0,120000,1,120000,250,24,6000,50,271,13550,30,912,27360,20,10313,206260,10,11580,115800,5,132913,664565
724,3600000,0,0,120000,0,0,250,24,6000,50,254,12700,30,1112,33360,20,10334,206680,10,15415,154150,5,139312,696560
723,3600000,0,0,120000,1,120000,250,15,3750,50,225,11250,30,1065,31950,20,9964,199280,10,14865,148650,5,133883,669415
722,3600000,0,0,120000,1,120000,250,19,4750,50,202,10100,30,948,28440,20,9352,187040,10,13376,133760,5,129754,648770
721,3600000,0,0,120000,1,120000,250,21,5250,50,151,7550,30,744,22320,20,7706,154120,10,10823,108230,5,114490,572450
720,3600000,0,0,120000,2,240000,250,18,4500,50,203,10150,30,1122,33660,20,9899,197980,10,16039,160390,5,134440,672200
719,3600000,0,0,120000,0,0,250,17,4250,50,187,9350,30,1071,32130,20,8843,176860,10,15298,152980,5,128966,644830
718,3600000,0,0,120000,2,240000,250,24,6000,50,223,11150,30,1150,34500,20,9737,194740,10,16331,163310,5,132534,662670
717,3600000,0,0,120000,0,0,250,31,7750,50,216,10800,30,1158,34740,20,9490,189800,10,16060,160600,5,125422,627110
716,3600000,1,3600000,120000,2,240000,250,29,7250,50,392,19600,30,1268,38040,20,13637,272740,10,14900,149000,5,158404,792020
715,3600000,1,3600000,120000,2,240000,250,46,11500,50,302,15100,30,1718,51540,20,12226,244520,10,21127,211270,5,154900,774500
714,3600000,0,0,120000,5,600000,250,13,3250,50,266,13300,30,1004,30120,20,11829,236580,10,13474,134740,5,155617,778085
713,3600000,0,0,120000,0,0,250,24,6000,50,238,11900,30,1158,34740,20,9676,193520,10,15646,156460,5,136060,680300
712,3600000,1,3600000,120000,2,240000,250,46,11500,50,311,15550,30,1418,42540,20,11931,238620,10,18013,180130,5,150847,754235
711,3600000,0,0,120000,0,0,250,29,7250,50,210,10500,30,1180,35400,20,9568,191360,10,16949,169490,5,136622,683110
710,3600000,0,0,120000,4,480000,250,23,5750,50,189,9450,30,1007,30210,20,9215,184300,10,15033,150330,5,141032,705160
709,3600000,0,0,120000,0,0,250,26,6500,50,331,16550,30,1350,40500,20,13128,262560,10,18326,183260,5,170023,850115
708,3600000,0,0,120000,0,0,250,18,4500,50,283,14150,30,1529,45870,20,13719,274380,10,20539,205390,5,178606,893030
707,3600000,1,3600000,120000,0,0,250,34,8500,50,285,14250,30,1397,41910,20,12450,249000,10,19622,196220,5,163843,819215
706,3600000,0,0,120000,0,0,250,16,4000,50,267,13350,30,1227,36810,20,11372,227440,10,16272,162720,5,152381,761905
705,3600000,0,0,120000,0,0,250,43,10750,50,258,12900,30,1429,42870,20,10875,217500,10,17768,177680,5,147330,736650
704,3600000,0,0,120000,1,120000,250,25,6250,50,260,13000,30,1130,33900,20,12344,246880,10,15446,154460,5,156529,782645
703,3600000,0,0,120000,3,360000,250,36,9000,50,251,12550,30,1087,32610,20,10258,205160,10,15318,153180,5,139513,697565
702,3600000,0,0,120000,1,120000,250,13,3250,50,168,8400,30,1041,31230,20,8773,175460,10,14444,144440,5,128343,641715
701,3600000,0,0,120000,0,0,250,31,7750,50,247,12350,30,1236,37080,20,10421,208420,10,16198,161980,5,140476,702380
700,3600000,0,0,120000,0,0,250,25,6250,50,356,17800,30,1509,45270,20,12785,255700,10,17861,178610,5,161209,806045
699,3600000,0,0,120000,0,0,250,17,4250,50,183,9150,30,826,24780,20,9060,181200,10,11540,115400,5,131497,657485
698,3600000,0,0,120000,1,120000,250,21,5250,50,237,11850,30,1245,37350,20,11124,222480,10,17387,173870,5,149903,749515
697,3600000,0,0,120000,2,240000,250,86,21500,50,703,35150,30,2115,63450,20,17795,355900,10,21259,212590,5,179871,899355
696,3600000,0,0,120000,1,120000,250,29,7250,50,212,10600,30,1175,35250,20,10134,202680,10,16575,165750,5,143171,715855
695,3600000,0,0,120000,0,0,250,27,6750,50,256,12800,30,1092,32760,20,11034,220680,10,15989,159890,5,151877,759385
694,3600000,1,3600000,120000,2,240000,250,22,5500,50,224,11200,30,995,29850,20,9590,191800,10,15110,151100,5,137464,687320
693,3600000,0,0,120000,1,120000,250,17,4250,50,230,11500,30,930,27900,20,9666,193320,10,12540,125400,5,138137,690685
692,3600000,0,0,120000,3,360000,250,24,6000,50,279,13950,30,1272,38160,20,11137,222740,10,17435,174350,5,151284,756420
691,3600000,3,10800000,120000,1,120000,250,25,6250,50,272,13600,30,1317,39510,20,11069,221380,10,17916,179160,5,154086,770430
690,3600000,0,0,120000,1,120000,250,33,8250,50,215,10750,30,1298,38940,20,10308,206160,10,18658,186580,5,144296,721480
689,3600000,0,0,120000,2,240000,250,31,7750,50,308,15400,30,1318,39540,20,12387,247740,10,17138,171380,5,155738,778690
688,3600000,0,0,120000,2,240000,250,25,6250,50,277,13850,30,1224,36720,20,11910,238200,10,15180,151800,5,155113,775565
687,3600000,0,0,120000,0,0,250,21,5250,50,250,12500,30,1190,35700,20,10624,212480,10,16530,165300,5,144276,721380
686,3600000,0,0,120000,1,120000,250,15,3750,50,238,11900,30,1078,32340,20,9158,183160,10,15566,155660,5,130836,654180
685,3600000,0,0,120000,3,360000,250,25,6250,50,341,17050,30,1158,34740,20,11843,236860,10,14686,146860,5,150570,752850
684,3600000,0,0,120000,1,120000,250,31,7750,50,207,10350,30,1205,36150,20,9668,193360,10,17810,178100,5,141388,706940
683,3600000,3,10800000,120000,2,240000,250,32,8000,50,198,9900,30,1330,39900,20,10008,200160,10,18502,185020,5,140820,704100
682,3600000,0,0,120000,0,0,250,16,4000,50,210,10500,30,900,27000,20,8372,167440,10,13724,137240,5,121699,608495
681,3600000,0,0,120000,1,120000,250,33,8250,50,193,9650,30,1125,33750,20,9317,186340,10,15585,155850,5,131181,655905
680,3600000,0,0,120000,3,360000,250,29,7250,50,239,11950,30,1130,33900,20,9687,193740,10,17199,171990,5,138341,691705
679,3600000,0,0,120000,2,240000,250,16,4000,50,202,10100,30,896,26880,20,8992,179840,10,12934,129340,5,127373,636865
678,3600000,0,0,120000,0,0,250,25,6250,50,178,8900,30,930,27900,20,8203,164060,10,13795,137950,5,119466,597330
677,3600000,0,0,120000,0,0,250,36,9000,50,312,15600,30,1297,38910,20,11761,235220,10,16648,166480,5,153786,768930
676,3600000,0,0,120000,1,120000,250,54,13500,50,343,17150,30,1406,42180,20,11634,232680,10,17721,177210,5,152574,762870
675,3600000,0,0,120000,3,360000,250,29,7250,50,242,12100,30,1415,42450,20,10784,215680,10,19504,195040,5,147556,737780
674,3600000,1,3600000,120000,5,600000,250,30,7500,50,327,16350,30,1240,37200,20,12082,241640,10,16221,162210,5,158020,790100
673,3600000,0,0,120000,1,120000,250,22,5500,50,172,8600,30,1009,30270,20,8738,174760,10,14378,143780,5,123076,615380
672,3600000,1,3600000,120000,3,360000,250,44,11000,50,375,18750,30,1626,48780,20,13481,269620,10,19913,199130,5,165681,828405
671,3600000,0,0,120000,3,360000,250,42,10500,50,479,23950,30,1272,38160,20,15634,312680,10,14455,144550,5,168358,841790
670,3600000,0,0,120000,0,0,250,30,7500,50,352,17600,30,1215,36450,20,11114,222280,10,17189,171890,5,150121,750605
669,3600000,0,0,120000,1,120000,250,37,9250,50,259,12950,30,1428,42840,20,11584,231680,10,18586,185860,5,151769,758845
668,3600000,0,0,120000,2,240000,250,62,15500,50,473,23650,30,1754,52620,20,16478,329560,10,20585,205850,5,180108,900540
667,3600000,0,0,120000,0,0,250,26,6500,50,233,11650,30,1004,30120,20,10589,211780,10,13294,132940,5,140555,702775
666,3600000,0,0,120000,2,240000,250,25,6250,50,328,16400,30,1265,37950,20,12404,248080,10,16707,167070,5,161852,809260
665,3600000,0,0,120000,2,240000,250,42,10500,50,307,15350,30,1366,40980,20,12693,253860,10,16182,161820,5,158442,792210
664,3600000,0,0,120000,0,0,250,27,6750,50,256,12800,30,1309,39270,20,11492,229840,10,17354,173540,5,148672,743360
663,3600000,0,0,120000,1,120000,250,21,5250,50,253,12650,30,1066,31980,20,11816,236320,10,15020,150200,5,157092,785460
662,3600000,0,0,120000,1,120000,250,36,9000,50,374,18700,30,1694,50820,20,14195,283900,10,18443,184430,5,165178,825890
661,3600000,1,3600000,120000,4,480000,250,35,8750,50,328,16400,30,1510,45300,20,12787,255740,10,18459,184590,5,157547,787735
660,3600000,0,0,120000,2,240000,250,29,7250,50,346,17300,30,1313,39390,20,11982,239640,10,16618,166180,5,150906,754530
659,3600000,0,0,120000,0,0,250,31,7750,50,224,11200,30,1329,39870,20,10840,216800,10,17802,178020,5,151566,757830
658,3600000,0,0,120000,2,240000,250,28,7000,50,343,17150,30,1366,40980,20,13012,260240,10,18247,182470,5,158587,792935
657,3600000,0,0,120000,2,240000,250,41,10250,50,393,19650,30,1538,46140,20,14147,282940,10,18400,184000,5,165567,827835
656,3600000,0,0,120000,0,0,250,27,6750,50,224,11200,30,1056,31680,20,9239,184780,10,15073,150730,5,132161,660805
655,3600000,0,0,120000,2,240000,250,64,16000,50,473,23650,30,1845,55350,20,14846,296920,10,20857,208570,5,166098,830490
654,3600000,0,0,120000,1,120000,250,26,6500,50,298,14900,30,1369,41070,20,12161,243220,10,16973,169730,5,156621,783105
653,3600000,0,0,120000,0,0,250,15,3750,50,225,11250,30,1068,32040,20,9175,183500,10,15594,155940,5,129920,649600
652,3600000,0,0,120000,0,0,250,24,6000,50,256,12800,30,1137,34110,20,10063,201260,10,16173,161730,5,143934,719670
651,3600000,0,0,120000,0,0,250,12,3000,50,216,10800,30,947,28410,20,10288,205760,10,13390,133900,5,146985,734925
650,3600000,0,0,120000,0,0,250,24,6000,50,294,14700,30,1136,34080,20,11435,228700,10,15382,153820,5,153844,769220
649,3600000,0,0,120000,0,0,250,21,5250,50,204,10200,30,1013,30390,20,8937,178740,10,14560,145600,5,128284,641420
648,3600000,0,0,120000,0,0,250,35,8750,50,311,15550,30,1610,48300,20,12575,251500,10,19608,196080,5,162077,810385
647,3600000,0,0,120000,1,120000,250,39,9750,50,376,18800,30,1441,43230,20,12474,249480,10,18381,183810,5,156884,784420
646,3600000,0,0,120000,2,240000,250,40,10000,50,277,13850,30,1544,46320,20,12324,246480,10,18678,186780,5,154531,772655
645,3600000,0,0,120000,1,120000,250,29,7250,50,266,13300,30,1356,40680,20,11692,233840,10,17157,171570,5,151918,759590
644,3600000,0,0,120000,2,240000,250,23,5750,50,202,10100,30,986,29580,20,9166,183320,10,14415,144150,5,130045,650225
643,3600000,0,0,120000,0,0,250,39,9750,50,323,16150,30,1761,52830,20,12869,257380,10,19568,195680,5,158862,794310
642,3600000,1,3600000,120000,0,0,250,33,8250,50,225,11250,30,1046,31380,20,9176,183520,10,15423,154230,5,135607,678035
641,3600000,0,0,120000,2,240000,250,31,7750,50,243,12150,30,1267,38010,20,10055,201100,10,17760,177600,5,148787,743935
640,3600000,0,0,120000,0,0,250,23,5750,50,258,12900,30,1193,35790,20,10320,206400,10,16927,169270,5,144421,722105
639,3600000,0,0,120000,0,0,250,23,5750,50,223,11150,30,883,26490,20,9591,191820,10,12557,125570,5,139150,695750
638,3600000,1,3600000,120000,4,480000,250,25,6250,50,264,13200,30,1549,46470,20,11700,234000,10,19853,198530,5,154235,771175
637,3600000,0,0,120000,0,0,250,27,6750,50,230,11500,30,1062,31860,20,9973,199460,10,16101,161010,5,142887,714435
636,3600000,0,0,120000,0,0,250,24,6000,50,247,12350,30,1339,40170,20,10151,203020,10,18956,189560,5,143284,716420
635,3600000,0,0,120000,1,120000,250,21,5250,50,222,11100,30,938,28140,20,10148,202960,10,13113,131130,5,148239,741195
634,3600000,0,0,120000,1,120000,250,23,5750,50,233,11650,30,1063,31890,20,9866,197320,10,17060,170600,5,141028,705140
633,3600000,0,0,120000,0,0,250,29,7250,50,253,12650,30,1174,35220,20,11604,232080,10,16292,162920,5,154064,770320
632,3600000,0,0,120000,1,120000,250,36,9000,50,312,15600,30,1388,41640,20,12459,249180,10,18598,185980,5,161477,807385
631,3600000,0,0,120000,1,120000,250,24,6000,50,218,10900,30,947,28410,20,9995,199900,10,12774,127740,5,135958,679790
630,3600000,0,0,120000,1,120000,250,21,5250,50,214,10700,30,1421,42630,20,10175,203500,10,17630,176300,5,142114,710570
629,3600000,1,3600000,120000,0,0,250,25,6250,50,262,13100,30,1207,36210,20,10957,219140,10,16876,168760,5,151324,756620
628,3600000,0,0,120000,0,0,250,30,7500,50,286,14300,30,1245,37350,20,10788,215760,10,17144,171440,5,145697,728485
627,3600000,0,0,120000,0,0,250,30,7500,50,195,9750,30,1065,31950,20,9211,184220,10,16067,160670,5,136157,680785
626,3600000,0,0,120000,2,240000,250,33,8250,50,282,14100,30,1434,43020,20,11798,235960,10,18570,185700,5,155670,778350
625,3600000,0,0,120000,2,240000,250,28,7000,50,272,13600,30,1168,35040,20,11493,229860,10,15859,158590,5,153391,766955
624,3600000,0,0,120000,2,240000,250,28,7000,50,334,16700,30,1206,36180,20,12481,249620,10,16209,162090,5,160886,804430
623,3600000,0,0,120000,2,240000,250,23,5750,50,254,12700,30,1216,36480,20,10405,208100,10,17070,170700,5,149926,749630
622,3600000,1,3600000,120000,2,240000,250,32,8000,50,291,14550,30,1408,42240,20,12132,242640,10,18017,180170,5,156677,783385
621,3600000,0,0,120000,2,240000,250,51,12750,50,446,22300,30,1584,47520,20,14901,298020,10,19724,197240,5,175636,878180
620,3600000,0,0,120000,2,240000,250,22,5500,50,303,15150,30,1079,32370,20,12806,256120,10,14124,141240,5,166682,833410
619,3600000,0,0,120000,3,360000,250,26,6500,50,244,12200,30,1246,37380,20,11113,222260,10,17348,173480,5,149265,746325
618,3600000,0,0,120000,2,240000,250,30,7500,50,257,12850,30,1383,41490,20,11360,227200,10,18232,182320,5,153692,768460
617,3600000,1,3600000,120000,0,0,250,32,8000,50,238,11900,30,1124,33720,20,10646,212920,10,16106,161060,5,149667,748335
616,3600000,0,0,120000,1,120000,250,24,6000,50,221,11050,30,1057,31710,20,11433,228660,10,14720,147200,5,166510,832550
615,3600000,2,7200000,120000,0,0,250,41,10250,50,376,18800,30,1650,49500,20,14456,289120,10,20771,207710,5,179647,898235
614,3600000,0,0,120000,1,120000,250,34,8500,50,315,15750,30,1633,48990,20,12492,249840,10,20963,209630,5,161814,809070
613,3600000,0,0,120000,2,240000,250,23,5750,50,278,13900,30,1412,42360,20,12562,251240,10,18295,182950,5,163872,819360
612,3600000,0,0,120000,2,240000,250,25,6250,50,304,15200,30,1295,38850,20,11727,234540,10,17820,178200,5,156400,782000
611,3600000,0,0,120000,0,0,250,26,6500,50,208,10400,30,1006,30180,20,9078,181560,10,16020,160200,5,139213,696065
610,3600000,0,0,120000,0,0,250,42,10500,50,334,16700,30,1357,40710,20,13423,268460,10,17629,176290,5,173565,867825
609,3600000,0,0,120000,1,120000,250,23,5750,50,195,9750,30,1024,30720,20,9458,189160,10,15771,157710,5,139040,695200
608,3600000,0,0,120000,0,0,250,26,6500,50,240,12000,30,1232,36960,20,10626,212520,10,18513,185130,5,154865,774325
607,3600000,0,0,120000,1,120000,250,41,10250,50,276,13800,30,1270,38100,20,11955,239100,10,17303,173030,5,156383,781915
606,3600000,1,3600000,120000,1,120000,250,29,7250,50,301,15050,30,1506,45180,20,12984,259680,10,18803,188030,5,166402,832010
605,3600000,0,0,120000,1,120000,250,30,7500,50,334,16700,30,1289,38670,20,13042,260840,10,18482,184820,5,175230,876150
604,3600000,0,0,120000,1,120000,250,43,10750,50,368,18400,30,1701,51030,20,15105,302100,10,21079,210790,5,189786,948930
603,3600000,0,0,120000,1,120000,250,30,7500,50,400,20000,30,1646,49380,20,14377,287540,10,20707,207070,5,178447,892235
602,3600000,0,0,120000,0,0,250,28,7000,50,266,13300,30,1231,36930,20,11587,231740,10,17882,178820,5,153114,765570
601,3600000,0,0,120000,2,240000,250,34,8500,50,344,17200,30,1613,48390,20,12560,251200,10,19614,196140,5,154586,772930
600,3600000,0,0,120000,2,240000,250,32,8000,50,209,10450,30,1073,32190,20,8946,178920,10,15526,155260,5,131486,657430
599,3600000,0,0,120000,2,240000,250,31,7750,50,272,13600,30,1275,38250,20,11761,235220,10,16608,166080,5,153341,766705
598,3600000,0,0,120000,1,120000,250,28,7000,50,194,9700,30,1171,35130,20,10052,201040,10,16125,161250,5,146882,734410
597,3600000,0,0,120000,0,0,250,31,7750,50,246,12300,30,1094,32820,20,9898,197960,10,15483,154830,5,139575,697875
596,3600000,0,0,120000,1,120000,250,24,6000,50,255,12750,30,1312,39360,20,11770,235400,10,18361,183610,5,158137,790685
595,3600000,0,0,120000,1,120000,250,22,5500,50,200,10000,30,949,28470,20,9947,198940,10,11982,119820,5,137952,689760
594,3600000,0,0,120000,1,120000,250,12,3000,50,254,12700,30,986,29580,20,10539,210780,10,13052,130520,5,145504,727520
593,3600000,0,0,120000,5,600000,250,45,11250,50,424,21200,30,1419,42570,20,14432,288640,10,17881,178810,5,163081,815405
592,3600000,0,0,120000,0,0,250,28,7000,50,251,12550,30,1351,40530,20,11166,223320,10,18030,180300,5,151460,757300
591,3600000,0,0,120000,1,120000,250,30,7500,50,281,14050,30,1270,38100,20,11316,226320,10,17045,170450,5,157935,789675
590,3600000,0,0,120000,2,240000,250,31,7750,50,390,19500,30,1311,39330,20,14888,297760,10,15042,150420,5,179590,897950
589,3600000,0,0,120000,2,240000,250,59,14750,50,403,20150,30,1458,43740,20,12299,245980,10,18180,181800,5,150751,753755
588,3600000,0,0,120000,0,0,250,52,13000,50,291,14550,30,1545,46350,20,11772,235440,10,20029,200290,5,156256,781280
587,3600000,0,0,120000,1,120000,250,28,7000,50,217,10850,30,1134,34020,20,9741,194820,10,16268,162680,5,136061,680305
586,3600000,1,3600000,120000,2,240000,250,36,9000,50,270,13500,30,1230,36900,20,10715,214300,10,16260,162600,5,145780,728900
585,3600000,0,0,120000,3,360000,250,21,5250,50,261,13050,30,1322,39660,20,11316,226320,10,17620,176200,5,154888,774440
584,3600000,2,7200000,120000,3,360000,250,38,9500,50,333,16650,30,1441,43230,20,11669,233380,10,18898,188980,5,159127,795635
583,3600000,0,0,120000,0,0,250,30,7500,50,291,14550,30,1431,42930,20,11209,224180,10,17826,178260,5,147546,737730
582,3600000,1,3600000,120000,2,240000,250,51,12750,50,381,19050,30,1450,43500,20,13500,270000,10,17843,178430,5,162114,810570
581,3600000,0,0,120000,1,120000,250,43,10750,50,316,15800,30,1799,53970,20,13024,260480,10,23191,231910,5,172821,864105
580,3600000,0,0,120000,1,120000,250,28,7000,50,221,11050,30,1034,31020,20,10096,201920,10,15181,151810,5,141714,708570
579,3600000,0,0,120000,2,240000,250,35,8750,50,332,16600,30,1077,32310,20,13065,261300,10,14826,148260,5,169487,847435
578,3600000,0,0,120000,1,120000,250,21,5250,50,223,11150,30,1013,30390,20,9180,183600,10,15318,153180,5,133318,666590
577,3600000,0,0,120000,0,0,250,31,7750,50,220,11000,30,1209,36270,20,9692,193840,10,15359,153590,5,136105,680525
576,3600000,0,0,120000,3,360000,250,22,5500,50,223,11150,30,1051,31530,20,9085,181700,10,16233,162330,5,135298,676490
575,3600000,1,3600000,120000,1,120000,250,28,7000,50,335,16750,30,1327,39810,20,13038,260760,10,16805,168050,5,164482,822410
574,3600000,0,0,120000,3,360000,250,25,6250,50,235,11750,30,1107,33210,20,9917,198340,10,16824,168240,5,146306,731530
573,3600000,0,0,120000,0,0,250,20,5000,50,247,12350,30,1211,36330,20,10986,219720,10,17590,175900,5,157023,785115
572,3600000,0,0,120000,3,360000,250,29,7250,50,302,15100,30,1463,43890,20,12388,247760,10,18027,180270,5,158960,794800
571,3600000,0,0,120000,1,120000,250,36,9000,50,346,17300,30,1388,41640,20,13364,267280,10,17200,172000,5,169398,846990
570,3600000,0,0,120000,0,0,250,25,6250,50,240,12000,30,1211,36330,20,11629,232580,10,17077,170770,5,154637,773185
569,3600000,1,3600000,120000,1,120000,250,21,5250,50,195,9750,30,993,29790,20,9335,186700,10,15266,152660,5,131848,659240
568,3600000,0,0,120000,3,360000,250,28,7000,50,205,10250,30,1135,34050,20,9370,187400,10,15905,159050,5,134017,670085
567,3600000,0,0,120000,0,0,250,29,7250,50,199,9950,30,1041,31230,20,9718,194360,10,14761,147610,5,132084,660420
566,3600000,0,0,120000,0,0,250,35,8750,50,282,14100,30,1284,38520,20,11281,225620,10,17749,177490,5,157174,785870
565,3600000,0,0,120000,1,120000,250,19,4750,50,208,10400,30,937,28110,20,8788,175760,10,14606,146060,5,129015,645075
564,3600000,0,0,120000,0,0,250,44,11000,50,296,14800,30,1476,44280,20,13145,262900,10,19225,192250,5,167452,837260
563,3600000,0,0,120000,0,0,250,38,9500,50,298,14900,30,1360,40800,20,12488,249760,10,19213,192130,5,169491,847455
562,3600000,0,0,120000,2,240000,250,29,7250,50,317,15850,30,1236,37080,20,11842,236840,10,15906,159060,5,155223,776115
561,3600000,0,0,120000,0,0,250,28,7000,50,324,16200,30,1296,38880,20,13103,262060,10,16529,165290,5,164657,823285
560,3600000,0,0,120000,1,120000,250,49,12250,50,290,14500,30,1498,44940,20,12349,246980,10,19192,191920,5,158468,792340
559,3600000,0,0,120000,1,120000,250,49,12250,50,290,14500,30,1498,44940,20,12349,246980,10,19192,191920,5,158468,792340
558,3600000,0,0,120000,2,240000,250,24,6000,50,258,12900,30,1121,33630,20,10962,219240,10,16529,165290,5,149939,749695
557,3600000,1,3600000,120000,0,0,250,36,9000,50,303,15150,30,1362,40860,20,11600,232000,10,17184,171840,5,150298,751490
556,3600000,0,0,120000,2,240000,250,59,14750,50,534,26700,30,1734,52020,20,16162,323240,10,19641,196410,5,178812,894060
555,3600000,0,0,120000,0,0,250,22,5500,50,227,11350,30,1115,33450,20,10260,205200,10,15192,151920,5,145365,726825
554,3600000,0,0,120000,1,120000,250,34,8500,50,315,15750,30,1395,41850,20,12931,258620,10,17938,179380,5,164398,821990
553,3600000,1,3600000,120000,2,240000,250,25,6250,50,342,17100,30,1409,42270,20,13103,262060,10,18140,181400,5,164568,822840
552,3600000,0,0,120000,0,0,250,33,8250,50,326,16300,30,1411,42330,20,11516,230320,10,18557,185570,5,154343,771715
551,3600000,0,0,120000,1,120000,250,19,4750,50,191,9550,30,937,28110,20,8697,173940,10,13340,133400,5,124475,622375
550,3600000,1,3600000,120000,3,360000,250,40,10000,50,297,14850,30,1427,42810,20,11829,236580,10,18733,187330,5,151982,759910
549,3600000,1,3600000,120000,3,360000,250,28,7000,50,224,11200,30,1084,32520,20,9741,194820,10,16273,162730,5,140541,702705
548,3600000,0,0,120000,0,0,250,40,10000,50,361,18050,30,1560,46800,20,13202,264040,10,20049,200490,5,169411,847055
547,3600000,0,0,120000,1,120000,250,24,6000,50,221,11050,30,950,28500,20,9007,180140,10,14440,144400,5,135131,675655
546,3600000,0,0,120000,0,0,250,34,8500,50,238,11900,30,1216,36480,20,10403,208060,10,16435,164350,5,143478,717390
545,3600000,0,0,120000,1,120000,250,31,7750,50,356,17800,30,1374,41220,20,13206,264120,10,18451,184510,5,166785,833925
544,3600000,0,0,120000,3,360000,250,46,11500,50,357,17850,30,2149,64470,20,14915,298300,10,24568,245680,5,181841,909205
543,3600000,0,0,120000,0,0,250,49,12250,50,353,17650,30,1528,45840,20,13048,260960,10,19215,192150,5,164680,823400
542,3600000,0,0,120000,0,0,250,23,5750,50,206,10300,30,1119,33570,20,9788,195760,10,15224,152240,5,137050,685250
541,3600000,0,0,120000,1,120000,250,25,6250,50,243,12150,30,1098,32940,20,10331,206620,10,15190,151900,5,139867,699335
540,3600000,1,3600000,120000,3,360000,250,55,13750,50,454,22700,30,1746,52380,20,15343,306860,10,20949,209490,5,177337,886685
539,3600000,0,0,120000,4,480000,250,30,7500,50,436,21800,30,1479,44370,20,15147,302940,10,18602,186020,5,180179,900895
538,3600000,2,7200000,120000,3,360000,250,51,12750,50,344,17200,30,1468,44040,20,12486,249720,10,18553,185530,5,162235,811175
537,3600000,1,3600000,120000,3,360000,250,39,9750,50,344,17200,30,1358,40740,20,13802,276040,10,16703,167030,5,167909,839545
536,3600000,1,3600000,120000,3,360000,250,27,6750,50,278,13900,30,1308,39240,20,11582,231640,10,17748,177480,5,156538,782690
535,3600000,0,0,120000,0,0,250,41,10250,50,291,14550,30,1295,38850,20,11794,235880,10,17565,175650,5,155389,776945
534,3600000,0,0,120000,3,360000,250,28,7000,50,212,10600,30,1037,31110,20,9979,199580,10,14116,141160,5,142150,710750
533,3600000,0,0,120000,1,120000,250,24,6000,50,218,10900,30,1198,35940,20,10441,208820,10,15934,159340,5,144223,721115
532,3600000,0,0,120000,1,120000,250,19,4750,50,247,12350,30,1251,37530,20,10397,207940,10,16894,168940,5,142892,714460
531,3600000,1,3600000,120000,1,120000,250,32,8000,50,317,15850,30,1383,41490,20,12236,244720,10,17122,171220,5,162983,814915
530,3600000,0,0,120000,2,240000,250,35,8750,50,408,20400,30,1495,44850,20,14388,287760,10,18877,188770,5,172452,862260
529,3600000,0,0,120000,1,120000,250,22,5500,50,198,9900,30,969,29070,20,10049,200980,10,13675,136750,5,146802,734010
528,3600000,0,0,120000,2,240000,250,34,8500,50,254,12700,30,1366,40980,20,11182,223640,10,17982,179820,5,151833,759165
527,3600000,0,0,120000,0,0,250,16,4000,50,230,11500,30,1030,30900,20,9913,198260,10,13764,137640,5,138130,690650
526,3600000,0,0,120000,2,240000,250,36,9000,50,318,15900,30,1534,46020,20,13017,260340,10,19150,191500,5,168004,840020
525,3600000,0,0,120000,1,120000,250,26,6500,50,333,16650,30,1281,38430,20,13361,267220,10,16754,167540,5,172098,860490
524,3600000,2,7200000,120000,3,360000,250,50,12500,50,343,17150,30,2061,61830,20,13893,277860,10,24010,240100,5,170463,852315
523,3600000,0,0,120000,1,120000,250,30,7500,50,292,14600,30,1249,37470,20,10951,219020,10,16448,164480,5,148859,744295
522,3600000,0,0,120000,1,120000,250,40,10000,50,289,14450,30,1482,44460,20,12773,255460,10,17044,170440,5,157470,787350
521,3600000,0,0,120000,2,240000,250,40,10000,50,268,13400,30,1121,33630,20,10783,215660,10,16066,160660,5,144779,723895
520,3600000,0,0,120000,0,0,250,23,5750,50,231,11550,30,1200,36000,20,10559,211180,10,16612,166120,5,145905,729525
519,3600000,0,0,120000,2,240000,250,27,6750,50,297,14850,30,1335,40050,20,12023,240460,10,17258,172580,5,157245,786225
518,3600000,1,3600000,120000,0,0,250,35,8750,50,238,11900,30,1241,37230,20,11234,224680,10,17787,177870,5,154196,770980
517,3600000,0,0,120000,1,120000,250,34,8500,50,312,15600,30,1241,37230,20,12605,252100,10,15666,156660,5,162477,812385
516,3600000,1,3600000,120000,0,0,250,38,9500,50,275,13750,30,1593,47790,20,12439,248780,10,20413,204130,5,165398,826990
515,3600000,0,0,120000,0,0,250,25,6250,50,234,11700,30,1263,37890,20,11189,223780,10,17508,175080,5,155087,775435
514,3600000,0,0,120000,1,120000,250,32,8000,50,321,16050,30,1373,41190,20,12987,259740,10,17543,175430,5,161155,805775
513,3600000,0,0,120000,2,240000,250,28,7000,50,247,12350,30,1230,36900,20,11424,228480,10,17239,172390,5,156554,782770
512,3600000,0,0,120000,2,240000,250,38,9500,50,258,12900,30,1280,38400,20,10693,213860,10,17240,172400,5,144096,720480
511,3600000,0,0,120000,1,120000,250,34,8500,50,345,17250,30,1327,39810,20,14553,291060,10,15459,154590,5,172475,862375
510,3600000,1,3600000,120000,8,960000,250,112,28000,50,664,33200,30,2827,84810,20,17994,359880,10,26543,265430,5,185079,925395
509,3600000,0,0,120000,1,120000,250,26,6500,50,213,10650,30,1056,31680,20,9575,191500,10,15257,152570,5,139405,697025
508,3600000,1,3600000,120000,2,240000,250,41,10250,50,290,14500,30,1307,39210,20,11007,220140,10,17399,173990,5,150608,753040
507,3600000,1,3600000,120000,1,120000,250,28,7000,50,271,13550,30,1231,36930,20,12258,245160,10,16667,166670,5,166052,830260
506,3600000,0,0,120000,3,360000,250,33,8250,50,249,12450,30,1300,39000,20,11085,221700,10,17762,177620,5,149465,747325
505,3600000,0,0,120000,1,120000,250,28,7000,50,262,13100,30,1293,38790,20,11310,226200,10,16869,168690,5,145775,728875
504,3600000,0,0,120000,0,0,250,21,5250,50,395,19750,30,899,26970,20,10971,219420,10,12988,129880,5,148498,742490
503,3600000,1,3600000,120000,0,0,250,29,7250,50,231,11550,30,1142,34260,20,9758,195160,10,15532,155320,5,133975,669875
502,3600000,0,0,120000,2,240000,250,31,7750,50,275,13750,30,1231,36930,20,10665,213300,10,17226,172260,5,147308,736540
501,3600000,0,0,120000,3,360000,250,28,7000,50,274,13700,30,1377,41310,20,12298,245960,10,19750,197500,5,176794,883970
500,3600000,1,3600000,120000,10,1200000,250,21,5250,50,205,10250,30,985,29550,20,9116,182320,10,15387,153870,5,136831,684155
499,3600000,0,0,120000,0,0,250,35,8750,50,269,13450,30,1352,40560,20,12846,256920,10,18641,186410,5,178693,893465
498,3600000,0,0,120000,1,120000,250,53,13250,50,422,21100,30,1552,46560,20,14163,283260,10,18825,188250,5,172566,862830
497,3600000,0,0,120000,1,120000,250,22,5500,50,237,11850,30,949,28470,20,10015,200300,10,12946,129460,5,136563,682815
496,3600000,0,0,120000,1,120000,250,33,8250,50,318,15900,30,1201,36030,20,12236,244720,10,15873,158730,5,156781,783905
495,3600000,0,0,120000,1,120000,250,20,5000,50,254,12700,30,1180,35400,20,10623,212460,10,15800,158000,5,142378,711890
494,3600000,0,0,120000,1,120000,250,23,5750,50,187,9350,30,829,24870,20,8769,175380,10,11960,119600,5,129051,645255
493,3600000,0,0,120000,0,0,250,24,6000,50,227,11350,30,1010,30300,20,10502,210040,10,13159,131590,5,146556,732780
492,3600000,0,0,120000,0,0,250,18,4500,50,190,9500,30,872,26160,20,8229,164580,10,12839,128390,5,117916,589580
491,3600000,1,3600000,120000,0,0,250,17,4250,50,199,9950,30,838,25140,20,9144,182880,10,12406,124060,5,132198,660990
490,3600000,0,0,120000,1,120000,250,31,7750,50,265,13250,30,978,29340,20,10571,211420,10,13374,133740,5,148366,741830
489,3600000,1,3600000,120000,2,240000,250,33,8250,50,348,17400,30,1470,44100,20,12158,243160,10,18509,185090,5,153228,766140
488,3600000,0,0,120000,0,0,250,16,4000,50,223,11150,30,1079,32370,20,9502,190040,10,14795,147950,5,134482,672410
487,3600000,0,0,120000,3,360000,250,32,8000,50,256,12800,30,1070,32100,20,11265,225300,10,14644,146440,5,146628,733140
486,3600000,0,0,120000,4,480000,250,42,10500,50,300,15000,30,1711,51330,20,12016,240320,10,18353,183530,5,154542,772710
485,3600000,0,0,120000,0,0,250,50,12500,50,435,21750,30,1519,45570,20,15326,306520,10,17833,178330,5,175071,875355
484,3600000,1,3600000,120000,2,240000,250,27,6750,50,197,9850,30,1007,30210,20,9234,184680,10,15177,151770,5,135777,678885
483,3600000,0,0,120000,1,120000,250,39,9750,50,338,16900,30,1691,50730,20,13128,262560,10,21664,216640,5,162039,810195
482,3600000,0,0,120000,1,120000,250,22,5500,50,232,11600,30,1052,31560,20,10309,206180,10,14755,147550,5,143613,718065
481,3600000,1,3600000,120000,1,120000,250,13,3250,50,210,10500,30,866,25980,20,9415,188300,10,11978,119780,5,133305,666525
480,3600000,1,3600000,120000,0,0,250,22,5500,50,198,9900,30,1090,32700,20,9209,184180,10,15791,157910,5,131091,655455
479,3600000,0,0,120000,2,240000,250,14,3500,50,198,9900,30,997,29910,20,9074,181480,10,13981,139810,5,126890,634450
478,3600000,1,3600000,120000,1,120000,250,24,6000,50,214,10700,30,1105,33150,20,9218,184360,10,15820,158200,5,132691,663455
477,3600000,0,0,120000,2,240000,250,24,6000,50,266,13300,30,1182,35460,20,10648,212960,10,16544,165440,5,141231,706155
476,3600000,0,0,120000,1,120000,250,27,6750,50,225,11250,30,1074,32220,20,9479,189580,10,16115,161150,5,137535,687675
475,3600000,0,0,120000,2,240000,250,32,8000,50,334,16700,30,1191,35730,20,12497,249940,10,15536,155360,5,158695,793475
474,3600000,0,0,120000,0,0,250,31,7750,50,227,11350,30,1292,38760,20,10838,216760,10,16878,168780,5,144268,721340
473,3600000,0,0,120000,2,240000,250,26,6500,50,239,11950,30,1150,34500,20,10406,208120,10,15683,156830,5,142928,714640
472,3600000,0,0,120000,0,0,250,28,7000,50,280,14000,30,1026,30780,20,12159,243180,10,13979,139790,5,161954,809770
471,3600000,0,0,120000,3,360000,250,25,6250,50,249,12450,30,1346,40380,20,11407,228140,10,17002,170020,5,150253,751265
470,3600000,0,0,120000,3,360000,250,31,7750,50,267,13350,30,1249,37470,20,9956,199120,10,16786,167860,5,137308,686540
469,3600000,1,3600000,120000,1,120000,250,28,7000,50,249,12450,30,1188,35640,20,10799,215980,10,16310,163100,5,144885,724425
468,3600000,0,0,120000,2,240000,250,53,13250,50,394,19700,30,1690,50700,20,13577,271540,10,17820,178200,5,160198,800990
467,3600000,0,0,120000,0,0,250,21,5250,50,226,11300,30,1075,32250,20,9870,197400,10,15694,156940,5,141525,707625
466,3600000,0,0,120000,0,0,250,26,6500,50,235,11750,30,1203,36090,20,9121,182420,10,16858,168580,5,131751,658755
465,3600000,0,0,120000,1,120000,250,11,2750,50,161,8050,30,991,29730,20,8140,162800,10,14913,149130,5,121478,607390
464,3600000,0,0,120000,0,0,250,31,7750,50,234,11700,30,1178,35340,20,9900,198000,10,16779,167790,5,141630,708150
463,3600000,0,0,120000,3,360000,250,34,8500,50,231,11550,30,1142,34260,20,10882,217640,10,16131,161310,5,146358,731790
462,3600000,0,0,120000,0,0,250,22,5500,50,194,9700,30,1042,31260,20,9973,199460,10,14604,146040,5,147444,737220
461,3600000,0,0,120000,1,120000,250,51,12750,50,268,13400,30,1225,36750,20,11468,229360,10,16953,169530,5,156543,782715
460,3600000,0,0,120000,1,120000,250,38,9500,50,306,15300,30,1347,40410,20,12067,241340,10,18025,180250,5,156166,780830
459,3600000,0,0,120000,1,120000,250,32,8000,50,208,10400,30,1069,32070,20,9278,185560,10,15403,154030,5,137686,688430
458,3600000,1,3600000,120000,3,360000,250,27,6750,50,272,13600,30,1442,43260,20,12048,240960,10,18590,185900,5,157089,785445
457,3600000,0,0,120000,0,0,250,21,5250,50,186,9300,30,1104,33120,20,9134,182680,10,15601,156010,5,133826,669130
456,3600000,0,0,120000,3,360000,250,46,11500,50,365,18250,30,1607,48210,20,14082,281640,10,19203,192030,5,163943,819715
455,3600000,0,0,120000,0,0,250,25,6250,50,217,10850,30,951,28530,20,8723,174460,10,14467,144670,5,126147,630735
454,3600000,0,0,120000,1,120000,250,20,5000,50,217,10850,30,1030,30900,20,8911,178220,10,14807,148070,5,128224,641120
453,3600000,1,3600000,120000,0,0,250,24,6000,50,285,14250,30,1387,41610,20,11433,228660,10,17576,175760,5,150563,752815
452,3600000,0,0,120000,0,0,250,32,8000,50,273,13650,30,1101,33030,20,11634,232680,10,14229,142290,5,159326,796630
451,3600000,0,0,120000,2,240000,250,18,4500,50,263,13150,30,937,28110,20,10227,204540,10,13080,130800,5,140707,703535
450,3600000,0,0,120000,0,0,250,45,11250,50,231,11550,30,1393,41790,20,10370,207400,10,19328,193280,5,145530,727650
449,3600000,0,0,120000,2,240000,250,35,8750,50,260,13000,30,1198,35940,20,11091,221820,10,16077,160770,5,151736,758680
448,3600000,0,0,120000,0,0,250,33,8250,50,223,11150,30,1240,37200,20,9878,197560,10,15600,156000,5,130432,652160
447,3600000,0,0,120000,1,120000,250,23,5750,50,213,10650,30,1171,35130,20,9910,198200,10,15336,153360,5,136201,681005
446,3600000,0,0,120000,0,0,250,19,4750,50,207,10350,30,1032,30960,20,9148,182960,10,15239,152390,5,135146,675730
445,3600000,0,0,120000,0,0,250,23,5750,50,238,11900,30,1187,35610,20,11143,222860,10,15989,159890,5,148412,742060
444,3600000,0,0,120000,2,240000,250,21,5250,50,240,12000,30,1241,37230,20,9464,189280,10,16836,168360,5,128729,643645
443,3600000,0,0,120000,0,0,250,25,6250,50,203,10150,30,1252,37560,20,10058,201160,10,15606,156060,5,134081,670405
442,3600000,0,0,120000,1,120000,250,29,7250,50,280,14000,30,1326,39780,20,11184,223680,10,17273,172730,5,147423,737115
441,3600000,1,3600000,120000,0,0,250,22,5500,50,235,11750,30,1112,33360,20,9927,198540,10,15864,158640,5,140085,700425
440,3600000,0,0,120000,3,360000,250,30,7500,50,300,15000,30,1246,37380,20,11030,220600,10,16805,168050,5,144178,720890
439,3600000,0,0,120000,1,120000,250,10,2500,50,227,11350,30,936,28080,20,9533,190660,10,13556,135560,5,136570,682850
438,3600000,0,0,120000,1,120000,250,28,7000,50,232,11600,30,1340,40200,20,10499,209980,10,16722,167220,5,139027,695135
437,3600000,0,0,120000,1,120000,250,47,11750,50,259,12950,30,1284,38520,20,11023,220460,10,16711,167110,5,141879,709395
436,3600000,1,3600000,120000,0,0,250,21,5250,50,171,8550,30,925,27750,20,8449,168980,10,12536,125360,5,122575,612875
435,3600000,0,0,120000,1,120000,250,28,7000,50,287,14350,30,998,29940,20,12040,240800,10,13519,135190,5,152558,762790
434,3600000,0,0,120000,0,0,250,24,6000,50,286,14300,30,1070,32100,20,11764,235280,10,13710,137100,5,152392,761960
433,3600000,0,0,120000,1,120000,250,60,15000,50,445,22250,30,1736,52080,20,15867,317340,10,20935,209350,5,183237,916185
432,3600000,0,0,120000,0,0,250,30,7500,50,206,10300,30,993,29790,20,9747,194940,10,14735,147350,5,141882,709410
431,3600000,0,0,120000,0,0,250,22,5500,50,223,11150,30,1150,34500,20,10215,204300,10,15897,158970,5,142207,711035
430,3600000,0,0,120000,0,0,250,29,7250,50,275,13750,30,1288,38640,20,10994,219880,10,16595,165950,5,146459,732295
429,3600000,0,0,120000,2,240000,250,23,5750,50,221,11050,30,1109,33270,20,9546,190920,10,15393,153930,5,135565,677825
428,3600000,1,3600000,120000,1,120000,250,27,6750,50,200,10000,30,1160,34800,20,9271,185420,10,15972,159720,5,130771,653855
427,3600000,0,0,120000,1,120000,250,40,10000,50,339,16950,30,1413,42390,20,12579,251580,10,17554,175540,5,154203,771015
426,3600000,0,0,120000,2,240000,250,39,9750,50,249,12450,30,1103,33090,20,11353,227060,10,15673,156730,5,158472,792360
425,3600000,0,0,120000,0,0,250,29,7250,50,247,12350,30,1457,43710,20,11295,225900,10,20106,201060,5,153015,765075
424,3600000,0,0,120000,1,120000,250,21,5250,50,211,10550,30,1112,33360,20,8878,177560,10,15639,156390,5,128347,641735
423,3600000,0,0,120000,1,120000,250,29,7250,50,218,10900,30,1125,33750,20,9232,184640,10,17163,171630,5,133872,669360
422,3600000,0,0,120000,2,240000,250,27,6750,50,245,12250,30,1409,42270,20,10902,218040,10,19318,193180,5,149110,745550
421,3600000,0,0,120000,2,240000,250,27,6750,50,274,13700,30,1146,34380,20,10635,212700,10,15853,158530,5,142380,711900
420,3600000,0,0,120000,1,120000,250,55,13750,50,398,19900,30,1582,47460,20,14208,284160,10,20037,200370,5,169634,848170
419,3600000,0,0,120000,1,120000,250,27,6750,50,206,10300,30,1166,34980,20,10286,205720,10,16218,162180,5,146260,731300
418,3600000,0,0,120000,0,0,250,26,6500,50,294,14700,30,1038,31140,20,10973,219460,10,14377,143770,5,145704,728520
417,3600000,0,0,120000,1,120000,250,41,10250,50,298,14900,30,1458,43740,20,12508,250160,10,18195,181950,5,159082,795410
416,3600000,0,0,120000,2,240000,250,34,8500,50,275,13750,30,1279,38370,20,11371,227420,10,16969,169690,5,150860,754300
415,3600000,0,0,120000,0,0,250,26,6500,50,220,11000,30,916,27480,20,10085,201700,10,12438,124380,5,140383,701915
414,3600000,0,0,120000,1,120000,250,23,5750,50,246,12300,30,937,28110,20,10138,202760,10,12469,124690,5,140062,700310
413,3600000,0,0,120000,2,240000,250,20,5000,50,225,11250,30,934,28020,20,10171,203420,10,12501,125010,5,137864,689320
412,3600000,0,0,120000,2,240000,250,24,6000,50,215,10750,30,1091,32730,20,9906,198120,10,15585,155850,5,137105,685525
411,3600000,0,0,120000,2,240000,250,34,8500,50,280,14000,30,1327,39810,20,11485,229700,10,17342,173420,5,151251,756255
410,3600000,0,0,120000,3,360000,250,22,5500,50,349,17450,30,1359,40770,20,13036,260720,10,15672,156720,5,155391,776955
409,3600000,0,0,120000,4,480000,250,42,10500,50,311,15550,30,1525,45750,20,13180,263600,10,19265,192650,5,165137,825685
408,3600000,0,0,120000,1,120000,250,31,7750,50,279,13950,30,1347,40410,20,12538,250760,10,17479,174790,5,157232,786160
407,3600000,0,0,120000,1,120000,250,20,5000,50,288,14400,30,997,29910,20,12020,240400,10,13816,138160,5,155511,777555
406,3600000,1,3600000,120000,0,0,250,41,10250,50,282,14100,30,1735,52050,20,12083,241660,10,20526,205260,5,156451,782255
405,3600000,0,0,120000,2,240000,250,40,10000,50,356,17800,30,1369,41070,20,12997,259940,10,18800,188000,5,170130,850650
404,3600000,0,0,120000,2,240000,250,37,9250,50,266,13300,30,1268,38040,20,10851,217020,10,17426,174260,5,149392,746960
403,3600000,0,0,120000,4,480000,250,39,9750,50,410,20500,30,1441,43230,20,14178,283560,10,17234,172340,5,165828,829140
402,3600000,0,0,120000,0,0,250,27,6750,50,218,10900,30,1095,32850,20,9501,190020,10,14631,146310,5,134678,673390
401,3600000,0,0,120000,2,240000,250,28,7000,50,307,15350,30,1163,34890,20,10631,212620,10,15301,153010,5,143370,716850
400,3600000,0,0,120000,0,0,250,30,7500,50,259,12950,30,1125,33750,20,10675,213500,10,16547,165470,5,149760,748800
399,3600000,1,3600000,120000,5,600000,250,36,9000,50,335,16750,30,1519,45570,20,12691,253820,10,18671,186710,5,158549,792745
398,3600000,0,0,120000,0,0,250,26,6500,50,222,11100,30,1097,32910,20,9716,194320,10,15452,154520,5,137771,688855
397,3600000,0,0,120000,1,120000,250,42,10500,50,435,21750,30,1668,50040,20,16271,325420,10,20955,209550,5,193814,969070
396,3600000,0,0,120000,2,240000,250,38,9500,50,247,12350,30,1211,36330,20,10392,207840,10,17651,176510,5,139903,699515
395,3600000,1,3600000,120000,4,480000,250,48,12000,50,509,25450,30,1608,48240,20,16577,331540,10,19241,192410,5,181999,909995
394,3600000,0,0,120000,0,0,250,24,6000,50,217,10850,30,1108,33240,20,9910,198200,10,15807,158070,5,141975,709875
393,3600000,0,0,120000,4,480000,250,30,7500,50,211,10550,30,1115,33450,20,9265,185300,10,15788,157880,5,132654,663270
392,3600000,0,0,120000,2,240000,250,44,11000,50,269,13450,30,1304,39120,20,11059,221180,10,16505,165050,5,137636,688180
391,3600000,0,0,120000,1,120000,250,26,6500,50,278,13900,30,1098,32940,20,10798,215960,10,14629,146290,5,141103,705515
390,3600000,1,3600000,120000,1,120000,250,22,5500,50,234,11700,30,955,28650,20,9884,197680,10,13136,131360,5,136193,680965
389,3600000,0,0,120000,1,120000,250,22,5500,50,211,10550,30,1005,30150,20,9502,190040,10,14010,140100,5,127840,639200
388,3600000,0,0,120000,3,360000,250,20,5000,50,207,10350,30,889,26670,20,8749,174980,10,12750,127500,5,123940,619700
387,3600000,0,0,120000,2,240000,250,45,11250,50,373,18650,30,1463,43890,20,13025,260500,10,18022,180220,5,154099,770495
386,3600000,0,0,120000,0,0,250,33,8250,50,236,11800,30,1121,33630,20,9219,184380,10,15722,157220,5,124491,622455
385,3600000,0,0,120000,0,0,250,39,9750,50,239,11950,30,1479,44370,20,11299,225980,10,17437,174370,5,141817,709085
384,3600000,0,0,120000,0,0,250,22,5500,50,241,12050,30,1090,32700,20,11349,226980,10,14638,146380,5,146411,732055
383,3600000,0,0,120000,0,0,250,22,5500,50,232,11600,30,1067,32010,20,10287,205740,10,14650,146500,5,138734,693670
382,3600000,1,3600000,120000,0,0,250,27,6750,50,245,12250,30,1028,30840,20,10939,218780,10,13310,133100,5,148943,744715
381,3600000,0,0,120000,0,0,250,24,6000,50,275,13750,30,1365,40950,20,11392,227840,10,18326,183260,5,152740,763700
380,3600000,1,3600000,120000,1,120000,250,24,6000,50,241,12050,30,1188,35640,20,10655,213100,10,16599,165990,5,144002,720010
379,3600000,2,7200000,120000,0,0,250,61,15250,50,362,18100,30,2075,62250,20,14001,280020,10,22750,227500,5,161047,805235
378,3600000,0,0,120000,0,0,250,23,5750,50,225,11250,30,1269,38070,20,10139,202780,10,17569,175690,5,138619,693095
377,3600000,0,0,120000,0,0,250,20,5000,50,266,13300,30,924,27720,20,10872,217440,10,13383,133830,5,147612,738060
376,3600000,1,3600000,120000,1,120000,250,23,5750,50,293,14650,30,1040,31200,20,11771,235420,10,13666,136660,5,152640,763200
375,3600000,0,0,120000,0,0,250,24,6000,50,256,12800,30,1197,35910,20,9909,198180,10,17101,171010,5,138152,690760
374,3600000,0,0,120000,1,120000,250,28,7000,50,199,9950,30,1088,32640,20,9791,195820,10,14794,147940,5,132826,664130
373,3600000,0,0,120000,1,120000,250,33,8250,50,264,13200,30,1050,31500,20,11730,234600,10,14084,140840,5,160093,800465
372,3600000,0,0,120000,1,120000,250,32,8000,50,221,11050,30,1184,35520,20,10418,208360,10,16269,162690,5,145440,727200
371,3600000,1,3600000,120000,0,0,250,37,9250,50,248,12400,30,1224,36720,20,11061,221220,10,17408,174080,5,151598,757990
370,3600000,0,0,120000,1,120000,250,39,9750,50,349,17450,30,1759,52770,20,12922,258440,10,21400,214000,5,161560,807800
369,3600000,0,0,120000,1,120000,250,42,10500,50,304,15200,30,1399,41970,20,12735,254700,10,17712,177120,5,163586,817930
368,3600000,0,0,120000,0,0,250,17,4250,50,223,11150,30,909,27270,20,9841,196820,10,12577,125770,5,139469,697345
367,3600000,0,0,120000,1,120000,250,18,4500,50,222,11100,30,846,25380,20,8472,169440,10,11427,114270,5,113079,565395
366,3600000,1,3600000,120000,1,120000,250,25,6250,50,272,13600,30,1269,38070,20,11264,225280,10,15961,159610,5,140753,703765
365,3600000,0,0,120000,0,0,250,30,7500,50,202,10100,30,1302,39060,20,9920,198400,10,18071,180710,5,131752,658760
364,3600000,0,0,120000,1,120000,250,25,6250,50,228,11400,30,1051,31530,20,9696,193920,10,15569,155690,5,137025,685125
363,3600000,0,0,120000,1,120000,250,24,6000,50,297,14850,30,1391,41730,20,11644,232880,10,18427,184270,5,150702,753510
362,3600000,1,3600000,120000,3,360000,250,25,6250,50,280,14000,30,1353,40590,20,11287,225740,10,17086,170860,5,147057,735285
361,3600000,0,0,120000,2,240000,250,41,10250,50,262,13100,30,1146,34380,20,10364,207280,10,15479,154790,5,136631,683155
360,3600000,0,0,120000,0,0,250,37,9250,50,226,11300,30,1370,41100,20,9795,195900,10,18631,186310,5,135546,677730
359,3600000,0,0,120000,2,240000,250,21,5250,50,269,13450,30,875,26250,20,9769,195380,10,12137,121370,5,134310,671550
358,3600000,0,0,120000,1,120000,250,22,5500,50,271,13550,30,859,25770,20,10735,214700,10,12435,124350,5,136882,684410
357,3600000,0,0,120000,3,360000,250,32,8000,50,308,15400,30,1190,35700,20,11180,223600,10,15419,154190,5,143493,717465
356,3600000,0,0,120000,0,0,250,28,7000,50,252,12600,30,1370,41100,20,10255,205100,10,17800,178000,5,139727,698635
355,3600000,0,0,120000,0,0,250,31,7750,50,211,10550,30,1363,40890,20,10374,207480,10,18250,182500,5,143114,715570
354,3600000,0,0,120000,0,0,250,19,4750,50,204,10200,30,1156,34680,20,9338,186760,10,15060,150600,5,132277,661385
353,3600000,2,7200000,120000,4,480000,250,56,14000,50,415,20750,30,1615,48450,20,14336,286720,10,18335,183350,5,163431,817155
352,3600000,0,0,120000,2,240000,250,40,10000,50,272,13600,30,1523,45690,20,12266,245320,10,17516,175160,5,153120,765600
351,3600000,0,0,120000,0,0,250,23,5750,50,271,13550,30,1172,35160,20,11007,220140,10,15952,159520,5,150902,754510
350,3600000,0,0,120000,2,240000,250,25,6250,50,263,13150,30,1078,32340,20,10389,207780,10,14893,148930,5,143906,719530
349,3600000,0,0,120000,0,0,250,17,4250,50,217,10850,30,1107,33210,20,10240,204800,10,14746,147460,5,144110,720550
348,3600000,0,0,120000,0,0,250,28,7000,50,217,10850,30,1316,39480,20,10406,208120,10,19214,192140,5,143816,719080
347,3600000,0,0,120000,0,0,250,29,7250,50,249,12450,30,1108,33240,20,10676,213520,10,14881,148810,5,147191,735955
346,3600000,0,0,120000,1,120000,250,29,7250,50,197,9850,30,1099,32970,20,9635,192700,10,15453,154530,5,136410,682050
345,3600000,0,0,120000,3,360000,250,29,7250,50,301,15050,30,1403,42090,20,12675,253500,10,18125,181250,5,158589,792945
344,3600000,0,0,120000,1,120000,250,22,5500,50,247,12350,30,1044,31320,20,10328,206560,10,14488,144880,5,142564,712820
343,3600000,0,0,120000,1,120000,250,28,7000,50,257,12850,30,1331,39930,20,11365,227300,10,16539,165390,5,146990,734950
342,3600000,0,0,120000,2,240000,250,34,8500,50,215,10750,30,1118,33540,20,10381,207620,10,15985,159850,5,139166,695830
341,3600000,0,0,120000,1,120000,250,19,4750,50,199,9950,30,923,27690,20,8655,173100,10,14111,141110,5,127501,637505
340,3600000,0,0,120000,1,120000,250,30,7500,50,226,11300,30,1048,31440,20,10021,200420,10,14766,147660,5,140254,701270
339,3600000,0,0,120000,1,120000,250,26,6500,50,275,13750,30,1055,31650,20,11031,220620,10,13746,137460,5,146711,733555
338,3600000,0,0,120000,1,120000,250,35,8750,50,270,13500,30,1335,40050,20,11101,222020,10,17334,173340,5,148973,744865
337,3600000,0,0,120000,1,120000,250,33,8250,50,299,14950,30,1064,31920,20,10642,212840,10,14052,140520,5,141847,709235
336,3600000,0,0,120000,1,120000,250,26,6500,50,259,12950,30,1230,36900,20,10888,217760,10,16069,160690,5,146292,731460
335,3600000,0,0,120000,1,120000,250,20,5000,50,234,11700,30,857,25710,20,9322,186440,10,12473,124730,5,136069,680345
334,3600000,0,0,120000,2,240000,250,25,6250,50,201,10050,30,1180,35400,20,9244,184880,10,17070,170700,5,135547,677735
333,3600000,0,0,120000,1,120000,250,37,9250,50,308,15400,30,1495,44850,20,12502,250040,10,19584,195840,5,160260,801300
332,3600000,0,0,120000,0,0,250,24,6000,50,256,12800,30,944,28320,20,11291,225820,10,13239,132390,5,154173,770865
331,3600000,0,0,120000,2,240000,250,30,7500,50,267,13350,30,1258,37740,20,11141,222820,10,16405,164050,5,148624,743120
330,3600000,0,0,120000,1,120000,250,37,9250,50,244,12200,30,1629,48870,20,11974,239480,10,21301,213010,5,156178,780890
329,3600000,0,0,120000,0,0,250,28,7000,50,232,11600,30,1128,33840,20,10649,212980,10,15225,152250,5,152803,764015
328,3600000,0,0,120000,2,240000,250,21,5250,50,240,12000,30,1228,36840,20,9954,199080,10,15926,159260,5,139672,698360
327,3600000,0,0,120000,1,120000,250,25,6250,50,278,13900,30,1140,34200,20,10548,210960,10,15090,150900,5,136805,684025
326,3600000,0,0,120000,0,0,250,35,8750,50,295,14750,30,1206,36180,20,10533,210660,10,16106,161060,5,140233,701165
325,3600000,0,0,120000,0,0,250,20,5000,50,219,10950,30,1062,31860,20,9306,186120,10,15888,158880,5,128922,644610
324,3600000,0,0,120000,0,0,250,35,8750,50,180,9000,30,986,29580,20,8877,177540,10,13799,137990,5,125674,628370
323,3600000,0,0,120000,3,360000,250,32,8000,50,240,12000,30,1360,40800,20,10445,208900,10,18184,181840,5,135373,676865
322,3600000,0,0,120000,0,0,250,33,8250,50,272,13600,30,1170,35100,20,10713,214260,10,15661,156610,5,143774,718870
321,3600000,1,3600000,120000,1,120000,250,36,9000,50,267,13350,30,1246,37380,20,10927,218540,10,15734,157340,5,142726,713630
320,3600000,0,0,120000,2,240000,250,46,11500,50,291,14550,30,1667,50010,20,12210,244200,10,19927,199270,5,151875,759375
319,3600000,0,0,120000,1,120000,250,26,6500,50,233,11650,30,1086,32580,20,9683,193660,10,14490,144900,5,130269,651345
318,3600000,0,0,120000,3,360000,250,20,5000,50,230,11500,30,1207,36210,20,9998,199960,10,16882,168820,5,134310,671550
317,3600000,0,0,120000,1,120000,250,22,5500,50,210,10500,30,989,29670,20,9072,181440,10,13810,138100,5,123508,617540
316,3600000,0,0,120000,0,0,250,14,3500,50,185,9250,30,803,24090,20,8146,162920,10,10916,109160,5,114906,574530
315,3600000,0,0,120000,0,0,250,29,7250,50,278,13900,30,1368,41040,20,11071,221420,10,17716,177160,5,146853,734265
314,3600000,0,0,120000,0,0,250,31,7750,50,211,10550,30,1211,36330,20,9786,195720,10,17300,173000,5,137894,689470
313,3600000,0,0,120000,3,360000,250,30,7500,50,233,11650,30,1205,36150,20,10269,205380,10,16898,168980,5,143138,715690
312,3600000,0,0,120000,2,240000,250,22,5500,50,411,20550,30,1324,39720,20,14226,284520,10,16514,165140,5,170756,853780
311,3600000,0,0,120000,1,120000,250,32,8000,50,195,9750,30,1144,34320,20,10012,200240,10,15859,158590,5,145916,729580
310,3600000,0,0,120000,0,0,250,30,7500,50,184,9200,30,1021,30630,20,10029,200580,10,14244,142440,5,141419,707095
309,3600000,0,0,120000,3,360000,250,29,7250,50,301,15050,30,1325,39750,20,11961,239220,10,17808,178080,5,158111,790555
308,3600000,0,0,120000,0,0,250,27,6750,50,222,11100,30,1252,37560,20,10276,205520,10,17768,177680,5,139981,699905
307,3600000,0,0,120000,2,240000,250,36,9000,50,277,13850,30,1399,41970,20,11304,226080,10,17965,179650,5,152400,762000
306,3600000,0,0,120000,0,0,250,33,8250,50,203,10150,30,1138,34140,20,10073,201460,10,15790,157900,5,140749,703745
305,3600000,1,3600000,120000,2,240000,250,43,10750,50,412,20600,30,1566,46980,20,13435,268700,10,19479,194790,5,165828,829140
304,3600000,0,0,120000,1,120000,250,13,3250,50,201,10050,30,950,28500,20,10183,203660,10,13572,135720,5,151786,758930
303,3600000,1,3600000,120000,2,240000,250,20,5000,50,199,9950,30,974,29220,20,9967,199340,10,13266,132660,5,144631,723155
302,3600000,0,0,120000,1,120000,250,22,5500,50,290,14500,30,1273,38190,20,11002,220040,10,17832,178320,5,148670,743350
301,3600000,0,0,120000,1,120000,250,24,6000,50,287,14350,30,1331,39930,20,12326,246520,10,17516,175160,5,160960,804800
300,3600000,0,0,120000,3,360000,250,31,7750,50,242,12100,30,1297,38910,20,10962,219240,10,18536,185360,5,147877,739385
299,3600000,1,3600000,120000,2,240000,250,38,9500,50,301,15050,30,1475,44250,20,11567,231340,10,19472,194720,5,150741,753705
298,3600000,0,0,120000,2,240000,250,28,7000,50,270,13500,30,1186,35580,20,11531,230620,10,15903,159030,5,158273,791365
297,3600000,0,0,120000,2,240000,250,34,8500,50,302,15100,30,1801,54030,20,12325,246500,10,22160,221600,5,162754,813770
296,3600000,0,0,120000,0,0,250,28,7000,50,314,15700,30,1375,41250,20,11291,225820,10,17538,175380,5,151814,759070
295,3600000,0,0,120000,1,120000,250,34,8500,50,220,11000,30,1149,34470,20,10326,206520,10,15996,159960,5,144811,724055
294,3600000,0,0,120000,0,0,250,33,8250,50,227,11350,30,1222,36660,20,10612,212240,10,16299,162990,5,140085,700425
293,3600000,0,0,120000,0,0,250,31,7750,50,303,15150,30,1206,36180,20,11725,234500,10,16891,168910,5,157662,788310
292,3600000,1,3600000,120000,0,0,250,35,8750,50,237,11850,30,1163,34890,20,10071,201420,10,16107,161070,5,139999,699995
291,3600000,0,0,120000,1,120000,250,24,6000,50,261,13050,30,1196,35880,20,10360,207200,10,16877,168770,5,145389,726945
290,3600000,0,0,120000,2,240000,250,16,4000,50,261,13050,30,1211,36330,20,11011,220220,10,16736,167360,5,145865,729325
289,3600000,0,0,120000,4,480000,250,25,6250,50,221,11050,30,1083,32490,20,9173,183460,10,15858,158580,5,130847,654235
288,3600000,0,0,120000,1,120000,250,27,6750,50,226,11300,30,1193,35790,20,9399,187980,10,16523,165230,5,131618,658090
287,3600000,0,0,120000,2,240000,250,40,10000,50,322,16100,30,1359,40770,20,11914,238280,10,18351,183510,5,156614,783070
286,3600000,0,0,120000,1,120000,250,28,7000,50,275,13750,30,1003,30090,20,10391,207820,10,13913,139130,5,139964,699820
285,3600000,0,0,120000,2,240000,250,24,6000,50,278,13900,30,933,27990,20,10203,204060,10,12453,124530,5,140142,700710
284,3600000,0,0,120000,1,120000,250,24,6000,50,184,9200,30,956,28680,20,8878,177560,10,14712,147120,5,129224,646120
283,3600000,0,0,120000,2,240000,250,29,7250,50,227,11350,30,1155,34650,20,9360,187200,10,16225,162250,5,131606,658030
282,3600000,0,0,120000,1,120000,250,24,6000,50,290,14500,30,1268,38040,20,11177,223540,10,16636,166360,5,146902,734510
281,3600000,0,0,120000,3,360000,250,19,4750,50,301,15050,30,1307,39210,20,10964,219280,10,16534,165340,5,141875,709375
280,3600000,0,0,120000,2,240000,250,31,7750,50,188,9400,30,1141,34230,20,9380,187600,10,16389,163890,5,133081,665405
279,3600000,0,0,120000,1,120000,250,15,3750,50,230,11500,30,965,28950,20,10439,208780,10,13853,138530,5,140403,702015
278,3600000,0,0,120000,0,0,250,26,6500,50,227,11350,30,958,28740,20,10435,208700,10,13255,132550,5,149833,749165
277,3600000,0,0,120000,3,360000,250,50,12500,50,359,17950,30,1612,48360,20,13312,266240,10,19024,190240,5,162269,811345
276,3600000,1,3600000,120000,1,120000,250,31,7750,50,341,17050,30,1379,41370,20,12475,249500,10,17568,175680,5,157825,789125
275,3600000,0,0,120000,2,240000,250,24,6000,50,231,11550,30,1142,34260,20,10216,204320,10,16723,167230,5,143645,718225
274,3600000,0,0,120000,0,0,250,48,12000,50,289,14450,30,1672,50160,20,11920,238400,10,20829,208290,5,153531,767655
273,3600000,0,0,120000,1,120000,250,23,5750,50,198,9900,30,853,25590,20,9181,183620,10,13077,130770,5,128829,644145
272,3600000,0,0,120000,0,0,250,32,8000,50,319,15950,30,1502,45060,20,13075,261500,10,18062,180620,5,162381,811905
271,3600000,0,0,120000,0,0,250,49,12250,50,320,16000,30,1434,43020,20,12619,252380,10,18832,188320,5,158124,790620
270,3600000,0,0,120000,0,0,250,31,7750,50,272,13600,30,1223,36690,20,11182,223640,10,16561,165610,5,153837,769185
269,3600000,0,0,120000,0,0,250,30,7500,50,308,15400,30,1263,37890,20,11363,227260,10,17270,172700,5,151914,759570
268,3600000,0,0,120000,1,120000,250,42,10500,50,298,14900,30,1576,47280,20,13586,271720,10,18610,186100,5,165760,828800
267,3600000,0,0,120000,0,0,250,30,7500,50,256,12800,30,1219,36570,20,11511,230220,10,16788,167880,5,153483,767415
266,3600000,0,0,120000,1,120000,250,42,10500,50,368,18400,30,1408,42240,20,13114,262280,10,17291,172910,5,158848,794240
265,3600000,0,0,120000,0,0,250,24,6000,50,248,12400,30,954,28620,20,10409,208180,10,12424,124240,5,142580,712900
264,3600000,0,0,120000,0,0,250,27,6750,50,240,12000,30,1040,31200,20,9824,196480,10,15174,151740,5,137065,685325
263,3600000,0,0,120000,0,0,250,24,6000,50,309,15450,30,1332,39960,20,12897,257940,10,16362,163620,5,164608,823040
262,3600000,0,0,120000,0,0,250,32,8000,50,258,12900,30,1183,35490,20,10746,214920,10,16648,166480,5,147176,735880
261,3600000,0,0,120000,0,0,250,23,5750,50,269,13450,30,1177,35310,20,10615,212300,10,16156,161560,5,146798,733990
260,3600000,1,3600000,120000,0,0,250,28,7000,50,282,14100,30,1075,32250,20,11401,228020,10,13997,139970,5,154660,773300
259,3600000,0,0,120000,0,0,250,31,7750,50,222,11100,30,1154,34620,20,10314,206280,10,16137,161370,5,146956,734780
258,3600000,0,0,120000,6,720000,250,24,6000,50,279,13950,30,1330,39900,20,11524,230480,10,17347,173470,5,152416,762080
257,3600000,0,0,120000,1,120000,250,12,3000,50,203,10150,30,942,28260,20,9613,192260,10,12211,122110,5,134324,671620
256,3600000,0,0,120000,3,360000,250,55,13750,50,362,18100,30,1630,48900,20,12659,253180,10,19714,197140,5,156262,781310
255,3600000,0,0,120000,0,0,250,25,6250,50,277,13850,30,1363,40890,20,11234,224680,10,17338,173380,5,147407,737035
254,3600000,1,3600000,120000,2,240000,250,27,6750,50,233,11650,30,1043,31290,20,9718,194360,10,14282,142820,5,134297,671485
253,3600000,0,0,120000,3,360000,250,35,8750,50,284,14200,30,1385,41550,20,12357,247140,10,17496,174960,5,156040,780200
252,3600000,0,0,120000,1,120000,250,14,3500,50,218,10900,30,1024,30720,20,10517,210340,10,13413,134130,5,149127,745635
251,3600000,0,0,120000,1,120000,250,26,6500,50,291,14550,30,1437,43110,20,12015,240300,10,18406,184060,5,158324,791620
250,3600000,0,0,120000,0,0,250,30,7500,50,232,11600,30,1153,34590,20,11186,223720,10,15871,158710,5,150696,753480
249,3600000,0,0,120000,1,120000,250,29,7250,50,239,11950,30,1100,33000,20,10463,209260,10,16307,163070,5,150720,753600
248,3600000,0,0,120000,1,120000,250,24,6000,50,225,11250,30,1104,33120,20,10088,201760,10,15334,153340,5,136443,682215
247,3600000,0,0,120000,2,240000,250,25,6250,50,294,14700,30,1405,42150,20,11161,223220,10,18192,181920,5,146610,733050
246,3600000,1,3600000,120000,2,240000,250,20,5000,50,237,11850,30,1070,32100,20,9066,181320,10,16222,162220,5,129456,647280
245,3600000,0,0,120000,0,0,250,33,8250,50,243,12150,30,1077,32310,20,9518,190360,10,16499,164990,5,142955,714775
244,3600000,0,0,120000,1,120000,250,31,7750,50,362,18100,30,1675,50250,20,13623,272460,10,20514,205140,5,168363,841815
243,3600000,0,0,120000,3,360000,250,23,5750,50,271,13550,30,1264,37920,20,10585,211700,10,18635,186350,5,144045,720225
242,3600000,0,0,120000,0,0,250,27,6750,50,257,12850,30,1228,36840,20,10887,217740,10,16781,167810,5,148146,740730
241,3600000,0,0,120000,2,240000,250,24,6000,50,232,11600,30,1107,33210,20,10019,200380,10,15760,157600,5,139204,696020
240,3600000,0,0,120000,1,120000,250,27,6750,50,247,12350,30,1428,42840,20,11262,225240,10,18481,184810,5,154858,774290
239,3600000,0,0,120000,0,0,250,21,5250,50,274,13700,30,1084,32520,20,11354,227080,10,14147,141470,5,154037,770185
238,3600000,0,0,120000,1,120000,250,14,3500,50,218,10900,30,1149,34470,20,9784,195680,10,16620,166200,5,139725,698625
237,3600000,0,0,120000,0,0,250,42,10500,50,247,12350,30,1492,44760,20,11751,235020,10,19461,194610,5,157099,785495
236,3600000,0,0,120000,2,240000,250,35,8750,50,339,16950,30,1215,36450,20,12594,251880,10,16805,168050,5,166770,833850
235,3600000,0,0,120000,2,240000,250,28,7000,50,280,14000,30,1306,39180,20,12332,246640,10,18167,181670,5,163967,819835
234,3600000,0,0,120000,0,0,250,31,7750,50,224,11200,30,1142,34260,20,10013,200260,10,16148,161480,5,143852,719260
233,3600000,1,3600000,120000,4,480000,250,41,10250,50,294,14700,30,1516,45480,20,12430,248600,10,19166,191660,5,165357,826785
232,3600000,0,0,120000,0,0,250,24,6000,50,215,10750,30,1122,33660,20,9820,196400,10,15619,156190,5,139836,699180
231,3600000,0,0,120000,2,240000,250,21,5250,50,218,10900,30,1056,31680,20,9204,184080,10,15352,153520,5,136318,681590
230,3600000,0,0,120000,0,0,250,48,12000,50,276,13800,30,1593,47790,20,11814,236280,10,20673,206730,5,156155,780775
229,3600000,0,0,120000,2,240000,250,33,8250,50,283,14150,30,1315,39450,20,12107,242140,10,17897,178970,5,159734,798670
228,3600000,1,3600000,120000,2,240000,250,51,12750,50,406,20300,30,1597,47910,20,14710,294200,10,20971,209710,5,181643,908215
227,3600000,0,0,120000,3,360000,250,40,10000,50,318,15900,30,1447,43410,20,12361,247220,10,19230,192300,5,164194,820970
226,3600000,0,0,120000,0,0,250,24,6000,50,207,10350,30,1184,35520,20,10328,206560,10,16354,163540,5,146779,733895
225,3600000,0,0,120000,2,240000,250,29,7250,50,324,16200,30,1479,44370,20,13348,266960,10,19424,194240,5,171169,855845
224,3600000,1,3600000,120000,2,240000,250,28,7000,50,243,12150,30,1229,36870,20,11327,226540,10,18094,180940,5,157991,789955
223,3600000,0,0,120000,2,240000,250,37,9250,50,321,16050,30,1363,40890,20,12676,253520,10,17111,171110,5,162106,810530
222,3600000,1,3600000,120000,1,120000,250,28,7000,50,264,13200,30,1351,40530,20,12270,245400,10,18985,189850,5,169659,848295
221,3600000,0,0,120000,1,120000,250,32,8000,50,378,18900,30,1906,57180,20,14849,296980,10,22508,225080,5,180655,903275
220,3600000,0,0,120000,0,0,250,26,6500,50,189,9450,30,994,29820,20,8880,177600,10,14659,146590,5,131633,658165
219,3600000,0,0,120000,0,0,250,21,5250,50,249,12450,30,1172,35160,20,11020,220400,10,16921,169210,5,151872,759360
218,3600000,1,3600000,120000,2,240000,250,40,10000,50,272,13600,30,1585,47550,20,12028,240560,10,20434,204340,5,158077,790385
217,3600000,0,0,120000,1,120000,250,40,10000,50,386,19300,30,1413,42390,20,11977,239540,10,18896,188960,5,154625,773125
216,3600000,0,0,120000,0,0,250,34,8500,50,296,14800,30,1455,43650,20,12609,252180,10,19312,193120,5,167089,835445
215,3600000,0,0,120000,1,120000,250,24,6000,50,235,11750,30,1124,33720,20,11735,234700,10,16111,161110,5,161221,806105
214,3600000,0,0,120000,3,360000,250,34,8500,50,246,12300,30,1369,41070,20,11847,236940,10,18330,183300,5,161880,809400
213,3600000,0,0,120000,1,120000,250,19,4750,50,238,11900,30,1176,35280,20,10447,208940,10,16480,164800,5,145693,728465
212,3600000,1,3600000,120000,1,120000,250,25,6250,50,295,14750,30,1103,33090,20,12964,259280,10,15639,156390,5,171289,856445
211,3600000,0,0,120000,2,240000,250,35,8750,50,259,12950,30,1213,36390,20,11155,223100,10,17178,171780,5,155682,778410
210,3600000,0,0,120000,4,480000,250,19,4750,50,256,12800,30,1210,36300,20,10951,219020,10,16933,169330,5,154049,770245
209,3600000,0,0,120000,4,480000,250,42,10500,50,327,16350,30,1618,48540,20,13611,272220,10,19432,194320,5,173904,869520
208,3600000,0,0,120000,7,840000,250,64,16000,50,567,28350,30,1751,52530,20,16690,333800,10,20662,206620,5,192935,964675
207,3600000,0,0,120000,4,480000,250,42,10500,50,373,18650,30,1361,40830,20,12783,255660,10,17828,178280,5,167992,839960
206,3600000,1,3600000,120000,1,120000,250,91,22750,50,386,19300,30,1975,59250,20,13744,274880,10,20363,203630,5,174013,870065
205,3600000,1,3600000,120000,0,0,250,36,9000,50,302,15100,30,1416,42480,20,11977,239540,10,18686,186860,5,165959,829795
204,3600000,0,0,120000,7,840000,250,55,13750,50,433,21650,30,1836,55080,20,15661,313220,10,22381,223810,5,188014,940070
203,3600000,0,0,120000,1,120000,250,39,9750,50,305,15250,30,1438,43140,20,13180,263600,10,18488,184880,5,165682,828410
202,3600000,0,0,120000,2,240000,250,37,9250,50,248,12400,30,1376,41280,20,11260,225200,10,19372,193720,5,153449,767245
201,3600000,0,0,120000,2,240000,250,28,7000,50,239,11950,30,1348,40440,20,11411,228220,10,18238,182380,5,158094,790470
200,3600000,0,0,120000,0,0,250,21,5250,50,222,11100,30,1108,33240,20,9544,190880,10,17693,176930,5,138041,690205
199,3600000,0,0,120000,2,240000,250,37,9250,50,410,20500,30,1362,40860,20,13942,278840,10,16866,168660,5,168753,843765
198,3600000,0,0,120000,0,0,250,23,5750,50,302,15100,30,1419,42570,20,13019,260380,10,19433,194330,5,178348,891740
197,3600000,0,0,120000,2,240000,250,18,4500,50,241,12050,30,1158,34740,20,11615,232300,10,16787,167870,5,160179,800895
196,3600000,0,0,120000,1,120000,250,24,6000,50,214,10700,30,1177,35310,20,11227,224540,10,16546,165460,5,155107,775535
195,3600000,0,0,120000,0,0,250,27,6750,50,228,11400,30,1381,41430,20,10553,211060,10,18642,186420,5,144307,721535
194,3600000,0,0,120000,1,120000,250,32,8000,50,215,10750,30,1119,33570,20,10125,202500,10,16024,160240,5,145690,728450
193,3600000,1,3600000,120000,0,0,250,27,6750,50,278,13900,30,1196,35880,20,10863,217260,10,16640,166400,5,145448,727240
192,3600000,0,0,120000,0,0,250,26,6500,50,283,14150,30,1333,39990,20,11711,234220,10,18671,186710,5,161229,806145
191,3600000,0,0,120000,5,600000,250,37,9250,50,287,14350,30,1254,37620,20,11288,225760,10,16966,169660,5,151043,755215
190,3600000,0,0,120000,1,120000,250,33,8250,50,222,11100,30,1193,35790,20,9972,199440,10,16397,163970,5,136810,684050
189,3600000,0,0,120000,0,0,250,27,6750,50,228,11400,30,1190,35700,20,10355,207100,10,15960,159600,5,142317,711585
188,3600000,1,3600000,120000,0,0,250,34,8500,50,358,17900,30,1553,46590,20,14763,295260,10,20905,209050,5,206132,1030660
187,3600000,1,3600000,120000,3,360000,250,27,6750,50,247,12350,30,1213,36390,20,10649,212980,10,16361,163610,5,151067,755335
186,3600000,0,0,120000,1,120000,250,35,8750,50,282,14100,30,1737,52110,20,13214,264280,10,23777,237770,5,185202,926010
185,3600000,0,0,120000,2,240000,250,23,5750,50,193,9650,30,1090,32700,20,9231,184620,10,15449,154490,5,134920,674600
184,3600000,1,3600000,120000,0,0,250,39,9750,50,255,12750,30,1244,37320,20,10865,217300,10,16652,166520,5,143605,718025
183,3600000,0,0,120000,1,120000,250,32,8000,50,282,14100,30,1180,35400,20,10576,211520,10,15932,159320,5,143781,718905
182,3600000,0,0,120000,0,0,250,13,3250,50,226,11300,30,1127,33810,20,9227,184540,10,15796,157960,5,128480,642400
181,3600000,0,0,120000,1,120000,250,24,6000,50,328,16400,30,1365,40950,20,12598,251960,10,17460,174600,5,159417,797085
180,3600000,2,7200000,120000,2,240000,250,29,7250,50,283,14150,30,1235,37050,20,11151,223020,10,16312,163120,5,145713,728565
179,3600000,1,3600000,120000,3,360000,250,25,6250,50,223,11150,30,1120,33600,20,10721,214420,10,16281,162810,5,151684,758420
178,3600000,0,0,120000,1,120000,250,24,6000,50,264,13200,30,1091,32730,20,10176,203520,10,14904,149040,5,143057,715285
177,3600000,0,0,120000,0,0,250,29,7250,50,368,18400,30,1112,33360,20,12856,257120,10,14486,144860,5,159423,797115
176,3600000,0,0,120000,2,240000,250,47,11750,50,320,16000,30,1392,41760,20,12320,246400,10,17765,177650,5,155700,778500
175,3600000,0,0,120000,1,120000,250,29,7250,50,236,11800,30,1213,36390,20,11308,226160,10,16634,166340,5,150931,754655
174,3600000,0,0,120000,1,120000,250,35,8750,50,370,18500,30,1339,40170,20,13564,271280,10,17075,170750,5,164390,821950
173,3600000,0,0,120000,2,240000,250,27,6750,50,227,11350,30,1256,37680,20,10553,211060,10,16599,165990,5,146914,734570
172,3600000,1,3600000,120000,3,360000,250,42,10500,50,479,23950,30,1449,43470,20,15616,312320,10,17024,170240,5,174370,871850
171,3600000,0,0,120000,1,120000,250,12,3000,50,228,11400,30,957,28710,20,9293,185860,10,13253,132530,5,132852,664260
170,3600000,0,0,120000,1,120000,250,24,6000,50,280,14000,30,1193,35790,20,11615,232300,10,16096,160960,5,150172,750860
169,3600000,0,0,120000,3,360000,250,24,6000,50,233,11650,30,1236,37080,20,10518,210360,10,16314,163140,5,139960,699800
168,3600000,0,0,120000,3,360000,250,33,8250,50,281,14050,30,1100,33000,20,11147,222940,10,14590,145900,5,143680,718400
167,3600000,0,0,120000,0,0,250,20,5000,50,208,10400,30,1049,31470,20,8933,178660,10,15481,154810,5,125479,627395
166,3600000,0,0,120000,0,0,250,30,7500,50,345,17250,30,1285,38550,20,12705,254100,10,16557,165570,5,161483,807415
165,3600000,0,0,120000,3,360000,250,47,11750,50,344,17200,30,1336,40080,20,12556,251120,10,16286,162860,5,152925,764625
164,3600000,0,0,120000,0,0,250,28,7000,50,201,10050,30,1101,33030,20,9872,197440,10,15112,151120,5,134246,671230
163,3600000,0,0,120000,0,0,250,23,5750,50,208,10400,30,902,27060,20,8867,177340,10,12088,120880,5,125236,626180
162,3600000,0,0,120000,1,120000,250,35,8750,50,234,11700,30,1335,40050,20,10670,213400,10,17870,178700,5,143557,717785
161,3600000,0,0,120000,0,0,250,32,8000,50,250,12500,30,891,26730,20,10130,202600,10,12265,122650,5,137069,685345
160,3600000,1,3600000,120000,2,240000,250,33,8250,50,300,15000,30,1402,42060,20,11370,227400,10,17741,177410,5,144939,724695
159,3600000,0,0,120000,2,240000,250,17,4250,50,265,13250,30,938,28140,20,10351,207020,10,12460,124600,5,140101,700505
158,3600000,1,3600000,120000,5,600000,250,31,7750,50,292,14600,30,1300,39000,20,10959,219180,10,16685,166850,5,146039,730195
157,3600000,0,0,120000,1,120000,250,33,8250,50,254,12700,30,1245,37350,20,11118,222360,10,16181,161810,5,143642,718210
156,3600000,0,0,120000,1,120000,250,14,3500,50,194,9700,30,1130,33900,20,9554,191080,10,16801,168010,5,139341,696705
155,3600000,0,0,120000,1,120000,250,28,7000,50,223,11150,30,1176,35280,20,9569,191380,10,14819,148190,5,131846,659230
154,3600000,0,0,120000,0,0,250,28,7000,50,277,13850,30,1308,39240,20,11297,225940,10,17807,178070,5,150297,751485
153,3600000,0,0,120000,0,0,250,18,4500,50,194,9700,30,1152,34560,20,9298,185960,10,16148,161480,5,131082,655410
152,3600000,0,0,120000,4,480000,250,40,10000,50,337,16850,30,1694,50820,20,12862,257240,10,20676,206760,5,159018,795090
151,3600000,1,3600000,120000,1,120000,250,21,5250,50,195,9750,30,1107,33210,20,9327,186540,10,15620,156200,5,136278,681390
150,3600000,0,0,120000,1,120000,250,34,8500,50,333,16650,30,1174,35220,20,12122,242440,10,15336,153360,5,155199,775995
149,3600000,0,0,120000,3,360000,250,23,5750,50,260,13000,30,1283,38490,20,10853,217060,10,16672,166720,5,141290,706450
148,3600000,0,0,120000,0,0,250,29,7250,50,217,10850,30,1008,30240,20,8741,174820,10,15185,151850,5,124371,621855
147,3600000,0,0,120000,4,480000,250,52,13000,50,310,15500,30,1635,49050,20,11644,232880,10,20189,201890,5,147316,736580
146,3600000,0,0,120000,0,0,250,23,5750,50,166,8300,30,975,29250,20,9161,183220,10,13958,139580,5,124378,621890
145,3600000,1,3600000,120000,3,360000,250,20,5000,50,213,10650,30,879,26370,20,9776,195520,10,12426,124260,5,136476,682380
144,3600000,0,0,120000,1,120000,250,42,10500,50,391,19550,30,1637,49110,20,14084,281680,10,18501,185010,5,158005,790025
143,3600000,0,0,120000,0,0,250,24,6000,50,283,14150,30,1122,33660,20,11417,228340,10,14136,141360,5,153732,768660
142,3600000,0,0,120000,0,0,250,34,8500,50,207,10350,30,1147,34410,20,9418,188360,10,14972,149720,5,133363,666815
141,3600000,0,0,120000,1,120000,250,43,10750,50,317,15850,30,1540,46200,20,11975,239500,10,19159,191590,5,155489,777445
140,3600000,0,0,120000,0,0,250,28,7000,50,228,11400,30,1056,31680,20,9406,188120,10,14585,145850,5,130162,650810
139,3600000,0,0,120000,1,120000,250,32,8000,50,253,12650,30,1372,41160,20,11644,232880,10,16446,164460,5,156648,783240
138,3600000,0,0,120000,3,360000,250,34,8500,50,350,17500,30,1363,40890,20,12212,244240,10,17358,173580,5,157047,785235
137,3600000,0,0,120000,4,480000,250,42,10500,50,442,22100,30,1468,44040,20,14282,285640,10,16587,165870,5,165412,827060
136,3600000,0,0,120000,0,0,250,46,11500,50,279,13950,30,1743,52290,20,13324,266480,10,20330,203300,5,167548,837740
135,3600000,0,0,120000,0,0,250,35,8750,50,228,11400,30,1250,37500,20,10453,209060,10,18531,185310,5,148515,742575
134,3600000,0,0,120000,1,120000,250,25,6250,50,291,14550,30,1302,39060,20,11386,227720,10,15954,159540,5,147896,739480
133,3600000,0,0,120000,1,120000,250,25,6250,50,219,10950,30,1148,34440,20,10516,210320,10,15909,159090,5,144165,720825
132,3600000,0,0,120000,1,120000,250,29,7250,50,325,16250,30,1326,39780,20,11684,233680,10,17132,171320,5,154139,770695
131,3600000,1,3600000,120000,10,1200000,250,63,15750,50,772,38600,30,1360,40800,20,14229,284580,10,16519,165190,5,162714,813570
130,3600000,0,0,120000,0,0,250,28,7000,50,282,14100,30,1363,40890,20,12684,253680,10,18032,180320,5,161066,805330
129,3600000,0,0,120000,0,0,250,36,9000,50,330,16500,30,1506,45180,20,13009,260180,10,19720,197200,5,165340,826700
128,3600000,0,0,120000,3,360000,250,25,6250,50,267,13350,30,1220,36600,20,11759,235180,10,18274,182740,5,163967,819835
127,3600000,0,0,120000,1,120000,250,19,4750,50,252,12600,30,1151,34530,20,9641,192820,10,15908,159080,5,142381,711905
126,3600000,0,0,120000,2,240000,250,56,14000,50,404,20200,30,1732,51960,20,14210,284200,10,20628,206280,5,169085,845425
125,3600000,0,0,120000,2,240000,250,25,6250,50,224,11200,30,1269,38070,20,9989,199780,10,18611,186110,5,141777,708885
124,3600000,0,0,120000,0,0,250,22,5500,50,202,10100,30,957,28710,20,10251,205020,10,13783,137830,5,150271,751355
123,3600000,0,0,120000,2,240000,250,29,7250,50,258,12900,30,1391,41730,20,11423,228460,10,18503,185030,5,154718,773590
122,3600000,0,0,120000,2,240000,250,38,9500,50,221,11050,30,1076,32280,20,9569,191380,10,15040,150400,5,134056,670280
121,3600000,0,0,120000,3,360000,250,27,6750,50,219,10950,30,1147,34410,20,10590,211800,10,16414,164140,5,146772,733860
120,3600000,0,0,120000,2,240000,250,40,10000,50,354,17700,30,1173,35190,20,11029,220580,10,15184,151840,5,140645,703225
119,3600000,0,0,120000,1,120000,250,26,6500,50,303,15150,30,903,27090,20,10567,211340,10,12929,129290,5,144574,722870
118,3600000,0,0,120000,0,0,250,27,6750,50,260,13000,30,1112,33360,20,9694,193880,10,14518,145180,5,132452,662260
117,3600000,0,0,120000,1,120000,250,36,9000,50,309,15450,30,1106,33180,20,12319,246380,10,13280,132800,5,153294,766470
116,3600000,0,0,120000,2,240000,250,23,5750,50,215,10750,30,1140,34200,20,9492,189840,10,14502,145020,5,128594,642970
115,3600000,3,10800000,120000,1,120000,250,40,10000,50,291,14550,30,1544,46320,20,11387,227740,10,18315,183150,5,136075,680375
114,3600000,0,0,120000,0,0,250,18,4500,50,234,11700,30,1163,34890,20,9209,184180,10,16007,160070,5,125556,627780
113,3600000,0,0,120000,1,120000,250,17,4250,50,167,8350,30,874,26220,20,8456,169120,10,10808,108080,5,117896,589480
112,3600000,0,0,120000,1,120000,250,25,6250,50,232,11600,30,998,29940,20,10165,203300,10,13181,131810,5,133319,666595
111,3600000,0,0,120000,3,360000,250,19,4750,50,194,9700,30,798,23940,20,9358,187160,10,10703,107030,5,120458,602290
110,3600000,1,3600000,120000,0,0,250,27,6750,50,197,9850,30,1039,31170,20,8141,162820,10,12919,129190,5,115598,577990
109,3600000,0,0,120000,0,0,250,15,3750,50,154,7700,30,836,25080,20,7237,144740,10,12065,120650,5,102752,513760
108,3600000,0,0,120000,2,240000,250,39,9750,50,425,21250,30,1336,40080,20,11699,233980,10,14114,141140,5,126805,634025
107,3600000,0,0,120000,1,120000,250,72,18000,50,188,9400,30,1000,30000,20,7130,142600,10,12061,120610,5,95468,477340
106,3600000,0,0,120000,2,240000,250,17,4250,50,191,9550,30,974,29220,20,8097,161940,10,13747,137470,5,112143,560715
105,3600000,0,0,120000,0,0,250,24,6000,50,222,11100,30,932,27960,20,8620,172400,10,11700,117000,5,116189,580945
104,3600000,0,0,120000,2,240000,250,20,5000,50,237,11850,30,926,27780,20,9350,187000,10,12622,126220,5,124242,621210
103,3600000,0,0,120000,1,120000,250,24,6000,50,197,9850,30,877,26310,20,8608,172160,10,12913,129130,5,118221,591105
102,3600000,0,0,120000,0,0,250,29,7250,50,232,11600,30,949,28470,20,9726,194520,10,13103,131030,5,128193,640965
101,3600000,0,0,120000,1,120000,250,25,6250,50,204,10200,30,1028,30840,20,8807,176140,10,13619,136190,5,122894,614470
100,3600000,0,0,120000,2,240000,250,17,4250,50,222,11100,30,1005,30150,20,9538,190760,10,13716,137160,5,128759,643795
99,3600000,0,0,120000,0,0,250,22,5500,50,187,9350,30,898,26940,20,8264,165280,10,12239,122390,5,115778,578890
98,3600000,0,0,120000,2,240000,250,20,5000,50,242,12100,30,1059,31770,20,9133,182660,10,14061,140610,5,122171,610855
97,3600000,0,0,120000,0,0,250,19,4750,50,168,8400,30,859,25770,20,7601,152020,10,11971,119710,5,108052,540260
96,3600000,0,0,120000,1,120000,250,43,10750,50,306,15300,30,1529,45870,20,11394,227880,10,18012,180120,5,138818,694090
95,3600000,0,0,120000,0,0,250,18,4500,50,204,10200,30,948,28440,20,8343,166860,10,13136,131360,5,116842,584210
94,3600000,0,0,120000,1,120000,250,25,6250,50,271,13550,30,948,28440,20,10849,216980,10,12610,126100,5,138049,690245
93,3600000,0,0,120000,0,0,250,23,5750,50,166,8300,30,872,26160,20,7547,150940,10,12546,125460,5,111095,555475
92,3600000,0,0,120000,2,240000,250,24,6000,50,192,9600,30,865,25950,20,8558,171160,10,12094,120940,5,119285,596425
91,3600000,0,0,120000,0,0,250,37,9250,50,289,14450,30,1390,41700,20,10622,212440,10,16461,164610,5,134030,670150
90,3600000,0,0,120000,0,0,250,36,9000,50,241,12050,30,1213,36390,20,9863,197260,10,15582,155820,5,127878,639390
89,3600000,0,0,120000,0,0,250,15,3750,50,228,11400,30,967,29010,20,9352,187040,10,12876,128760,5,124494,622470
88,3600000,1,3600000,120000,1,120000,250,19,4750,50,236,11800,30,1009,30270,20,9587,191740,10,13388,133880,5,130404,652020
87,3600000,0,0,120000,1,120000,250,13,3250,50,252,12600,30,831,24930,20,9694,193880,10,11308,113080,5,128431,642155
86,3600000,0,0,120000,1,120000,250,24,6000,50,204,10200,30,946,28380,20,9210,184200,10,13046,130460,5,127471,637355
85,3600000,1,3600000,120000,0,0,250,26,6500,50,215,10750,30,956,28680,20,9256,185120,10,13272,132720,5,130108,650540
84,3600000,0,0,120000,3,360000,250,21,5250,50,193,9650,30,975,29250,20,9222,184440,10,14358,143580,5,128944,644720
83,3600000,0,0,120000,1,120000,250,40,10000,50,256,12800,30,1282,38460,20,11518,230360,10,16761,167610,5,146191,730955
82,3600000,0,0,120000,0,0,250,15,3750,50,211,10550,30,927,27810,20,8376,167520,10,12955,129550,5,117805,589025
81,3600000,0,0,120000,0,0,250,24,6000,50,240,12000,30,984,29520,20,9924,198480,10,13268,132680,5,130380,651900
80,3600000,1,3600000,120000,2,240000,250,25,6250,50,255,12750,30,851,25530,20,9704,194080,10,11587,115870,5,127178,635890
79,3600000,0,0,120000,0,0,250,33,8250,50,221,11050,30,1113,33390,20,9742,194840,10,14272,142720,5,126690,633450
78,3600000,0,0,120000,1,120000,250,14,3500,50,195,9750,30,875,26250,20,8299,165980,10,12271,122710,5,119355,596775
77,3600000,0,0,120000,1,120000,250,17,4250,50,217,10850,30,986,29580,20,9098,181960,10,13568,135680,5,121915,609575
76,3600000,0,0,120000,3,360000,250,46,11500,50,462,23100,30,1441,43230,20,12575,251500,10,17003,170030,5,142235,711175
75,3600000,0,0,120000,0,0,250,19,4750,50,192,9600,30,967,29010,20,8345,166900,10,13285,132850,5,121624,608120
74,3600000,0,0,120000,3,360000,250,17,4250,50,250,12500,30,1062,31860,20,9663,193260,10,14837,148370,5,131649,658245
73,3600000,0,0,120000,2,240000,250,62,15500,50,334,16700,30,1694,50820,20,11611,232220,10,19354,193540,5,141086,705430
72,3600000,0,0,120000,1,120000,250,25,6250,50,213,10650,30,1211,36330,20,9727,194540,10,16277,162770,5,132104,660520
71,3600000,0,0,120000,0,0,250,28,7000,50,243,12150,30,994,29820,20,9687,193740,10,13538,135380,5,131186,655930
70,3600000,0,0,120000,1,120000,250,34,8500,50,249,12450,30,1091,32730,20,10019,200380,10,15151,151510,5,136586,682930
69,3600000,0,0,120000,1,120000,250,28,7000,50,183,9150,30,986,29580,20,8956,179120,10,13463,134630,5,122768,613840
68,3600000,0,0,120000,0,0,250,26,6500,50,254,12700,30,1129,33870,20,10802,216040,10,15474,154740,5,140650,703250
67,3600000,0,0,120000,2,240000,250,31,7750,50,246,12300,30,989,29670,20,9065,181300,10,12908,129080,5,124404,622020
66,3600000,0,0,120000,0,0,250,18,4500,50,204,10200,30,1025,30750,20,8834,176680,10,14304,143040,5,126097,630485
65,3600000,0,0,120000,1,120000,250,19,4750,50,196,9800,30,944,28320,20,8541,170820,10,13652,136520,5,122353,611765
64,3600000,1,3600000,120000,1,120000,250,40,10000,50,310,15500,30,1486,44580,20,10801,216020,10,18223,182230,5,136463,682315
63,3600000,0,0,120000,1,120000,250,26,6500,50,298,14900,30,1149,34470,20,11098,221960,10,15186,151860,5,138005,690025
62,3600000,0,0,120000,1,120000,250,28,7000,50,246,12300,30,999,29970,20,10243,204860,10,13809,138090,5,136590,682950
61,3600000,0,0,120000,2,240000,250,28,7000,50,386,19300,30,1237,37110,20,12878,257560,10,15212,152120,5,152708,763540
60,3600000,0,0,120000,3,360000,250,36,9000,50,298,14900,30,1268,38040,20,12628,252560,10,16151,161510,5,160718,803590
59,3600000,0,0,120000,2,240000,250,36,9000,50,378,18900,30,1057,31710,20,10738,214760,10,14228,142280,5,138504,692520
58,3600000,0,0,120000,0,0,250,33,8250,50,248,12400,30,1071,32130,20,10514,210280,10,14732,147320,5,145604,728020
57,3600000,0,0,120000,1,120000,250,19,4750,50,279,13950,30,1067,32010,20,11180,223600,10,14553,145530,5,149300,746500
56,3600000,0,0,120000,0,0,250,23,5750,50,267,13350,30,1421,42630,20,11650,233000,10,17838,178380,5,151674,758370
55,3600000,0,0,120000,0,0,250,26,6500,50,237,11850,30,1144,34320,20,9927,198540,10,15870,158700,5,137776,688880
54,3600000,0,0,120000,0,0,250,20,5000,50,223,11150,30,1033,30990,20,9205,184100,10,14867,148670,5,132508,662540
53,3600000,0,0,120000,1,120000,250,22,5500,50,261,13050,30,1070,32100,20,11218,224360,10,14752,147520,5,148291,741455
52,3600000,0,0,120000,3,360000,250,27,6750,50,233,11650,30,1135,34050,20,10323,206460,10,15943,159430,5,141284,706420
51,3600000,1,3600000,120000,1,120000,250,43,10750,50,343,17150,30,1772,53160,20,13426,268520,10,20946,209460,5,162957,814785
50,3600000,0,0,120000,2,240000,250,25,6250,50,278,13900,30,1178,35340,20,10897,217940,10,16744,167440,5,152517,762585
49,3600000,0,0,120000,2,240000,250,35,8750,50,220,11000,30,1142,34260,20,10071,201420,10,14798,147980,5,142413,712065
48,3600000,0,0,120000,0,0,250,31,7750,50,263,13150,30,1428,42840,20,10930,218600,10,18301,183010,5,144840,724200
47,3600000,2,7200000,120000,0,0,250,35,8750,50,254,12700,30,1127,33810,20,9723,194460,10,15254,152540,5,129630,648150
46,3600000,0,0,120000,0,0,250,17,4250,50,217,10850,30,1053,31590,20,9184,183680,10,15292,152920,5,129426,647130
45,3600000,0,0,120000,2,240000,250,42,10500,50,273,13650,30,1148,34440,20,10543,210860,10,16045,160450,5,136468,682340
44,3600000,0,0,120000,3,360000,250,26,6500,50,256,12800,30,1207,36210,20,11177,223540,10,16022,160220,5,143173,715865
43,3600000,1,3600000,120000,4,480000,250,22,5500,50,206,10300,30,1145,34350,20,9388,187760,10,15948,159480,5,129036,645180
42,3600000,0,0,120000,0,0,250,21,5250,50,236,11800,30,1034,31020,20,9501,190020,10,14385,143850,5,126633,633165
41,3600000,0,0,120000,1,120000,250,21,5250,50,222,11100,30,1030,30900,20,8684,173680,10,14181,141810,5,116355,581775
40,3600000,0,0,120000,3,360000,250,20,5000,50,189,9450,30,993,29790,20,8485,169700,10,13671,136710,5,117349,586745
39,3600000,1,3600000,120000,1,120000,250,25,6250,50,221,11050,30,944,28320,20,8382,167640,10,12999,129990,5,113685,568425
38,3600000,0,0,120000,0,0,250,17,4250,50,192,9600,30,849,25470,20,8755,175100,10,11900,119000,5,117926,589630
37,3600000,0,0,120000,2,240000,250,24,6000,50,246,12300,30,985,29550,20,9833,196660,10,13390,133900,5,124833,624165
36,3600000,0,0,120000,1,120000,250,18,4500,50,243,12150,30,1036,31080,20,9070,181400,10,14307,143070,5,121458,607290
35,3600000,0,0,120000,1,120000,250,21,5250,50,211,10550,30,1183,35490,20,9573,191460,10,14814,148140,5,121182,605910
34,3600000,0,0,120000,1,120000,250,18,4500,50,199,9950,30,862,25860,20,8705,174100,10,12586,125860,5,121268,606340
33,3600000,0,0,120000,3,360000,250,24,6000,50,216,10800,30,1029,30870,20,9057,181140,10,13557,135570,5,119054,595270
32,3600000,0,0,120000,1,120000,250,14,3500,50,174,8700,30,868,26040,20,7763,155260,10,12128,121280,5,110592,552960
31,3600000,0,0,120000,1,120000,250,27,6750,50,228,11400,30,1053,31590,20,8804,176080,10,13686,136860,5,120368,601840
30,3600000,0,0,120000,0,0,250,25,6250,50,216,10800,30,1046,31380,20,8384,167680,10,14432,144320,5,116602,583010
29,3600000,0,0,120000,0,0,250,21,5250,50,197,9850,30,960,28800,20,8476,169520,10,12523,125230,5,112110,560550
28,3600000,0,0,120000,2,240000,250,24,6000,50,211,10550,30,991,29730,20,8144,162880,10,13986,139860,5,112028,560140
27,3600000,0,0,120000,1,120000,250,38,9500,50,280,14000,30,1253,37590,20,9579,191580,10,14586,145860,5,119587,597935
26,3600000,0,0,120000,2,240000,250,32,8000,50,197,9850,30,987,29610,20,8909,178180,10,13547,135470,5,118858,594290
25,3600000,0,0,120000,0,0,250,20,5000,50,161,8050,30,796,23880,20,7460,149200,10,11628,116280,5,104078,520390
24,3600000,1,3600000,120000,0,0,250,29,7250,50,242,12100,30,977,29310,20,9886,197720,10,12731,127310,5,127700,638500
23,3600000,0,0,120000,3,360000,250,25,6250,50,212,10600,30,1098,32940,20,8494,169880,10,13559,135590,5,113792,568960
22,3600000,0,0,120000,1,120000,250,27,6750,50,263,13150,30,983,29490,20,10076,201520,10,13155,131550,5,130899,654495
21,3600000,0,0,120000,2,240000,250,26,6500,50,184,9200,30,903,27090,20,7963,159260,10,12239,122390,5,110305,551525
20,3600000,0,0,3600000,2,7200000,250,28,7000,50,179,8950,30,996,29880,20,8636,172720,10,13762,137620,5,119583,597915
19,3600000,0,0,120000,1,120000,250,26,6500,50,243,12150,30,1037,31110,20,9423,188460,10,13993,139930,5,122363,611815
18,3600000,0,0,120000,2,240000,250,28,7000,50,185,9250,30,899,26970,20,8226,164520,10,12516,125160,5,113839,569195
17,3600000,0,0,120000,2,240000,250,21,5250,50,225,11250,30,1011,30330,20,8945,178900,10,13311,133110,5,117404,587020
16,3600000,0,0,120000,2,240000,250,26,6500,50,294,14700,30,1120,33600,20,10198,203960,10,13802,138020,5,127157,635785
15,3600000,0,0,120000,0,0,250,23,5750,50,199,9950,30,1011,30330,20,9040,180800,10,14121,141210,5,123859,619295
14,3600000,0,0,120000,1,120000,250,22,5500,50,213,10650,30,1028,30840,20,9616,192320,10,13681,136810,5,134619,673095
13,3600000,0,0,120000,2,240000,250,26,6500,50,272,13600,30,1078,32340,20,10007,200140,10,13767,137670,5,125301,626505
12,3600000,0,0,120000,1,120000,250,15,3750,50,215,10750,30,917,27510,20,8645,172900,10,13584,135840,5,117966,589830
11,3600000,0,0,120000,1,120000,250,29,7250,50,196,9800,30,899,26970,20,8781,175620,10,12226,122260,5,111035,555175
10,3600000,0,0,120000,3,360000,250,26,6500,50,304,15200,30,1347,40410,20,11027,220540,10,16241,162410,5,135863,679315
9,3600000,0,0,120000,0,0,250,26,6500,50,213,10650,30,969,29070,20,8288,165760,10,12967,129670,5,113763,568815
8,3600000,0,0,120000,0,0,250,21,5250,50,190,9500,30,913,27390,20,8562,171240,10,13806,138060,5,125733,628665
7,3600000,0,0,120000,1,120000,250,17,4250,50,227,11350,30,1125,33750,20,9908,198160,10,13906,139060,5,124192,620960
6,3600000,0,0,120000,1,120000,250,16,4000,50,189,9450,30,930,27900,20,8360,167200,10,13028,130280,5,116669,583345
5,3600000,0,0,120000,1,120000,250,31,7750,50,210,10500,30,1026,30780,20,8699,173980,10,14584,145840,5,118151,590755
4,3600000,0,0,120000,0,0,250,29,7250,50,223,11150,30,1034,31020,20,9146,182920,10,14094,140940,5,124477,622385
3,3600000,0,0,120000,0,0,250,32,8000,50,315,15750,30,998,29940,20,10768,215360,10,13419,134190,5,132090,660450
2,3600000,0,0,120000,1,120000,250,23,5750,50,201,10050,30,1037,31110,20,9012,180240,10,13343,133430,5,121014,605070
1,3600000,0,0,120000,2,240000,250,17,4250,50,181,9050,30,956,28680,20,8632,172640,10,12045,120450,5,115167,575835
